Using launch settings from C:\Jabjai\SB_Ai_Supportroom\src\SupportRoom.Api\Properties\launchSettings.json...
[2026-08-08 03:05:07.843 DBG] [] Microsoft.Extensions.Hosting.Internal.Host: Hosting starting
[2026-08-08 03:05:07.934 INF] [] Microsoft.Hosting.Lifetime: Now listening on: http://localhost:5138
[2026-08-08 03:05:07.936 INF] [] Microsoft.Hosting.Lifetime: Application started. Press Ctrl+C to shut down.
[2026-08-08 03:05:07.936 INF] [] Microsoft.Hosting.Lifetime: Hosting environment: Development
[2026-08-08 03:05:07.936 INF] [] Microsoft.Hosting.Lifetime: Content root path: C:\Jabjai\SB_Ai_Supportroom\src\SupportRoom.Api
[2026-08-08 03:05:07.939 DBG] [] Microsoft.Extensions.Hosting.Internal.Host: Hosting started
[2026-08-08 03:05:12.390 WRN] [0HNNKNSO8HTMH:00000001] Microsoft.AspNetCore.HttpsPolicy.HttpsRedirectionMiddleware: Failed to determine the https port for redirect.
[2026-08-08 03:05:12.486 DBG] [0HNNKNSO8HTMH:00000001] Microsoft.EntityFrameworkCore.Infrastructure: An 'IServiceProvider' was created for internal use by Entity Framework.
[2026-08-08 03:05:12.521 INF] [0HNNKNSO8HTMH:00000001] Serilog.AspNetCore.RequestLoggingMiddleware: HTTP GET /api/health responded 200 in 126.6409 ms
[2026-08-08 03:05:12.600 INF] [0HNNKNSO8HTMI:00000001] Serilog.AspNetCore.RequestLoggingMiddleware: HTTP GET /api/health responded 200 in 14.3932 ms
[2026-08-08 03:06:14.915 DBG] [0HNNKNSO8HTMJ:00000001] Microsoft.EntityFrameworkCore.Model: The index {'LessonConfigId'} was not created on entity type 'SlideConfig' as the properties are already covered by the index {'LessonConfigId', '__synthesizedOrdinal'}.
[2026-08-08 03:06:15.028 DBG] [0HNNKNSO8HTMJ:00000001] Microsoft.EntityFrameworkCore.Model.Validation: The property 'SlideConfig.LessonConfigId' was created in shadow state because there are no eligible CLR members with a matching name.
[2026-08-08 03:06:15.029 DBG] [0HNNKNSO8HTMJ:00000001] Microsoft.EntityFrameworkCore.Model.Validation: The property 'SlideConfig.__synthesizedOrdinal' was created in shadow state because there are no eligible CLR members with a matching name.
[2026-08-08 03:06:15.112 DBG] [0HNNKNSO8HTMJ:00000001] Microsoft.EntityFrameworkCore.Infrastructure: Entity Framework Core 10.0.10 initialized 'ApplicationDbContext' using provider 'Npgsql.EntityFrameworkCore.PostgreSQL:10.0.3+5e912bf071068a44e5abbdab497b313ba99d3ee1' with options: None
[2026-08-08 03:06:15.155 DBG] [0HNNKNSO8HTMJ:00000001] Microsoft.EntityFrameworkCore.Query: Compiling query expression: 
'DbSet<TrainingSession>()
    .OrderByDescending(x => x.CreateDate)'
[2026-08-08 03:06:15.411 DBG] [0HNNKNSO8HTMJ:00000001] Microsoft.EntityFrameworkCore.Query: Generated query execution expression: 
'queryContext => SingleQueryingEnumerable.Create<TrainingSession>(
    relationalQueryContext: (RelationalQueryContext)queryContext, 
    relationalCommandResolver: parameters => [LIFTABLE Constant: RelationalCommandCache.QueryExpression(
        Projection Mapping:
            EmptyProjectionMember -> Dictionary<IPropertyBase, int> { [Property: TrainingSession.Id (string) Required PK AfterSave:Throw, 0], [Property: TrainingSession.CompletedAllSlides (bool) Required, 1], [Property: TrainingSession.CreateBy (string), 2], [Property: TrainingSession.CreateDate (DateTime) Required, 3], [Property: TrainingSession.DeleteBy (string), 4], [Property: TrainingSession.DeletedAt (DateTime?), 5], [Property: TrainingSession.EndedAt (DateTime?), 6], [Property: TrainingSession.ExpiresAt (DateTime) Required, 7], [Property: TrainingSession.IsDelete (bool) Required, 8], [Property: TrainingSession.LastSlideObjectId (string), 9], [Property: TrainingSession.LessonId (string) Required, 10], [Property: TrainingSession.LessonSlug (string) Required, 11], [Property: TrainingSession.SchoolName (string), 12], [Property: TrainingSession.StartedAt (DateTime?), 13], [Property: TrainingSession.Status (string) Required, 14], [Property: TrainingSession.TeacherName (string), 15], [Property: TrainingSession.Token (string) Required Index, 16], [Property: TrainingSession.UpdateBy (string), 17], [Property: TrainingSession.UpdateDate (DateTime?), 18] }
        SELECT t.Id, t.CompletedAllSlides, t.CreateBy, t.CreateDate, t.DeleteBy, t.DeletedAt, t.EndedAt, t.ExpiresAt, t.IsDelete, t.LastSlideObjectId, t.LessonId, t.LessonSlug, t.SchoolName, t.StartedAt, t.Status, t.TeacherName, t.Token, t.UpdateBy, t.UpdateDate
        FROM TrainingSession AS t
        ORDER BY t.CreateDate DESC) | Resolver: c => new RelationalCommandCache(
        c.Dependencies.MemoryCache, 
        c.RelationalDependencies.QuerySqlGeneratorFactory, 
        c.RelationalDependencies.RelationalParameterBasedSqlProcessorFactory, 
        Projection Mapping:
            EmptyProjectionMember -> Dictionary<IPropertyBase, int> { [Property: TrainingSession.Id (string) Required PK AfterSave:Throw, 0], [Property: TrainingSession.CompletedAllSlides (bool) Required, 1], [Property: TrainingSession.CreateBy (string), 2], [Property: TrainingSession.CreateDate (DateTime) Required, 3], [Property: TrainingSession.DeleteBy (string), 4], [Property: TrainingSession.DeletedAt (DateTime?), 5], [Property: TrainingSession.EndedAt (DateTime?), 6], [Property: TrainingSession.ExpiresAt (DateTime) Required, 7], [Property: TrainingSession.IsDelete (bool) Required, 8], [Property: TrainingSession.LastSlideObjectId (string), 9], [Property: TrainingSession.LessonId (string) Required, 10], [Property: TrainingSession.LessonSlug (string) Required, 11], [Property: TrainingSession.SchoolName (string), 12], [Property: TrainingSession.StartedAt (DateTime?), 13], [Property: TrainingSession.Status (string) Required, 14], [Property: TrainingSession.TeacherName (string), 15], [Property: TrainingSession.Token (string) Required Index, 16], [Property: TrainingSession.UpdateBy (string), 17], [Property: TrainingSession.UpdateDate (DateTime?), 18] }
        SELECT t.Id, t.CompletedAllSlides, t.CreateBy, t.CreateDate, t.DeleteBy, t.DeletedAt, t.EndedAt, t.ExpiresAt, t.IsDelete, t.LastSlideObjectId, t.LessonId, t.LessonSlug, t.SchoolName, t.StartedAt, t.Status, t.TeacherName, t.Token, t.UpdateBy, t.UpdateDate
        FROM TrainingSession AS t
        ORDER BY t.CreateDate DESC, 
        False, 
        Parameter
    )].GetRelationalCommandTemplate(parameters), 
    readerColumns: null, 
    shaper: (queryContext, dataReader, resultContext, resultCoordinator) => 
    {
        TrainingSession entity;
        entity = 
        {
            MaterializationContext materializationContext1;
            IEntityType entityType1;
            TrainingSession instance1;
            InternalEntityEntry entry1;
            bool hasNullKey1;
            materializationContext1 = new MaterializationContext(
                [LIFTABLE Constant: ValueBuffer | Resolver: _ => (object)ValueBuffer.Empty], 
                queryContext.Context
            );
            instance1 = default(TrainingSession);
            entry1 = queryContext.TryGetEntry(
                key: [LIFTABLE Constant: Key: TrainingSession.Id PK | Resolver: c => c.Dependencies.Model.FindEntityType("SupportRoom.Domain.Entities.TrainingSession").FindPrimaryKey()], 
                keyValues: new object[]{ (object)dataReader.GetString(0) }, 
                throwOnNullKey: True, 
                hasNullKey: hasNullKey1);
            !(hasNullKey1) ? entry1 != default(InternalEntityEntry) ? 
            {
                entityType1 = entry1.EntityType;
                return instance1 = (TrainingSession)entry1.Entity;
            } : 
            {
                ISnapshot shadowSnapshot1;
                shadowSnapshot1 = [LIFTABLE Constant: Snapshot | Resolver: _ => Snapshot.Empty];
                entityType1 = [LIFTABLE Constant: EntityType: TrainingSession | Resolver: namelessParameter{0} => namelessParameter{0}.Dependencies.Model.FindEntityType("SupportRoom.Domain.Entities.TrainingSession")];
                instance1 = switch (entityType1)
                {
                    case [LIFTABLE Constant: EntityType: TrainingSession | Resolver: namelessParameter{1} => namelessParameter{1}.Dependencies.Model.FindEntityType("SupportRoom.Domain.Entities.TrainingSession")]: 
                        {
                            return 
                            {
                                TrainingSession instance;
                                instance = new TrainingSession();
                                instance.<Id>k__BackingField = dataReader.GetString(0);
                                instance.<CompletedAllSlides>k__BackingField = dataReader.GetBoolean(1);
                                instance.<CreateBy>k__BackingField = dataReader.IsDBNull(2) ? default(string) : dataReader.GetString(2);
                                instance.<CreateDate>k__BackingField = dataReader.GetDateTime(3);
                                instance.<DeleteBy>k__BackingField = dataReader.IsDBNull(4) ? default(string) : dataReader.GetString(4);
                                instance.<DeletedAt>k__BackingField = dataReader.IsDBNull(5) ? default(DateTime?) : (DateTime?)dataReader.GetDateTime(5);
                                instance.<EndedAt>k__BackingField = dataReader.IsDBNull(6) ? default(DateTime?) : (DateTime?)dataReader.GetDateTime(6);
                                instance.<ExpiresAt>k__BackingField = dataReader.GetDateTime(7);
                                instance.<IsDelete>k__BackingField = dataReader.GetBoolean(8);
                                instance.<LastSlideObjectId>k__BackingField = dataReader.IsDBNull(9) ? default(string) : dataReader.GetString(9);
                                instance.<LessonId>k__BackingField = dataReader.GetString(10);
                                instance.<LessonSlug>k__BackingField = dataReader.GetString(11);
                                instance.<SchoolName>k__BackingField = dataReader.IsDBNull(12) ? default(string) : dataReader.GetString(12);
                                instance.<StartedAt>k__BackingField = dataReader.IsDBNull(13) ? default(DateTime?) : (DateTime?)dataReader.GetDateTime(13);
                                instance.<Status>k__BackingField = dataReader.GetString(14);
                                instance.<TeacherName>k__BackingField = dataReader.IsDBNull(15) ? default(string) : dataReader.GetString(15);
                                instance.<Token>k__BackingField = dataReader.GetString(16);
                                instance.<UpdateBy>k__BackingField = dataReader.IsDBNull(17) ? default(string) : dataReader.GetString(17);
                                instance.<UpdateDate>k__BackingField = dataReader.IsDBNull(18) ? default(DateTime?) : (DateTime?)dataReader.GetDateTime(18);
                                (instance is IInjectableService) ? ((IInjectableService)instance).Injected(
                                    context: materializationContext1.Context, 
                                    entity: instance, 
                                    queryTrackingBehavior: TrackAll, 
                                    structuralType: [LIFTABLE Constant: EntityType: TrainingSession | Resolver: namelessParameter{2} => namelessParameter{2}.Dependencies.Model.FindEntityType("SupportRoom.Domain.Entities.TrainingSession")]) : default(void);
                                return instance;
                            }}
                    default: 
                        default(TrainingSession)
                }
                ;
                entry1 = entityType1 == default(IEntityType) ? default(InternalEntityEntry) : queryContext.StartTracking(
                    entityType: entityType1, 
                    entity: instance1, 
                    snapshot: shadowSnapshot1);
                return instance1;
            } : default(void);
            return instance1;
        };
        return entity;
    }, 
    contextType: SupportRoom.Providers.Data.Data.ApplicationDbContext, 
    standAloneStateManager: False, 
    detailedErrorsEnabled: False, 
    threadSafetyChecksEnabled: True)'
[2026-08-08 03:06:15.436 DBG] [0HNNKNSO8HTMJ:00000001] Microsoft.EntityFrameworkCore.Database.Connection: Creating DbConnection.
[2026-08-08 03:06:15.464 DBG] [0HNNKNSO8HTMJ:00000001] Microsoft.EntityFrameworkCore.Database.Connection: Created DbConnection. (27ms).
[2026-08-08 03:06:15.467 DBG] [0HNNKNSO8HTMJ:00000001] Microsoft.EntityFrameworkCore.Database.Connection: Opening connection to database 'supportroom' on server 'tcp://localhost:5432'.
[2026-08-08 03:06:15.608 DBG] [0HNNKNSO8HTMJ:00000001] Microsoft.EntityFrameworkCore.Database.Connection: Opened connection to database 'supportroom' on server 'tcp://localhost:5432'.
[2026-08-08 03:06:15.610 DBG] [0HNNKNSO8HTMJ:00000001] Microsoft.EntityFrameworkCore.Database.Command: Creating DbCommand for 'ExecuteReader'.
[2026-08-08 03:06:15.615 DBG] [0HNNKNSO8HTMJ:00000001] Microsoft.EntityFrameworkCore.Database.Command: Created DbCommand for 'ExecuteReader' (2ms).
[2026-08-08 03:06:15.617 DBG] [0HNNKNSO8HTMJ:00000001] Microsoft.EntityFrameworkCore.Database.Command: Initialized DbCommand for 'ExecuteReader' (6ms).
[2026-08-08 03:06:15.622 DBG] [0HNNKNSO8HTMJ:00000001] Microsoft.EntityFrameworkCore.Database.Command: Executing DbCommand [Parameters=[], CommandType='Text', CommandTimeout='30']
SELECT t."Id", t."CompletedAllSlides", t."CreateBy", t."CreateDate", t."DeleteBy", t."DeletedAt", t."EndedAt", t."ExpiresAt", t."IsDelete", t."LastSlideObjectId", t."LessonId", t."LessonSlug", t."SchoolName", t."StartedAt", t."Status", t."TeacherName", t."Token", t."UpdateBy", t."UpdateDate"
FROM "TrainingSession" AS t
ORDER BY t."CreateDate" DESC
[2026-08-08 03:06:15.644 INF] [0HNNKNSO8HTMJ:00000001] Microsoft.EntityFrameworkCore.Database.Command: Executed DbCommand (22ms) [Parameters=[], CommandType='Text', CommandTimeout='30']
SELECT t."Id", t."CompletedAllSlides", t."CreateBy", t."CreateDate", t."DeleteBy", t."DeletedAt", t."EndedAt", t."ExpiresAt", t."IsDelete", t."LastSlideObjectId", t."LessonId", t."LessonSlug", t."SchoolName", t."StartedAt", t."Status", t."TeacherName", t."Token", t."UpdateBy", t."UpdateDate"
FROM "TrainingSession" AS t
ORDER BY t."CreateDate" DESC
[2026-08-08 03:06:15.713 DBG] [0HNNKNSO8HTMJ:00000001] Microsoft.EntityFrameworkCore.ChangeTracking: Context 'ApplicationDbContext' started tracking 'TrainingSession' entity. Consider using 'DbContextOptionsBuilder.EnableSensitiveDataLogging' to see key values.
[2026-08-08 03:06:15.753 DBG] [0HNNKNSO8HTMJ:00000001] Microsoft.EntityFrameworkCore.ChangeTracking: Context 'ApplicationDbContext' started tracking 'TrainingSession' entity. Consider using 'DbContextOptionsBuilder.EnableSensitiveDataLogging' to see key values.
[2026-08-08 03:06:15.756 DBG] [0HNNKNSO8HTMJ:00000001] Microsoft.EntityFrameworkCore.Database.Command: Closing data reader to 'supportroom' on server 'tcp://localhost:5432'.
[2026-08-08 03:06:15.763 DBG] [0HNNKNSO8HTMJ:00000001] Microsoft.EntityFrameworkCore.Database.Command: A data reader for 'supportroom' on server 'tcp://localhost:5432' is being disposed after spending 115ms reading results.
[2026-08-08 03:06:15.764 DBG] [0HNNKNSO8HTMJ:00000001] Microsoft.EntityFrameworkCore.Database.Connection: Closing connection to database 'supportroom' on server 'tcp://localhost:5432'.
[2026-08-08 03:06:15.768 DBG] [0HNNKNSO8HTMJ:00000001] Microsoft.EntityFrameworkCore.Database.Connection: Closed connection to database 'supportroom' on server 'tcp://localhost:5432' (3ms).
[2026-08-08 03:06:15.849 INF] [0HNNKNSO8HTMJ:00000001] Serilog.AspNetCore.RequestLoggingMiddleware: HTTP GET /api/sessions responded 200 in 1392.9118 ms
[2026-08-08 03:06:15.851 DBG] [] Microsoft.EntityFrameworkCore.Infrastructure: 'ApplicationDbContext' disposed.
[2026-08-08 03:06:15.854 DBG] [] Microsoft.EntityFrameworkCore.Database.Connection: Disposing connection to database 'supportroom' on server 'tcp://localhost:5432'.
[2026-08-08 03:06:15.857 DBG] [] Microsoft.EntityFrameworkCore.Database.Connection: Disposed connection to database 'supportroom' on server 'tcp://localhost:5432' (2ms).
[2026-08-08 03:06:21.276 DBG] [0HNNKNSO8HTMJ:00000002] Microsoft.EntityFrameworkCore.Infrastructure: Entity Framework Core 10.0.10 initialized 'ApplicationDbContext' using provider 'Npgsql.EntityFrameworkCore.PostgreSQL:10.0.3+5e912bf071068a44e5abbdab497b313ba99d3ee1' with options: None
[2026-08-08 03:06:21.282 DBG] [0HNNKNSO8HTMJ:00000002] Microsoft.EntityFrameworkCore.Database.Connection: Creating DbConnection.
[2026-08-08 03:06:21.282 DBG] [0HNNKNSO8HTMJ:00000002] Microsoft.EntityFrameworkCore.Database.Connection: Created DbConnection. (0ms).
[2026-08-08 03:06:21.282 DBG] [0HNNKNSO8HTMJ:00000002] Microsoft.EntityFrameworkCore.Database.Connection: Opening connection to database 'supportroom' on server 'tcp://localhost:5432'.
[2026-08-08 03:06:21.282 DBG] [0HNNKNSO8HTMJ:00000002] Microsoft.EntityFrameworkCore.Database.Connection: Opened connection to database 'supportroom' on server 'tcp://localhost:5432'.
[2026-08-08 03:06:21.282 DBG] [0HNNKNSO8HTMJ:00000002] Microsoft.EntityFrameworkCore.Database.Command: Creating DbCommand for 'ExecuteReader'.
[2026-08-08 03:06:21.283 DBG] [0HNNKNSO8HTMJ:00000002] Microsoft.EntityFrameworkCore.Database.Command: Created DbCommand for 'ExecuteReader' (0ms).
[2026-08-08 03:06:21.283 DBG] [0HNNKNSO8HTMJ:00000002] Microsoft.EntityFrameworkCore.Database.Command: Initialized DbCommand for 'ExecuteReader' (0ms).
[2026-08-08 03:06:21.283 DBG] [0HNNKNSO8HTMJ:00000002] Microsoft.EntityFrameworkCore.Database.Command: Executing DbCommand [Parameters=[], CommandType='Text', CommandTimeout='30']
SELECT t."Id", t."CompletedAllSlides", t."CreateBy", t."CreateDate", t."DeleteBy", t."DeletedAt", t."EndedAt", t."ExpiresAt", t."IsDelete", t."LastSlideObjectId", t."LessonId", t."LessonSlug", t."SchoolName", t."StartedAt", t."Status", t."TeacherName", t."Token", t."UpdateBy", t."UpdateDate"
FROM "TrainingSession" AS t
ORDER BY t."CreateDate" DESC
[2026-08-08 03:06:21.285 INF] [0HNNKNSO8HTMJ:00000002] Microsoft.EntityFrameworkCore.Database.Command: Executed DbCommand (2ms) [Parameters=[], CommandType='Text', CommandTimeout='30']
SELECT t."Id", t."CompletedAllSlides", t."CreateBy", t."CreateDate", t."DeleteBy", t."DeletedAt", t."EndedAt", t."ExpiresAt", t."IsDelete", t."LastSlideObjectId", t."LessonId", t."LessonSlug", t."SchoolName", t."StartedAt", t."Status", t."TeacherName", t."Token", t."UpdateBy", t."UpdateDate"
FROM "TrainingSession" AS t
ORDER BY t."CreateDate" DESC
[2026-08-08 03:06:21.285 DBG] [0HNNKNSO8HTMJ:00000002] Microsoft.EntityFrameworkCore.ChangeTracking: Context 'ApplicationDbContext' started tracking 'TrainingSession' entity. Consider using 'DbContextOptionsBuilder.EnableSensitiveDataLogging' to see key values.
[2026-08-08 03:06:21.285 DBG] [0HNNKNSO8HTMJ:00000002] Microsoft.EntityFrameworkCore.ChangeTracking: Context 'ApplicationDbContext' started tracking 'TrainingSession' entity. Consider using 'DbContextOptionsBuilder.EnableSensitiveDataLogging' to see key values.
[2026-08-08 03:06:21.285 DBG] [0HNNKNSO8HTMJ:00000002] Microsoft.EntityFrameworkCore.Database.Command: Closing data reader to 'supportroom' on server 'tcp://localhost:5432'.
[2026-08-08 03:06:21.285 DBG] [0HNNKNSO8HTMJ:00000002] Microsoft.EntityFrameworkCore.Database.Command: A data reader for 'supportroom' on server 'tcp://localhost:5432' is being disposed after spending 0ms reading results.
[2026-08-08 03:06:21.285 DBG] [0HNNKNSO8HTMJ:00000002] Microsoft.EntityFrameworkCore.Database.Connection: Closing connection to database 'supportroom' on server 'tcp://localhost:5432'.
[2026-08-08 03:06:21.286 DBG] [0HNNKNSO8HTMJ:00000002] Microsoft.EntityFrameworkCore.Database.Connection: Closed connection to database 'supportroom' on server 'tcp://localhost:5432' (0ms).
[2026-08-08 03:06:21.286 INF] [0HNNKNSO8HTMJ:00000002] Serilog.AspNetCore.RequestLoggingMiddleware: HTTP GET /api/sessions responded 200 in 100.1719 ms
[2026-08-08 03:06:21.286 DBG] [] Microsoft.EntityFrameworkCore.Infrastructure: 'ApplicationDbContext' disposed.
[2026-08-08 03:06:21.286 DBG] [] Microsoft.EntityFrameworkCore.Database.Connection: Disposing connection to database 'supportroom' on server 'tcp://localhost:5432'.
[2026-08-08 03:06:21.286 DBG] [] Microsoft.EntityFrameworkCore.Database.Connection: Disposed connection to database 'supportroom' on server 'tcp://localhost:5432' (0ms).
[2026-08-08 03:06:26.778 DBG] [0HNNKNSO8HTMK:00000001] Microsoft.EntityFrameworkCore.Infrastructure: Entity Framework Core 10.0.10 initialized 'ApplicationDbContext' using provider 'Npgsql.EntityFrameworkCore.PostgreSQL:10.0.3+5e912bf071068a44e5abbdab497b313ba99d3ee1' with options: None
[2026-08-08 03:06:26.787 DBG] [0HNNKNSO8HTMK:00000001] Microsoft.EntityFrameworkCore.Database.Connection: Creating DbConnection.
[2026-08-08 03:06:26.788 DBG] [0HNNKNSO8HTMK:00000001] Microsoft.EntityFrameworkCore.Database.Connection: Created DbConnection. (0ms).
[2026-08-08 03:06:26.788 DBG] [0HNNKNSO8HTMK:00000001] Microsoft.EntityFrameworkCore.Database.Connection: Opening connection to database 'supportroom' on server 'tcp://localhost:5432'.
[2026-08-08 03:06:26.788 DBG] [0HNNKNSO8HTMK:00000001] Microsoft.EntityFrameworkCore.Database.Connection: Opened connection to database 'supportroom' on server 'tcp://localhost:5432'.
[2026-08-08 03:06:26.788 DBG] [0HNNKNSO8HTMK:00000001] Microsoft.EntityFrameworkCore.Database.Command: Creating DbCommand for 'ExecuteReader'.
[2026-08-08 03:06:26.788 DBG] [0HNNKNSO8HTMK:00000001] Microsoft.EntityFrameworkCore.Database.Command: Created DbCommand for 'ExecuteReader' (0ms).
[2026-08-08 03:06:26.788 DBG] [0HNNKNSO8HTMK:00000001] Microsoft.EntityFrameworkCore.Database.Command: Initialized DbCommand for 'ExecuteReader' (0ms).
[2026-08-08 03:06:26.788 DBG] [0HNNKNSO8HTMK:00000001] Microsoft.EntityFrameworkCore.Database.Command: Executing DbCommand [Parameters=[], CommandType='Text', CommandTimeout='30']
SELECT t."Id", t."CompletedAllSlides", t."CreateBy", t."CreateDate", t."DeleteBy", t."DeletedAt", t."EndedAt", t."ExpiresAt", t."IsDelete", t."LastSlideObjectId", t."LessonId", t."LessonSlug", t."SchoolName", t."StartedAt", t."Status", t."TeacherName", t."Token", t."UpdateBy", t."UpdateDate"
FROM "TrainingSession" AS t
ORDER BY t."CreateDate" DESC
[2026-08-08 03:06:26.790 INF] [0HNNKNSO8HTMK:00000001] Microsoft.EntityFrameworkCore.Database.Command: Executed DbCommand (2ms) [Parameters=[], CommandType='Text', CommandTimeout='30']
SELECT t."Id", t."CompletedAllSlides", t."CreateBy", t."CreateDate", t."DeleteBy", t."DeletedAt", t."EndedAt", t."ExpiresAt", t."IsDelete", t."LastSlideObjectId", t."LessonId", t."LessonSlug", t."SchoolName", t."StartedAt", t."Status", t."TeacherName", t."Token", t."UpdateBy", t."UpdateDate"
FROM "TrainingSession" AS t
ORDER BY t."CreateDate" DESC
[2026-08-08 03:06:26.791 DBG] [0HNNKNSO8HTMK:00000001] Microsoft.EntityFrameworkCore.ChangeTracking: Context 'ApplicationDbContext' started tracking 'TrainingSession' entity. Consider using 'DbContextOptionsBuilder.EnableSensitiveDataLogging' to see key values.
[2026-08-08 03:06:26.791 DBG] [0HNNKNSO8HTMK:00000001] Microsoft.EntityFrameworkCore.ChangeTracking: Context 'ApplicationDbContext' started tracking 'TrainingSession' entity. Consider using 'DbContextOptionsBuilder.EnableSensitiveDataLogging' to see key values.
[2026-08-08 03:06:26.791 DBG] [0HNNKNSO8HTMK:00000001] Microsoft.EntityFrameworkCore.Database.Command: Closing data reader to 'supportroom' on server 'tcp://localhost:5432'.
[2026-08-08 03:06:26.791 DBG] [0HNNKNSO8HTMK:00000001] Microsoft.EntityFrameworkCore.Database.Command: A data reader for 'supportroom' on server 'tcp://localhost:5432' is being disposed after spending 0ms reading results.
[2026-08-08 03:06:26.791 DBG] [0HNNKNSO8HTMK:00000001] Microsoft.EntityFrameworkCore.Database.Connection: Closing connection to database 'supportroom' on server 'tcp://localhost:5432'.
[2026-08-08 03:06:26.791 DBG] [0HNNKNSO8HTMK:00000001] Microsoft.EntityFrameworkCore.Database.Connection: Closed connection to database 'supportroom' on server 'tcp://localhost:5432' (0ms).
[2026-08-08 03:06:26.792 INF] [0HNNKNSO8HTMK:00000001] Serilog.AspNetCore.RequestLoggingMiddleware: HTTP GET /api/sessions responded 200 in 41.5049 ms
[2026-08-08 03:06:26.792 DBG] [] Microsoft.EntityFrameworkCore.Infrastructure: 'ApplicationDbContext' disposed.
[2026-08-08 03:06:26.792 DBG] [] Microsoft.EntityFrameworkCore.Database.Connection: Disposing connection to database 'supportroom' on server 'tcp://localhost:5432'.
[2026-08-08 03:06:26.792 DBG] [] Microsoft.EntityFrameworkCore.Database.Connection: Disposed connection to database 'supportroom' on server 'tcp://localhost:5432' (0ms).
[2026-08-08 03:06:34.604 DBG] [0HNNKNSO8HTMK:00000002] Microsoft.EntityFrameworkCore.Infrastructure: Entity Framework Core 10.0.10 initialized 'ApplicationDbContext' using provider 'Npgsql.EntityFrameworkCore.PostgreSQL:10.0.3+5e912bf071068a44e5abbdab497b313ba99d3ee1' with options: None
[2026-08-08 03:06:34.623 DBG] [0HNNKNSO8HTMK:00000002] Microsoft.EntityFrameworkCore.Query: Compiling query expression: 
'DbSet<DocumentResource>()
    .Where(x => x.LessonId == null)
    .OrderByDescending(x => x.CreateDate)'
[2026-08-08 03:06:34.660 DBG] [0HNNKNSO8HTMK:00000002] Microsoft.EntityFrameworkCore.Query: Generated query execution expression: 
'queryContext => SingleQueryingEnumerable.Create<DocumentResource>(
    relationalQueryContext: (RelationalQueryContext)queryContext, 
    relationalCommandResolver: parameters => [LIFTABLE Constant: RelationalCommandCache.QueryExpression(
        Projection Mapping:
            EmptyProjectionMember -> Dictionary<IPropertyBase, int> { [Property: DocumentResource.Id (string) Required PK AfterSave:Throw, 0], [Property: DocumentResource.ContentType (string) Required, 1], [Property: DocumentResource.CreateBy (string), 2], [Property: DocumentResource.CreateDate (DateTime) Required, 3], [Property: DocumentResource.DeleteBy (string), 4], [Property: DocumentResource.DeletedAt (DateTime?), 5], [Property: DocumentResource.FileName (string) Required, 6], [Property: DocumentResource.IndexedChunkCount (int) Required, 7], [Property: DocumentResource.IndexingStatus (string) Required, 8], [Property: DocumentResource.IsDelete (bool) Required, 9], [Property: DocumentResource.LessonId (string) Index, 10], [Property: DocumentResource.ObsBucket (string) Required, 11], [Property: DocumentResource.ObsKey (string) Required, 12], [Property: DocumentResource.SizeBytes (long) Required, 13], [Property: DocumentResource.UpdateBy (string), 14], [Property: DocumentResource.UpdateDate (DateTime?), 15] }
        SELECT d.Id, d.ContentType, d.CreateBy, d.CreateDate, d.DeleteBy, d.DeletedAt, d.FileName, d.IndexedChunkCount, d.IndexingStatus, d.IsDelete, d.LessonId, d.ObsBucket, d.ObsKey, d.SizeBytes, d.UpdateBy, d.UpdateDate
        FROM DocumentResource AS d
        WHERE d.LessonId == NULL
        ORDER BY d.CreateDate DESC) | Resolver: c => new RelationalCommandCache(
        c.Dependencies.MemoryCache, 
        c.RelationalDependencies.QuerySqlGeneratorFactory, 
        c.RelationalDependencies.RelationalParameterBasedSqlProcessorFactory, 
        Projection Mapping:
            EmptyProjectionMember -> Dictionary<IPropertyBase, int> { [Property: DocumentResource.Id (string) Required PK AfterSave:Throw, 0], [Property: DocumentResource.ContentType (string) Required, 1], [Property: DocumentResource.CreateBy (string), 2], [Property: DocumentResource.CreateDate (DateTime) Required, 3], [Property: DocumentResource.DeleteBy (string), 4], [Property: DocumentResource.DeletedAt (DateTime?), 5], [Property: DocumentResource.FileName (string) Required, 6], [Property: DocumentResource.IndexedChunkCount (int) Required, 7], [Property: DocumentResource.IndexingStatus (string) Required, 8], [Property: DocumentResource.IsDelete (bool) Required, 9], [Property: DocumentResource.LessonId (string) Index, 10], [Property: DocumentResource.ObsBucket (string) Required, 11], [Property: DocumentResource.ObsKey (string) Required, 12], [Property: DocumentResource.SizeBytes (long) Required, 13], [Property: DocumentResource.UpdateBy (string), 14], [Property: DocumentResource.UpdateDate (DateTime?), 15] }
        SELECT d.Id, d.ContentType, d.CreateBy, d.CreateDate, d.DeleteBy, d.DeletedAt, d.FileName, d.IndexedChunkCount, d.IndexingStatus, d.IsDelete, d.LessonId, d.ObsBucket, d.ObsKey, d.SizeBytes, d.UpdateBy, d.UpdateDate
        FROM DocumentResource AS d
        WHERE d.LessonId == NULL
        ORDER BY d.CreateDate DESC, 
        False, 
        Parameter
    )].GetRelationalCommandTemplate(parameters), 
    readerColumns: null, 
    shaper: (queryContext, dataReader, resultContext, resultCoordinator) => 
    {
        DocumentResource entity;
        entity = 
        {
            MaterializationContext materializationContext1;
            IEntityType entityType1;
            DocumentResource instance1;
            InternalEntityEntry entry1;
            bool hasNullKey1;
            materializationContext1 = new MaterializationContext(
                [LIFTABLE Constant: ValueBuffer | Resolver: _ => (object)ValueBuffer.Empty], 
                queryContext.Context
            );
            instance1 = default(DocumentResource);
            entry1 = queryContext.TryGetEntry(
                key: [LIFTABLE Constant: Key: DocumentResource.Id PK | Resolver: c => c.Dependencies.Model.FindEntityType("SupportRoom.Domain.Entities.DocumentResource").FindPrimaryKey()], 
                keyValues: new object[]{ (object)dataReader.GetString(0) }, 
                throwOnNullKey: True, 
                hasNullKey: hasNullKey1);
            !(hasNullKey1) ? entry1 != default(InternalEntityEntry) ? 
            {
                entityType1 = entry1.EntityType;
                return instance1 = (DocumentResource)entry1.Entity;
            } : 
            {
                ISnapshot shadowSnapshot1;
                shadowSnapshot1 = [LIFTABLE Constant: Snapshot | Resolver: _ => Snapshot.Empty];
                entityType1 = [LIFTABLE Constant: EntityType: DocumentResource | Resolver: namelessParameter{0} => namelessParameter{0}.Dependencies.Model.FindEntityType("SupportRoom.Domain.Entities.DocumentResource")];
                instance1 = switch (entityType1)
                {
                    case [LIFTABLE Constant: EntityType: DocumentResource | Resolver: namelessParameter{1} => namelessParameter{1}.Dependencies.Model.FindEntityType("SupportRoom.Domain.Entities.DocumentResource")]: 
                        {
                            return 
                            {
                                DocumentResource instance;
                                instance = new DocumentResource();
                                instance.<Id>k__BackingField = dataReader.GetString(0);
                                instance.<ContentType>k__BackingField = dataReader.GetString(1);
                                instance.<CreateBy>k__BackingField = dataReader.IsDBNull(2) ? default(string) : dataReader.GetString(2);
                                instance.<CreateDate>k__BackingField = dataReader.GetDateTime(3);
                                instance.<DeleteBy>k__BackingField = dataReader.IsDBNull(4) ? default(string) : dataReader.GetString(4);
                                instance.<DeletedAt>k__BackingField = dataReader.IsDBNull(5) ? default(DateTime?) : (DateTime?)dataReader.GetDateTime(5);
                                instance.<FileName>k__BackingField = dataReader.GetString(6);
                                instance.<IndexedChunkCount>k__BackingField = dataReader.GetInt32(7);
                                instance.<IndexingStatus>k__BackingField = dataReader.GetString(8);
                                instance.<IsDelete>k__BackingField = dataReader.GetBoolean(9);
                                instance.<LessonId>k__BackingField = dataReader.IsDBNull(10) ? default(string) : dataReader.GetString(10);
                                instance.<ObsBucket>k__BackingField = dataReader.GetString(11);
                                instance.<ObsKey>k__BackingField = dataReader.GetString(12);
                                instance.<SizeBytes>k__BackingField = dataReader.GetInt64(13);
                                instance.<UpdateBy>k__BackingField = dataReader.IsDBNull(14) ? default(string) : dataReader.GetString(14);
                                instance.<UpdateDate>k__BackingField = dataReader.IsDBNull(15) ? default(DateTime?) : (DateTime?)dataReader.GetDateTime(15);
                                (instance is IInjectableService) ? ((IInjectableService)instance).Injected(
                                    context: materializationContext1.Context, 
                                    entity: instance, 
                                    queryTrackingBehavior: TrackAll, 
                                    structuralType: [LIFTABLE Constant: EntityType: DocumentResource | Resolver: namelessParameter{2} => namelessParameter{2}.Dependencies.Model.FindEntityType("SupportRoom.Domain.Entities.DocumentResource")]) : default(void);
                                return instance;
                            }}
                    default: 
                        default(DocumentResource)
                }
                ;
                entry1 = entityType1 == default(IEntityType) ? default(InternalEntityEntry) : queryContext.StartTracking(
                    entityType: entityType1, 
                    entity: instance1, 
                    snapshot: shadowSnapshot1);
                return instance1;
            } : default(void);
            return instance1;
        };
        return entity;
    }, 
    contextType: SupportRoom.Providers.Data.Data.ApplicationDbContext, 
    standAloneStateManager: False, 
    detailedErrorsEnabled: False, 
    threadSafetyChecksEnabled: True)'
[2026-08-08 03:06:34.675 DBG] [0HNNKNSO8HTMK:00000002] Microsoft.EntityFrameworkCore.Database.Connection: Creating DbConnection.
[2026-08-08 03:06:34.675 DBG] [0HNNKNSO8HTMK:00000002] Microsoft.EntityFrameworkCore.Database.Connection: Created DbConnection. (0ms).
[2026-08-08 03:06:34.675 DBG] [0HNNKNSO8HTMK:00000002] Microsoft.EntityFrameworkCore.Database.Connection: Opening connection to database 'supportroom' on server 'tcp://localhost:5432'.
[2026-08-08 03:06:34.675 DBG] [0HNNKNSO8HTMK:00000002] Microsoft.EntityFrameworkCore.Database.Connection: Opened connection to database 'supportroom' on server 'tcp://localhost:5432'.
[2026-08-08 03:06:34.675 DBG] [0HNNKNSO8HTMK:00000002] Microsoft.EntityFrameworkCore.Database.Command: Creating DbCommand for 'ExecuteReader'.
[2026-08-08 03:06:34.676 DBG] [0HNNKNSO8HTMK:00000002] Microsoft.EntityFrameworkCore.Database.Command: Created DbCommand for 'ExecuteReader' (0ms).
[2026-08-08 03:06:34.676 DBG] [0HNNKNSO8HTMK:00000002] Microsoft.EntityFrameworkCore.Database.Command: Initialized DbCommand for 'ExecuteReader' (0ms).
[2026-08-08 03:06:34.676 DBG] [0HNNKNSO8HTMK:00000002] Microsoft.EntityFrameworkCore.Database.Command: Executing DbCommand [Parameters=[], CommandType='Text', CommandTimeout='30']
SELECT d."Id", d."ContentType", d."CreateBy", d."CreateDate", d."DeleteBy", d."DeletedAt", d."FileName", d."IndexedChunkCount", d."IndexingStatus", d."IsDelete", d."LessonId", d."ObsBucket", d."ObsKey", d."SizeBytes", d."UpdateBy", d."UpdateDate"
FROM "DocumentResource" AS d
WHERE d."LessonId" IS NULL
ORDER BY d."CreateDate" DESC
[2026-08-08 03:06:34.678 INF] [0HNNKNSO8HTMK:00000002] Microsoft.EntityFrameworkCore.Database.Command: Executed DbCommand (2ms) [Parameters=[], CommandType='Text', CommandTimeout='30']
SELECT d."Id", d."ContentType", d."CreateBy", d."CreateDate", d."DeleteBy", d."DeletedAt", d."FileName", d."IndexedChunkCount", d."IndexingStatus", d."IsDelete", d."LessonId", d."ObsBucket", d."ObsKey", d."SizeBytes", d."UpdateBy", d."UpdateDate"
FROM "DocumentResource" AS d
WHERE d."LessonId" IS NULL
ORDER BY d."CreateDate" DESC
[2026-08-08 03:06:34.685 DBG] [0HNNKNSO8HTMK:00000002] Microsoft.EntityFrameworkCore.ChangeTracking: Context 'ApplicationDbContext' started tracking 'DocumentResource' entity. Consider using 'DbContextOptionsBuilder.EnableSensitiveDataLogging' to see key values.
[2026-08-08 03:06:34.718 DBG] [0HNNKNSO8HTMK:00000002] Microsoft.EntityFrameworkCore.ChangeTracking: Context 'ApplicationDbContext' started tracking 'DocumentResource' entity. Consider using 'DbContextOptionsBuilder.EnableSensitiveDataLogging' to see key values.
[2026-08-08 03:06:34.718 DBG] [0HNNKNSO8HTMK:00000002] Microsoft.EntityFrameworkCore.ChangeTracking: Context 'ApplicationDbContext' started tracking 'DocumentResource' entity. Consider using 'DbContextOptionsBuilder.EnableSensitiveDataLogging' to see key values.
[2026-08-08 03:06:34.718 DBG] [0HNNKNSO8HTMK:00000002] Microsoft.EntityFrameworkCore.ChangeTracking: Context 'ApplicationDbContext' started tracking 'DocumentResource' entity. Consider using 'DbContextOptionsBuilder.EnableSensitiveDataLogging' to see key values.
[2026-08-08 03:06:34.718 DBG] [0HNNKNSO8HTMK:00000002] Microsoft.EntityFrameworkCore.ChangeTracking: Context 'ApplicationDbContext' started tracking 'DocumentResource' entity. Consider using 'DbContextOptionsBuilder.EnableSensitiveDataLogging' to see key values.
[2026-08-08 03:06:34.718 DBG] [0HNNKNSO8HTMK:00000002] Microsoft.EntityFrameworkCore.ChangeTracking: Context 'ApplicationDbContext' started tracking 'DocumentResource' entity. Consider using 'DbContextOptionsBuilder.EnableSensitiveDataLogging' to see key values.
[2026-08-08 03:06:34.718 DBG] [0HNNKNSO8HTMK:00000002] Microsoft.EntityFrameworkCore.ChangeTracking: Context 'ApplicationDbContext' started tracking 'DocumentResource' entity. Consider using 'DbContextOptionsBuilder.EnableSensitiveDataLogging' to see key values.
[2026-08-08 03:06:34.719 DBG] [0HNNKNSO8HTMK:00000002] Microsoft.EntityFrameworkCore.Database.Command: Closing data reader to 'supportroom' on server 'tcp://localhost:5432'.
[2026-08-08 03:06:34.719 DBG] [0HNNKNSO8HTMK:00000002] Microsoft.EntityFrameworkCore.Database.Command: A data reader for 'supportroom' on server 'tcp://localhost:5432' is being disposed after spending 40ms reading results.
[2026-08-08 03:06:34.719 DBG] [0HNNKNSO8HTMK:00000002] Microsoft.EntityFrameworkCore.Database.Connection: Closing connection to database 'supportroom' on server 'tcp://localhost:5432'.
[2026-08-08 03:06:34.719 DBG] [0HNNKNSO8HTMK:00000002] Microsoft.EntityFrameworkCore.Database.Connection: Closed connection to database 'supportroom' on server 'tcp://localhost:5432' (0ms).
[2026-08-08 03:06:34.735 INF] [0HNNKNSO8HTMK:00000002] Serilog.AspNetCore.RequestLoggingMiddleware: HTTP GET /api/documents responded 200 in 145.8225 ms
[2026-08-08 03:06:34.736 DBG] [] Microsoft.EntityFrameworkCore.Infrastructure: 'ApplicationDbContext' disposed.
[2026-08-08 03:06:34.736 DBG] [] Microsoft.EntityFrameworkCore.Database.Connection: Disposing connection to database 'supportroom' on server 'tcp://localhost:5432'.
[2026-08-08 03:06:34.736 DBG] [] Microsoft.EntityFrameworkCore.Database.Connection: Disposed connection to database 'supportroom' on server 'tcp://localhost:5432' (0ms).
[2026-08-08 03:06:34.740 DBG] [0HNNKNSO8HTML:00000001] Microsoft.EntityFrameworkCore.Infrastructure: Entity Framework Core 10.0.10 initialized 'ApplicationDbContext' using provider 'Npgsql.EntityFrameworkCore.PostgreSQL:10.0.3+5e912bf071068a44e5abbdab497b313ba99d3ee1' with options: None
[2026-08-08 03:06:34.742 DBG] [0HNNKNSO8HTML:00000001] Microsoft.EntityFrameworkCore.Database.Connection: Creating DbConnection.
[2026-08-08 03:06:34.742 DBG] [0HNNKNSO8HTML:00000001] Microsoft.EntityFrameworkCore.Database.Connection: Created DbConnection. (0ms).
[2026-08-08 03:06:34.742 DBG] [0HNNKNSO8HTML:00000001] Microsoft.EntityFrameworkCore.Database.Connection: Opening connection to database 'supportroom' on server 'tcp://localhost:5432'.
[2026-08-08 03:06:34.742 DBG] [0HNNKNSO8HTML:00000001] Microsoft.EntityFrameworkCore.Database.Connection: Opened connection to database 'supportroom' on server 'tcp://localhost:5432'.
[2026-08-08 03:06:34.742 DBG] [0HNNKNSO8HTML:00000001] Microsoft.EntityFrameworkCore.Database.Command: Creating DbCommand for 'ExecuteReader'.
[2026-08-08 03:06:34.742 DBG] [0HNNKNSO8HTML:00000001] Microsoft.EntityFrameworkCore.Database.Command: Created DbCommand for 'ExecuteReader' (0ms).
[2026-08-08 03:06:34.742 DBG] [0HNNKNSO8HTML:00000001] Microsoft.EntityFrameworkCore.Database.Command: Initialized DbCommand for 'ExecuteReader' (0ms).
[2026-08-08 03:06:34.742 DBG] [0HNNKNSO8HTML:00000001] Microsoft.EntityFrameworkCore.Database.Command: Executing DbCommand [Parameters=[], CommandType='Text', CommandTimeout='30']
SELECT d."Id", d."ContentType", d."CreateBy", d."CreateDate", d."DeleteBy", d."DeletedAt", d."FileName", d."IndexedChunkCount", d."IndexingStatus", d."IsDelete", d."LessonId", d."ObsBucket", d."ObsKey", d."SizeBytes", d."UpdateBy", d."UpdateDate"
FROM "DocumentResource" AS d
WHERE d."LessonId" IS NULL
ORDER BY d."CreateDate" DESC
[2026-08-08 03:06:34.744 INF] [0HNNKNSO8HTML:00000001] Microsoft.EntityFrameworkCore.Database.Command: Executed DbCommand (2ms) [Parameters=[], CommandType='Text', CommandTimeout='30']
SELECT d."Id", d."ContentType", d."CreateBy", d."CreateDate", d."DeleteBy", d."DeletedAt", d."FileName", d."IndexedChunkCount", d."IndexingStatus", d."IsDelete", d."LessonId", d."ObsBucket", d."ObsKey", d."SizeBytes", d."UpdateBy", d."UpdateDate"
FROM "DocumentResource" AS d
WHERE d."LessonId" IS NULL
ORDER BY d."CreateDate" DESC
[2026-08-08 03:06:34.744 DBG] [0HNNKNSO8HTML:00000001] Microsoft.EntityFrameworkCore.ChangeTracking: Context 'ApplicationDbContext' started tracking 'DocumentResource' entity. Consider using 'DbContextOptionsBuilder.EnableSensitiveDataLogging' to see key values.
[2026-08-08 03:06:34.744 DBG] [0HNNKNSO8HTML:00000001] Microsoft.EntityFrameworkCore.ChangeTracking: Context 'ApplicationDbContext' started tracking 'DocumentResource' entity. Consider using 'DbContextOptionsBuilder.EnableSensitiveDataLogging' to see key values.
[2026-08-08 03:06:34.744 DBG] [0HNNKNSO8HTML:00000001] Microsoft.EntityFrameworkCore.ChangeTracking: Context 'ApplicationDbContext' started tracking 'DocumentResource' entity. Consider using 'DbContextOptionsBuilder.EnableSensitiveDataLogging' to see key values.
[2026-08-08 03:06:34.745 DBG] [0HNNKNSO8HTML:00000001] Microsoft.EntityFrameworkCore.ChangeTracking: Context 'ApplicationDbContext' started tracking 'DocumentResource' entity. Consider using 'DbContextOptionsBuilder.EnableSensitiveDataLogging' to see key values.
[2026-08-08 03:06:34.745 DBG] [0HNNKNSO8HTML:00000001] Microsoft.EntityFrameworkCore.ChangeTracking: Context 'ApplicationDbContext' started tracking 'DocumentResource' entity. Consider using 'DbContextOptionsBuilder.EnableSensitiveDataLogging' to see key values.
[2026-08-08 03:06:34.745 DBG] [0HNNKNSO8HTML:00000001] Microsoft.EntityFrameworkCore.ChangeTracking: Context 'ApplicationDbContext' started tracking 'DocumentResource' entity. Consider using 'DbContextOptionsBuilder.EnableSensitiveDataLogging' to see key values.
[2026-08-08 03:06:34.745 DBG] [0HNNKNSO8HTML:00000001] Microsoft.EntityFrameworkCore.ChangeTracking: Context 'ApplicationDbContext' started tracking 'DocumentResource' entity. Consider using 'DbContextOptionsBuilder.EnableSensitiveDataLogging' to see key values.
[2026-08-08 03:06:34.745 DBG] [0HNNKNSO8HTML:00000001] Microsoft.EntityFrameworkCore.Database.Command: Closing data reader to 'supportroom' on server 'tcp://localhost:5432'.
[2026-08-08 03:06:34.745 DBG] [0HNNKNSO8HTML:00000001] Microsoft.EntityFrameworkCore.Database.Command: A data reader for 'supportroom' on server 'tcp://localhost:5432' is being disposed after spending 0ms reading results.
[2026-08-08 03:06:34.745 DBG] [0HNNKNSO8HTML:00000001] Microsoft.EntityFrameworkCore.Database.Connection: Closing connection to database 'supportroom' on server 'tcp://localhost:5432'.
[2026-08-08 03:06:34.745 DBG] [0HNNKNSO8HTML:00000001] Microsoft.EntityFrameworkCore.Database.Connection: Closed connection to database 'supportroom' on server 'tcp://localhost:5432' (0ms).
[2026-08-08 03:06:34.745 INF] [0HNNKNSO8HTML:00000001] Serilog.AspNetCore.RequestLoggingMiddleware: HTTP GET /api/documents responded 200 in 7.5708 ms
[2026-08-08 03:06:34.745 DBG] [] Microsoft.EntityFrameworkCore.Infrastructure: 'ApplicationDbContext' disposed.
[2026-08-08 03:06:34.746 DBG] [] Microsoft.EntityFrameworkCore.Database.Connection: Disposing connection to database 'supportroom' on server 'tcp://localhost:5432'.
[2026-08-08 03:06:34.746 DBG] [] Microsoft.EntityFrameworkCore.Database.Connection: Disposed connection to database 'supportroom' on server 'tcp://localhost:5432' (0ms).
[2026-08-08 03:06:39.061 DBG] [0HNNKNSO8HTML:00000002] Microsoft.EntityFrameworkCore.Infrastructure: Entity Framework Core 10.0.10 initialized 'ApplicationDbContext' using provider 'Npgsql.EntityFrameworkCore.PostgreSQL:10.0.3+5e912bf071068a44e5abbdab497b313ba99d3ee1' with options: None
[2026-08-08 03:06:39.062 DBG] [0HNNKNSO8HTML:00000002] Microsoft.EntityFrameworkCore.Database.Connection: Creating DbConnection.
[2026-08-08 03:06:39.062 DBG] [0HNNKNSO8HTML:00000002] Microsoft.EntityFrameworkCore.Database.Connection: Created DbConnection. (0ms).
[2026-08-08 03:06:39.062 DBG] [0HNNKNSO8HTML:00000002] Microsoft.EntityFrameworkCore.Database.Connection: Opening connection to database 'supportroom' on server 'tcp://localhost:5432'.
[2026-08-08 03:06:39.062 DBG] [0HNNKNSO8HTML:00000002] Microsoft.EntityFrameworkCore.Database.Connection: Opened connection to database 'supportroom' on server 'tcp://localhost:5432'.
[2026-08-08 03:06:39.062 DBG] [0HNNKNSO8HTML:00000002] Microsoft.EntityFrameworkCore.Database.Command: Creating DbCommand for 'ExecuteReader'.
[2026-08-08 03:06:39.063 DBG] [0HNNKNSO8HTML:00000002] Microsoft.EntityFrameworkCore.Database.Command: Created DbCommand for 'ExecuteReader' (0ms).
[2026-08-08 03:06:39.063 DBG] [0HNNKNSO8HTML:00000002] Microsoft.EntityFrameworkCore.Database.Command: Initialized DbCommand for 'ExecuteReader' (0ms).
[2026-08-08 03:06:39.063 DBG] [0HNNKNSO8HTML:00000002] Microsoft.EntityFrameworkCore.Database.Command: Executing DbCommand [Parameters=[], CommandType='Text', CommandTimeout='30']
SELECT t."Id", t."CompletedAllSlides", t."CreateBy", t."CreateDate", t."DeleteBy", t."DeletedAt", t."EndedAt", t."ExpiresAt", t."IsDelete", t."LastSlideObjectId", t."LessonId", t."LessonSlug", t."SchoolName", t."StartedAt", t."Status", t."TeacherName", t."Token", t."UpdateBy", t."UpdateDate"
FROM "TrainingSession" AS t
ORDER BY t."CreateDate" DESC
[2026-08-08 03:06:39.065 INF] [0HNNKNSO8HTML:00000002] Microsoft.EntityFrameworkCore.Database.Command: Executed DbCommand (2ms) [Parameters=[], CommandType='Text', CommandTimeout='30']
SELECT t."Id", t."CompletedAllSlides", t."CreateBy", t."CreateDate", t."DeleteBy", t."DeletedAt", t."EndedAt", t."ExpiresAt", t."IsDelete", t."LastSlideObjectId", t."LessonId", t."LessonSlug", t."SchoolName", t."StartedAt", t."Status", t."TeacherName", t."Token", t."UpdateBy", t."UpdateDate"
FROM "TrainingSession" AS t
ORDER BY t."CreateDate" DESC
[2026-08-08 03:06:39.065 DBG] [0HNNKNSO8HTML:00000002] Microsoft.EntityFrameworkCore.ChangeTracking: Context 'ApplicationDbContext' started tracking 'TrainingSession' entity. Consider using 'DbContextOptionsBuilder.EnableSensitiveDataLogging' to see key values.
[2026-08-08 03:06:39.066 DBG] [0HNNKNSO8HTML:00000002] Microsoft.EntityFrameworkCore.ChangeTracking: Context 'ApplicationDbContext' started tracking 'TrainingSession' entity. Consider using 'DbContextOptionsBuilder.EnableSensitiveDataLogging' to see key values.
[2026-08-08 03:06:39.066 DBG] [0HNNKNSO8HTML:00000002] Microsoft.EntityFrameworkCore.Database.Command: Closing data reader to 'supportroom' on server 'tcp://localhost:5432'.
[2026-08-08 03:06:39.066 DBG] [0HNNKNSO8HTML:00000002] Microsoft.EntityFrameworkCore.Database.Command: A data reader for 'supportroom' on server 'tcp://localhost:5432' is being disposed after spending 0ms reading results.
[2026-08-08 03:06:39.066 DBG] [0HNNKNSO8HTML:00000002] Microsoft.EntityFrameworkCore.Database.Connection: Closing connection to database 'supportroom' on server 'tcp://localhost:5432'.
[2026-08-08 03:06:39.066 DBG] [0HNNKNSO8HTML:00000002] Microsoft.EntityFrameworkCore.Database.Connection: Closed connection to database 'supportroom' on server 'tcp://localhost:5432' (0ms).
[2026-08-08 03:06:39.066 INF] [0HNNKNSO8HTML:00000002] Serilog.AspNetCore.RequestLoggingMiddleware: HTTP GET /api/sessions responded 200 in 6.5035 ms
[2026-08-08 03:06:39.067 DBG] [] Microsoft.EntityFrameworkCore.Infrastructure: 'ApplicationDbContext' disposed.
[2026-08-08 03:06:39.067 DBG] [] Microsoft.EntityFrameworkCore.Database.Connection: Disposing connection to database 'supportroom' on server 'tcp://localhost:5432'.
[2026-08-08 03:06:39.067 DBG] [] Microsoft.EntityFrameworkCore.Database.Connection: Disposed connection to database 'supportroom' on server 'tcp://localhost:5432' (0ms).
[2026-08-08 03:06:39.069 DBG] [0HNNKNSO8HTMK:00000003] Microsoft.EntityFrameworkCore.Infrastructure: Entity Framework Core 10.0.10 initialized 'ApplicationDbContext' using provider 'Npgsql.EntityFrameworkCore.PostgreSQL:10.0.3+5e912bf071068a44e5abbdab497b313ba99d3ee1' with options: None
[2026-08-08 03:06:39.069 DBG] [0HNNKNSO8HTMK:00000003] Microsoft.EntityFrameworkCore.Database.Connection: Creating DbConnection.
[2026-08-08 03:06:39.069 DBG] [0HNNKNSO8HTMK:00000003] Microsoft.EntityFrameworkCore.Database.Connection: Created DbConnection. (0ms).
[2026-08-08 03:06:39.069 DBG] [0HNNKNSO8HTMK:00000003] Microsoft.EntityFrameworkCore.Database.Connection: Opening connection to database 'supportroom' on server 'tcp://localhost:5432'.
[2026-08-08 03:06:39.069 DBG] [0HNNKNSO8HTMK:00000003] Microsoft.EntityFrameworkCore.Database.Connection: Opened connection to database 'supportroom' on server 'tcp://localhost:5432'.
[2026-08-08 03:06:39.069 DBG] [0HNNKNSO8HTMK:00000003] Microsoft.EntityFrameworkCore.Database.Command: Creating DbCommand for 'ExecuteReader'.
[2026-08-08 03:06:39.069 DBG] [0HNNKNSO8HTMK:00000003] Microsoft.EntityFrameworkCore.Database.Command: Created DbCommand for 'ExecuteReader' (0ms).
[2026-08-08 03:06:39.069 DBG] [0HNNKNSO8HTMK:00000003] Microsoft.EntityFrameworkCore.Database.Command: Initialized DbCommand for 'ExecuteReader' (0ms).
[2026-08-08 03:06:39.069 DBG] [0HNNKNSO8HTMK:00000003] Microsoft.EntityFrameworkCore.Database.Command: Executing DbCommand [Parameters=[], CommandType='Text', CommandTimeout='30']
SELECT t."Id", t."CompletedAllSlides", t."CreateBy", t."CreateDate", t."DeleteBy", t."DeletedAt", t."EndedAt", t."ExpiresAt", t."IsDelete", t."LastSlideObjectId", t."LessonId", t."LessonSlug", t."SchoolName", t."StartedAt", t."Status", t."TeacherName", t."Token", t."UpdateBy", t."UpdateDate"
FROM "TrainingSession" AS t
ORDER BY t."CreateDate" DESC
[2026-08-08 03:06:39.072 INF] [0HNNKNSO8HTMK:00000003] Microsoft.EntityFrameworkCore.Database.Command: Executed DbCommand (2ms) [Parameters=[], CommandType='Text', CommandTimeout='30']
SELECT t."Id", t."CompletedAllSlides", t."CreateBy", t."CreateDate", t."DeleteBy", t."DeletedAt", t."EndedAt", t."ExpiresAt", t."IsDelete", t."LastSlideObjectId", t."LessonId", t."LessonSlug", t."SchoolName", t."StartedAt", t."Status", t."TeacherName", t."Token", t."UpdateBy", t."UpdateDate"
FROM "TrainingSession" AS t
ORDER BY t."CreateDate" DESC
[2026-08-08 03:06:39.072 DBG] [0HNNKNSO8HTMK:00000003] Microsoft.EntityFrameworkCore.ChangeTracking: Context 'ApplicationDbContext' started tracking 'TrainingSession' entity. Consider using 'DbContextOptionsBuilder.EnableSensitiveDataLogging' to see key values.
[2026-08-08 03:06:39.072 DBG] [0HNNKNSO8HTMK:00000003] Microsoft.EntityFrameworkCore.ChangeTracking: Context 'ApplicationDbContext' started tracking 'TrainingSession' entity. Consider using 'DbContextOptionsBuilder.EnableSensitiveDataLogging' to see key values.
[2026-08-08 03:06:39.072 DBG] [0HNNKNSO8HTMK:00000003] Microsoft.EntityFrameworkCore.Database.Command: Closing data reader to 'supportroom' on server 'tcp://localhost:5432'.
[2026-08-08 03:06:39.072 DBG] [0HNNKNSO8HTMK:00000003] Microsoft.EntityFrameworkCore.Database.Command: A data reader for 'supportroom' on server 'tcp://localhost:5432' is being disposed after spending 0ms reading results.
[2026-08-08 03:06:39.072 DBG] [0HNNKNSO8HTMK:00000003] Microsoft.EntityFrameworkCore.Database.Connection: Closing connection to database 'supportroom' on server 'tcp://localhost:5432'.
[2026-08-08 03:06:39.072 DBG] [0HNNKNSO8HTMK:00000003] Microsoft.EntityFrameworkCore.Database.Connection: Closed connection to database 'supportroom' on server 'tcp://localhost:5432' (0ms).
[2026-08-08 03:06:39.073 INF] [0HNNKNSO8HTMK:00000003] Serilog.AspNetCore.RequestLoggingMiddleware: HTTP GET /api/sessions responded 200 in 4.9444 ms
[2026-08-08 03:06:39.073 DBG] [] Microsoft.EntityFrameworkCore.Infrastructure: 'ApplicationDbContext' disposed.
[2026-08-08 03:06:39.073 DBG] [] Microsoft.EntityFrameworkCore.Database.Connection: Disposing connection to database 'supportroom' on server 'tcp://localhost:5432'.
[2026-08-08 03:06:39.073 DBG] [] Microsoft.EntityFrameworkCore.Database.Connection: Disposed connection to database 'supportroom' on server 'tcp://localhost:5432' (0ms).
[2026-08-08 03:06:41.810 DBG] [0HNNKNSO8HTMK:00000004] Microsoft.EntityFrameworkCore.Infrastructure: Entity Framework Core 10.0.10 initialized 'ApplicationDbContext' using provider 'Npgsql.EntityFrameworkCore.PostgreSQL:10.0.3+5e912bf071068a44e5abbdab497b313ba99d3ee1' with options: None
[2026-08-08 03:06:41.813 DBG] [0HNNKNSO8HTMK:00000004] Microsoft.EntityFrameworkCore.Query: Compiling query expression: 
'DbSet<LessonConfig>()'
[2026-08-08 03:06:41.819 DBG] [0HNNKNSO8HTMK:00000004] Microsoft.EntityFrameworkCore.Query: Including navigation: 'LessonConfig.SlideConfigs'.
[2026-08-08 03:06:41.909 DBG] [0HNNKNSO8HTMK:00000004] Microsoft.EntityFrameworkCore.Query: Generated query execution expression: 
'queryContext => SingleQueryingEnumerable.Create<LessonConfig>(
    relationalQueryContext: (RelationalQueryContext)queryContext, 
    relationalCommandResolver: parameters => [LIFTABLE Constant: RelationalCommandCache.QueryExpression(
        Client Projections:
            0 -> Dictionary<IPropertyBase, int> { [Property: LessonConfig.Id (string) Required PK AfterSave:Throw, 0], [Property: LessonConfig.BreathPauseMs (int) Required, 1], [Property: LessonConfig.CreateBy (string), 2], [Property: LessonConfig.CreateDate (DateTime) Required, 3], [Property: LessonConfig.DeleteBy (string), 4], [Property: LessonConfig.DeletedAt (DateTime?), 5], [Property: LessonConfig.Description (string), 6], [Property: LessonConfig.FinalQuestionWaitMs (int) Required, 7], [Property: LessonConfig.IntroWaitMs (int) Required, 8], [Property: LessonConfig.IsActive (bool) Required, 9], [Property: LessonConfig.IsDelete (bool) Required, 10], [Property: LessonConfig.PresentationId (string), 11], [Property: LessonConfig.SlidesEmbedUrl (string), 12], [Property: LessonConfig.SlidesSourceUrl (string) Required, 13], [Property: LessonConfig.Slug (string) Required Index, 14], [Property: LessonConfig.Title (string) Required, 15], [Property: LessonConfig.UpdateBy (string), 16], [Property: LessonConfig.UpdateDate (DateTime?), 17] }
            1 -> JsonProjectionInfo
        SELECT l.Id, l.BreathPauseMs, l.CreateBy, l.CreateDate, l.DeleteBy, l.DeletedAt, l.Description, l.FinalQuestionWaitMs, l.IntroWaitMs, l.IsActive, l.IsDelete, l.PresentationId, l.SlidesEmbedUrl, l.SlidesSourceUrl, l.Slug, l.Title, l.UpdateBy, l.UpdateDate, l.SlideConfigs -> 
        FROM LessonConfig AS l) | Resolver: c => new RelationalCommandCache(
        c.Dependencies.MemoryCache, 
        c.RelationalDependencies.QuerySqlGeneratorFactory, 
        c.RelationalDependencies.RelationalParameterBasedSqlProcessorFactory, 
        Client Projections:
            0 -> Dictionary<IPropertyBase, int> { [Property: LessonConfig.Id (string) Required PK AfterSave:Throw, 0], [Property: LessonConfig.BreathPauseMs (int) Required, 1], [Property: LessonConfig.CreateBy (string), 2], [Property: LessonConfig.CreateDate (DateTime) Required, 3], [Property: LessonConfig.DeleteBy (string), 4], [Property: LessonConfig.DeletedAt (DateTime?), 5], [Property: LessonConfig.Description (string), 6], [Property: LessonConfig.FinalQuestionWaitMs (int) Required, 7], [Property: LessonConfig.IntroWaitMs (int) Required, 8], [Property: LessonConfig.IsActive (bool) Required, 9], [Property: LessonConfig.IsDelete (bool) Required, 10], [Property: LessonConfig.PresentationId (string), 11], [Property: LessonConfig.SlidesEmbedUrl (string), 12], [Property: LessonConfig.SlidesSourceUrl (string) Required, 13], [Property: LessonConfig.Slug (string) Required Index, 14], [Property: LessonConfig.Title (string) Required, 15], [Property: LessonConfig.UpdateBy (string), 16], [Property: LessonConfig.UpdateDate (DateTime?), 17] }
            1 -> JsonProjectionInfo
        SELECT l.Id, l.BreathPauseMs, l.CreateBy, l.CreateDate, l.DeleteBy, l.DeletedAt, l.Description, l.FinalQuestionWaitMs, l.IntroWaitMs, l.IsActive, l.IsDelete, l.PresentationId, l.SlidesEmbedUrl, l.SlidesSourceUrl, l.Slug, l.Title, l.UpdateBy, l.UpdateDate, l.SlideConfigs -> 
        FROM LessonConfig AS l, 
        False, 
        Parameter
    )].GetRelationalCommandTemplate(parameters), 
    readerColumns: null, 
    shaper: (queryContext, dataReader, resultContext, resultCoordinator) => 
    {
        LessonConfig entity;
        Stream jsonStream;
        JsonReaderData jsonReader;
        Utf8JsonReaderManager jsonReaderManager;
        object[] currentKeyValues;
        entity = 
        {
            MaterializationContext materializationContext1;
            IEntityType entityType1;
            LessonConfig instance1;
            InternalEntityEntry entry1;
            bool hasNullKey1;
            materializationContext1 = new MaterializationContext(
                [LIFTABLE Constant: ValueBuffer | Resolver: _ => (object)ValueBuffer.Empty], 
                queryContext.Context
            );
            instance1 = default(LessonConfig);
            entry1 = queryContext.TryGetEntry(
                key: [LIFTABLE Constant: Key: LessonConfig.Id PK | Resolver: c => c.Dependencies.Model.FindEntityType("SupportRoom.Domain.Entities.LessonConfig").FindPrimaryKey()], 
                keyValues: new object[]{ (object)dataReader.GetString(0) }, 
                throwOnNullKey: True, 
                hasNullKey: hasNullKey1);
            !(hasNullKey1) ? entry1 != default(InternalEntityEntry) ? 
            {
                entityType1 = entry1.EntityType;
                return instance1 = (LessonConfig)entry1.Entity;
            } : 
            {
                ISnapshot shadowSnapshot1;
                shadowSnapshot1 = [LIFTABLE Constant: Snapshot | Resolver: _ => Snapshot.Empty];
                entityType1 = [LIFTABLE Constant: EntityType: LessonConfig | Resolver: namelessParameter{0} => namelessParameter{0}.Dependencies.Model.FindEntityType("SupportRoom.Domain.Entities.LessonConfig")];
                instance1 = switch (entityType1)
                {
                    case [LIFTABLE Constant: EntityType: LessonConfig | Resolver: namelessParameter{1} => namelessParameter{1}.Dependencies.Model.FindEntityType("SupportRoom.Domain.Entities.LessonConfig")]: 
                        {
                            return 
                            {
                                LessonConfig instance;
                                instance = new LessonConfig();
                                instance.<Id>k__BackingField = dataReader.GetString(0);
                                instance.<BreathPauseMs>k__BackingField = dataReader.GetInt32(1);
                                instance.<CreateBy>k__BackingField = dataReader.IsDBNull(2) ? default(string) : dataReader.GetString(2);
                                instance.<CreateDate>k__BackingField = dataReader.GetDateTime(3);
                                instance.<DeleteBy>k__BackingField = dataReader.IsDBNull(4) ? default(string) : dataReader.GetString(4);
                                instance.<DeletedAt>k__BackingField = dataReader.IsDBNull(5) ? default(DateTime?) : (DateTime?)dataReader.GetDateTime(5);
                                instance.<Description>k__BackingField = dataReader.IsDBNull(6) ? default(string) : dataReader.GetString(6);
                                instance.<FinalQuestionWaitMs>k__BackingField = dataReader.GetInt32(7);
                                instance.<IntroWaitMs>k__BackingField = dataReader.GetInt32(8);
                                instance.<IsActive>k__BackingField = dataReader.GetBoolean(9);
                                instance.<IsDelete>k__BackingField = dataReader.GetBoolean(10);
                                instance.<PresentationId>k__BackingField = dataReader.IsDBNull(11) ? default(string) : dataReader.GetString(11);
                                instance.<SlidesEmbedUrl>k__BackingField = dataReader.IsDBNull(12) ? default(string) : dataReader.GetString(12);
                                instance.<SlidesSourceUrl>k__BackingField = dataReader.GetString(13);
                                instance.<Slug>k__BackingField = dataReader.GetString(14);
                                instance.<Title>k__BackingField = dataReader.GetString(15);
                                instance.<UpdateBy>k__BackingField = dataReader.IsDBNull(16) ? default(string) : dataReader.GetString(16);
                                instance.<UpdateDate>k__BackingField = dataReader.IsDBNull(17) ? default(DateTime?) : (DateTime?)dataReader.GetDateTime(17);
                                (instance is IInjectableService) ? ((IInjectableService)instance).Injected(
                                    context: materializationContext1.Context, 
                                    entity: instance, 
                                    queryTrackingBehavior: TrackAll, 
                                    structuralType: [LIFTABLE Constant: EntityType: LessonConfig | Resolver: namelessParameter{2} => namelessParameter{2}.Dependencies.Model.FindEntityType("SupportRoom.Domain.Entities.LessonConfig")]) : default(void);
                                return instance;
                            }}
                    default: 
                        default(LessonConfig)
                }
                ;
                entry1 = entityType1 == default(IEntityType) ? default(InternalEntityEntry) : queryContext.StartTracking(
                    entityType: entityType1, 
                    entity: instance1, 
                    snapshot: shadowSnapshot1);
                return instance1;
            } : default(void);
            return instance1;
        };
        jsonStream = dataReader.IsDBNull(18) ? default(MemoryStream) : new MemoryStream(Encoding.UTF8.GetBytes(dataReader.GetString(18)));
        jsonReader = jsonStream == default(MemoryStream) ? default(JsonReaderData) : new JsonReaderData(jsonStream);
        jsonReader != default(JsonReaderData) ? 
        {
            jsonReaderManager = new Utf8JsonReaderManager(
                jsonReader, 
                queryContext.QueryLogger
            );
            jsonReaderManager.MoveNext();
            jsonReaderManager.CaptureState();
        } : default(void);
        currentKeyValues = new object[]{ (object)dataReader.GetString(0) };
        ShaperProcessingExpressionVisitor.IncludeJsonEntityCollection<LessonConfig, SlideConfig>(
            queryContext: queryContext, 
            keyPropertyValues: currentKeyValues, 
            jsonReaderData: jsonReader, 
            entity: entity, 
            innerShaper: (queryContext, namelessParameter{3}, namelessParameter{4}) => 
            {
                SlideConfig entityShaperMaterializer;
                return entityShaperMaterializer = 
                {
                    MaterializationContext materializationContext2;
                    IEntityType entityType2;
                    SlideConfig instance2;
                    InternalEntityEntry entry2;
                    bool hasNullKey2;
                    materializationContext2 = new MaterializationContext(
                        [LIFTABLE Constant: ValueBuffer | Resolver: _ => (object)ValueBuffer.Empty], 
                        queryContext.Context
                    );
                    instance2 = default(SlideConfig);
                    entry2 = queryContext.TryGetEntry(
                        key: [LIFTABLE Constant: Key: SlideConfig.LessonConfigId, SlideConfig.__synthesizedOrdinal PK | Resolver: c => c.Dependencies.Model.FindEntityType("SupportRoom.Domain.Entities.SlideConfig").FindPrimaryKey()], 
                        keyValues: new object[]
                        { 
                            namelessParameter{3}[0], 
                            namelessParameter{3}[1] 
                        }, 
                        throwOnNullKey: False, 
                        hasNullKey: hasNullKey2);
                    !(hasNullKey2) ? 
                    {
                        bool entityAlreadyTracked;
                        ISnapshot shadowSnapshot2;
                        entityAlreadyTracked = False;
                        shadowSnapshot2 = [LIFTABLE Constant: Snapshot | Resolver: _ => Snapshot.Empty];
                        entityType2 = [LIFTABLE Constant: EntityType: SlideConfig Owned | Resolver: namelessParameter{5} => namelessParameter{5}.Dependencies.Model.FindEntityType("SupportRoom.Domain.Entities.SlideConfig")];
                        entry2 != default(InternalEntityEntry) ? 
                        {
                            entityType2 = entry2.EntityType;
                            instance2 = (SlideConfig)entry2.Entity;
                            entityAlreadyTracked = True;
                        } : default(void);
                        instance2 = 
                        {
                            Utf8JsonReaderManager jsonReaderManager;
                            JsonTokenType tokenType;
                            SlideConfig instance;
                            int namelessParameter{6};
                            string namelessParameter{7};
                            int? namelessParameter{8};
                            jsonReaderManager = new Utf8JsonReaderManager(
                                namelessParameter{4}, 
                                queryContext.QueryLogger
                            );
                            tokenType = jsonReaderManager.CurrentReader.TokenType;
                            Loop(Break: done Continue: )
                            {
                                {
                                    tokenType = jsonReaderManager.MoveNext();
                                    switch (tokenType)
                                    {
                                        case PropertyName: 
                                            jsonReaderManager.CurrentReader.ValueTextEquals((ReadOnlySpan<byte>)Encoding.UTF8.GetBytes("SlideIndex")
                                                .AsSpan()) ? 
                                            {
                                                jsonReaderManager.MoveNext();
                                                namelessParameter{6} = (int)[LIFTABLE Constant: JsonInt32ReaderWriter | Resolver: c => c.Dependencies.Model.FindEntityType("SupportRoom.Domain.Entities.SlideConfig").FindProperty("SlideIndex").GetJsonValueReaderWriter() ?? c.Dependencies.Model.FindEntityType("SupportRoom.Domain.Entities.SlideConfig").FindProperty("SlideIndex").GetTypeMapping().JsonValueReaderWriter].FromJsonTyped(
                                                    manager: jsonReaderManager, 
                                                    existingObject: default(object));
                                            } : jsonReaderManager.CurrentReader.ValueTextEquals((ReadOnlySpan<byte>)Encoding.UTF8.GetBytes("SlideObjectId")
                                                .AsSpan()) ? 
                                            {
                                                jsonReaderManager.MoveNext();
                                                namelessParameter{7} = (string)[LIFTABLE Constant: JsonStringReaderWriter | Resolver: c => c.Dependencies.Model.FindEntityType("SupportRoom.Domain.Entities.SlideConfig").FindProperty("SlideObjectId").GetJsonValueReaderWriter() ?? c.Dependencies.Model.FindEntityType("SupportRoom.Domain.Entities.SlideConfig").FindProperty("SlideObjectId").GetTypeMapping().JsonValueReaderWriter].FromJsonTyped(
                                                    manager: jsonReaderManager, 
                                                    existingObject: default(object));
                                            } : jsonReaderManager.CurrentReader.ValueTextEquals((ReadOnlySpan<byte>)Encoding.UTF8.GetBytes("VideoDurationMs")
                                                .AsSpan()) ? 
                                            {
                                                jsonReaderManager.MoveNext();
                                                namelessParameter{8} = jsonReaderManager.CurrentReader.TokenType == Null ? default(int?) : (int?)(int)[LIFTABLE Constant: JsonInt32ReaderWriter | Resolver: c => c.Dependencies.Model.FindEntityType("SupportRoom.Domain.Entities.SlideConfig").FindProperty("VideoDurationMs").GetJsonValueReaderWriter() ?? c.Dependencies.Model.FindEntityType("SupportRoom.Domain.Entities.SlideConfig").FindProperty("VideoDurationMs").GetTypeMapping().JsonValueReaderWriter].FromJsonTyped(
                                                    manager: jsonReaderManager, 
                                                    existingObject: default(object));
                                            } : default(void)
                                        case EndObject: 
                                            Goto(break done)
                                        default: 
                                            {
                                                jsonReaderManager.Skip();
                                            }
                                    }
                                }}
                            jsonReaderManager.CaptureState();
                            !(entityAlreadyTracked) ? shadowSnapshot2 = (ISnapshot)new Snapshot<string, int>(
                                (string)namelessParameter{3}[0], 
                                (int)namelessParameter{3}[1]
                            ) : default(void);
                            entityAlreadyTracked ? 
                            {
                                instance = instance2;
                            } : 
                            {
                                instance = new SlideConfig();
                                instance.<SlideIndex>k__BackingField = namelessParameter{6};
                                instance.<SlideObjectId>k__BackingField = namelessParameter{7};
                                instance.<VideoDurationMs>k__BackingField = namelessParameter{8};
                                (instance is IInjectableService) ? ((IInjectableService)instance).Injected(
                                    context: materializationContext2.Context, 
                                    entity: instance, 
                                    queryTrackingBehavior: TrackAll, 
                                    structuralType: [LIFTABLE Constant: EntityType: SlideConfig Owned | Resolver: namelessParameter{9} => namelessParameter{9}.Dependencies.Model.FindEntityType("SupportRoom.Domain.Entities.SlideConfig")]) : default(void);
                            };
                            return instance;
                        };
                        !(entityAlreadyTracked || entityType2 == default(IEntityType)) ? 
                        {
                            queryContext.StartTracking(
                                entityType: entityType2, 
                                entity: instance2, 
                                snapshot: shadowSnapshot2);
                        } : default(void);
                    } : default(void);
                    return instance2;
                };
            }, 
            getOrCreateCollectionObject: namelessParameter{10} => 
            {
                return [LIFTABLE Constant: ClrCollectionAccessor<LessonConfig, List<SlideConfig>, SlideConfig> | Resolver: namelessParameter{11} => namelessParameter{11}.Dependencies.Model.FindEntityType("SupportRoom.Domain.Entities.LessonConfig").FindNavigation("SlideConfigs").GetCollectionAccessor()].GetOrCreate(
                    entity: namelessParameter{10}, 
                    forMaterialization: True);
            }, 
            fixup: (namelessParameter{12}, namelessParameter{13}) => 
            {
                return [LIFTABLE Constant: ClrCollectionAccessor<LessonConfig, List<SlideConfig>, SlideConfig> | Resolver: namelessParameter{14} => namelessParameter{14}.Dependencies.Model.FindEntityType("SupportRoom.Domain.Entities.LessonConfig").FindNavigation("SlideConfigs").GetCollectionAccessor()].Add(
                    entity: namelessParameter{12}, 
                    value: namelessParameter{13}, 
                    forMaterialization: True);
            }, 
            performFixup: False);
        return entity;
    }, 
    contextType: SupportRoom.Providers.Data.Data.ApplicationDbContext, 
    standAloneStateManager: False, 
    detailedErrorsEnabled: False, 
    threadSafetyChecksEnabled: True)'
[2026-08-08 03:06:41.915 DBG] [0HNNKNSO8HTMK:00000004] Microsoft.EntityFrameworkCore.Database.Connection: Creating DbConnection.
[2026-08-08 03:06:41.915 DBG] [0HNNKNSO8HTMK:00000004] Microsoft.EntityFrameworkCore.Database.Connection: Created DbConnection. (0ms).
[2026-08-08 03:06:41.915 DBG] [0HNNKNSO8HTMK:00000004] Microsoft.EntityFrameworkCore.Database.Connection: Opening connection to database 'supportroom' on server 'tcp://localhost:5432'.
[2026-08-08 03:06:41.915 DBG] [0HNNKNSO8HTMK:00000004] Microsoft.EntityFrameworkCore.Database.Connection: Opened connection to database 'supportroom' on server 'tcp://localhost:5432'.
[2026-08-08 03:06:41.915 DBG] [0HNNKNSO8HTMK:00000004] Microsoft.EntityFrameworkCore.Database.Command: Creating DbCommand for 'ExecuteReader'.
[2026-08-08 03:06:41.915 DBG] [0HNNKNSO8HTMK:00000004] Microsoft.EntityFrameworkCore.Database.Command: Created DbCommand for 'ExecuteReader' (0ms).
[2026-08-08 03:06:41.915 DBG] [0HNNKNSO8HTMK:00000004] Microsoft.EntityFrameworkCore.Database.Command: Initialized DbCommand for 'ExecuteReader' (0ms).
[2026-08-08 03:06:41.915 DBG] [0HNNKNSO8HTMK:00000004] Microsoft.EntityFrameworkCore.Database.Command: Executing DbCommand [Parameters=[], CommandType='Text', CommandTimeout='30']
SELECT l."Id", l."BreathPauseMs", l."CreateBy", l."CreateDate", l."DeleteBy", l."DeletedAt", l."Description", l."FinalQuestionWaitMs", l."IntroWaitMs", l."IsActive", l."IsDelete", l."PresentationId", l."SlidesEmbedUrl", l."SlidesSourceUrl", l."Slug", l."Title", l."UpdateBy", l."UpdateDate", l."SlideConfigs"
FROM "LessonConfig" AS l
[2026-08-08 03:06:41.918 INF] [0HNNKNSO8HTMK:00000004] Microsoft.EntityFrameworkCore.Database.Command: Executed DbCommand (3ms) [Parameters=[], CommandType='Text', CommandTimeout='30']
SELECT l."Id", l."BreathPauseMs", l."CreateBy", l."CreateDate", l."DeleteBy", l."DeletedAt", l."Description", l."FinalQuestionWaitMs", l."IntroWaitMs", l."IsActive", l."IsDelete", l."PresentationId", l."SlidesEmbedUrl", l."SlidesSourceUrl", l."Slug", l."Title", l."UpdateBy", l."UpdateDate", l."SlideConfigs"
FROM "LessonConfig" AS l
[2026-08-08 03:06:41.925 DBG] [0HNNKNSO8HTMK:00000004] Microsoft.EntityFrameworkCore.ChangeTracking: Context 'ApplicationDbContext' started tracking 'LessonConfig' entity. Consider using 'DbContextOptionsBuilder.EnableSensitiveDataLogging' to see key values.
[2026-08-08 03:06:41.992 DBG] [0HNNKNSO8HTMK:00000004] Microsoft.EntityFrameworkCore.ChangeTracking: Context 'ApplicationDbContext' started tracking 'SlideConfig' entity. Consider using 'DbContextOptionsBuilder.EnableSensitiveDataLogging' to see key values.
[2026-08-08 03:06:42.005 DBG] [0HNNKNSO8HTMK:00000004] Microsoft.EntityFrameworkCore.ChangeTracking: Context 'ApplicationDbContext' started tracking 'SlideConfig' entity. Consider using 'DbContextOptionsBuilder.EnableSensitiveDataLogging' to see key values.
[2026-08-08 03:06:42.005 DBG] [0HNNKNSO8HTMK:00000004] Microsoft.EntityFrameworkCore.ChangeTracking: Context 'ApplicationDbContext' started tracking 'SlideConfig' entity. Consider using 'DbContextOptionsBuilder.EnableSensitiveDataLogging' to see key values.
[2026-08-08 03:06:42.005 DBG] [0HNNKNSO8HTMK:00000004] Microsoft.EntityFrameworkCore.ChangeTracking: Context 'ApplicationDbContext' started tracking 'SlideConfig' entity. Consider using 'DbContextOptionsBuilder.EnableSensitiveDataLogging' to see key values.
[2026-08-08 03:06:42.005 DBG] [0HNNKNSO8HTMK:00000004] Microsoft.EntityFrameworkCore.ChangeTracking: Context 'ApplicationDbContext' started tracking 'SlideConfig' entity. Consider using 'DbContextOptionsBuilder.EnableSensitiveDataLogging' to see key values.
[2026-08-08 03:06:42.005 DBG] [0HNNKNSO8HTMK:00000004] Microsoft.EntityFrameworkCore.ChangeTracking: Context 'ApplicationDbContext' started tracking 'SlideConfig' entity. Consider using 'DbContextOptionsBuilder.EnableSensitiveDataLogging' to see key values.
[2026-08-08 03:06:42.005 DBG] [0HNNKNSO8HTMK:00000004] Microsoft.EntityFrameworkCore.Database.Command: Closing data reader to 'supportroom' on server 'tcp://localhost:5432'.
[2026-08-08 03:06:42.005 DBG] [0HNNKNSO8HTMK:00000004] Microsoft.EntityFrameworkCore.Database.Command: A data reader for 'supportroom' on server 'tcp://localhost:5432' is being disposed after spending 87ms reading results.
[2026-08-08 03:06:42.005 DBG] [0HNNKNSO8HTMK:00000004] Microsoft.EntityFrameworkCore.Database.Connection: Closing connection to database 'supportroom' on server 'tcp://localhost:5432'.
[2026-08-08 03:06:42.005 DBG] [0HNNKNSO8HTMK:00000004] Microsoft.EntityFrameworkCore.Database.Connection: Closed connection to database 'supportroom' on server 'tcp://localhost:5432' (0ms).
[2026-08-08 03:06:42.041 INF] [0HNNKNSO8HTMK:00000004] Serilog.AspNetCore.RequestLoggingMiddleware: HTTP GET /api/lessons responded 200 in 233.8614 ms
[2026-08-08 03:06:42.041 DBG] [] Microsoft.EntityFrameworkCore.Infrastructure: 'ApplicationDbContext' disposed.
[2026-08-08 03:06:42.041 DBG] [] Microsoft.EntityFrameworkCore.Database.Connection: Disposing connection to database 'supportroom' on server 'tcp://localhost:5432'.
[2026-08-08 03:06:42.041 DBG] [] Microsoft.EntityFrameworkCore.Database.Connection: Disposed connection to database 'supportroom' on server 'tcp://localhost:5432' (0ms).
[2026-08-08 03:06:42.043 DBG] [0HNNKNSO8HTML:00000003] Microsoft.EntityFrameworkCore.Infrastructure: Entity Framework Core 10.0.10 initialized 'ApplicationDbContext' using provider 'Npgsql.EntityFrameworkCore.PostgreSQL:10.0.3+5e912bf071068a44e5abbdab497b313ba99d3ee1' with options: None
[2026-08-08 03:06:42.043 DBG] [0HNNKNSO8HTML:00000003] Microsoft.EntityFrameworkCore.Database.Connection: Creating DbConnection.
[2026-08-08 03:06:42.043 DBG] [0HNNKNSO8HTML:00000003] Microsoft.EntityFrameworkCore.Database.Connection: Created DbConnection. (0ms).
[2026-08-08 03:06:42.043 DBG] [0HNNKNSO8HTML:00000003] Microsoft.EntityFrameworkCore.Database.Connection: Opening connection to database 'supportroom' on server 'tcp://localhost:5432'.
[2026-08-08 03:06:42.043 DBG] [0HNNKNSO8HTML:00000003] Microsoft.EntityFrameworkCore.Database.Connection: Opened connection to database 'supportroom' on server 'tcp://localhost:5432'.
[2026-08-08 03:06:42.043 DBG] [0HNNKNSO8HTML:00000003] Microsoft.EntityFrameworkCore.Database.Command: Creating DbCommand for 'ExecuteReader'.
[2026-08-08 03:06:42.043 DBG] [0HNNKNSO8HTML:00000003] Microsoft.EntityFrameworkCore.Database.Command: Created DbCommand for 'ExecuteReader' (0ms).
[2026-08-08 03:06:42.043 DBG] [0HNNKNSO8HTML:00000003] Microsoft.EntityFrameworkCore.Database.Command: Initialized DbCommand for 'ExecuteReader' (0ms).
[2026-08-08 03:06:42.044 DBG] [0HNNKNSO8HTML:00000003] Microsoft.EntityFrameworkCore.Database.Command: Executing DbCommand [Parameters=[], CommandType='Text', CommandTimeout='30']
SELECT l."Id", l."BreathPauseMs", l."CreateBy", l."CreateDate", l."DeleteBy", l."DeletedAt", l."Description", l."FinalQuestionWaitMs", l."IntroWaitMs", l."IsActive", l."IsDelete", l."PresentationId", l."SlidesEmbedUrl", l."SlidesSourceUrl", l."Slug", l."Title", l."UpdateBy", l."UpdateDate", l."SlideConfigs"
FROM "LessonConfig" AS l
[2026-08-08 03:06:42.046 INF] [0HNNKNSO8HTML:00000003] Microsoft.EntityFrameworkCore.Database.Command: Executed DbCommand (2ms) [Parameters=[], CommandType='Text', CommandTimeout='30']
SELECT l."Id", l."BreathPauseMs", l."CreateBy", l."CreateDate", l."DeleteBy", l."DeletedAt", l."Description", l."FinalQuestionWaitMs", l."IntroWaitMs", l."IsActive", l."IsDelete", l."PresentationId", l."SlidesEmbedUrl", l."SlidesSourceUrl", l."Slug", l."Title", l."UpdateBy", l."UpdateDate", l."SlideConfigs"
FROM "LessonConfig" AS l
[2026-08-08 03:06:42.046 DBG] [0HNNKNSO8HTML:00000003] Microsoft.EntityFrameworkCore.ChangeTracking: Context 'ApplicationDbContext' started tracking 'LessonConfig' entity. Consider using 'DbContextOptionsBuilder.EnableSensitiveDataLogging' to see key values.
[2026-08-08 03:06:42.046 DBG] [0HNNKNSO8HTML:00000003] Microsoft.EntityFrameworkCore.ChangeTracking: Context 'ApplicationDbContext' started tracking 'SlideConfig' entity. Consider using 'DbContextOptionsBuilder.EnableSensitiveDataLogging' to see key values.
[2026-08-08 03:06:42.046 DBG] [0HNNKNSO8HTML:00000003] Microsoft.EntityFrameworkCore.ChangeTracking: Context 'ApplicationDbContext' started tracking 'SlideConfig' entity. Consider using 'DbContextOptionsBuilder.EnableSensitiveDataLogging' to see key values.
[2026-08-08 03:06:42.046 DBG] [0HNNKNSO8HTML:00000003] Microsoft.EntityFrameworkCore.ChangeTracking: Context 'ApplicationDbContext' started tracking 'SlideConfig' entity. Consider using 'DbContextOptionsBuilder.EnableSensitiveDataLogging' to see key values.
[2026-08-08 03:06:42.046 DBG] [0HNNKNSO8HTML:00000003] Microsoft.EntityFrameworkCore.ChangeTracking: Context 'ApplicationDbContext' started tracking 'SlideConfig' entity. Consider using 'DbContextOptionsBuilder.EnableSensitiveDataLogging' to see key values.
[2026-08-08 03:06:42.046 DBG] [0HNNKNSO8HTML:00000003] Microsoft.EntityFrameworkCore.ChangeTracking: Context 'ApplicationDbContext' started tracking 'SlideConfig' entity. Consider using 'DbContextOptionsBuilder.EnableSensitiveDataLogging' to see key values.
[2026-08-08 03:06:42.046 DBG] [0HNNKNSO8HTML:00000003] Microsoft.EntityFrameworkCore.ChangeTracking: Context 'ApplicationDbContext' started tracking 'SlideConfig' entity. Consider using 'DbContextOptionsBuilder.EnableSensitiveDataLogging' to see key values.
[2026-08-08 03:06:42.046 DBG] [0HNNKNSO8HTML:00000003] Microsoft.EntityFrameworkCore.Database.Command: Closing data reader to 'supportroom' on server 'tcp://localhost:5432'.
[2026-08-08 03:06:42.047 DBG] [0HNNKNSO8HTML:00000003] Microsoft.EntityFrameworkCore.Database.Command: A data reader for 'supportroom' on server 'tcp://localhost:5432' is being disposed after spending 0ms reading results.
[2026-08-08 03:06:42.047 DBG] [0HNNKNSO8HTML:00000003] Microsoft.EntityFrameworkCore.Database.Connection: Closing connection to database 'supportroom' on server 'tcp://localhost:5432'.
[2026-08-08 03:06:42.047 DBG] [0HNNKNSO8HTML:00000003] Microsoft.EntityFrameworkCore.Database.Connection: Closed connection to database 'supportroom' on server 'tcp://localhost:5432' (0ms).
[2026-08-08 03:06:42.047 INF] [0HNNKNSO8HTML:00000003] Serilog.AspNetCore.RequestLoggingMiddleware: HTTP GET /api/lessons responded 200 in 4.7313 ms
[2026-08-08 03:06:42.047 DBG] [] Microsoft.EntityFrameworkCore.Infrastructure: 'ApplicationDbContext' disposed.
[2026-08-08 03:06:42.047 DBG] [] Microsoft.EntityFrameworkCore.Database.Connection: Disposing connection to database 'supportroom' on server 'tcp://localhost:5432'.
[2026-08-08 03:06:42.047 DBG] [] Microsoft.EntityFrameworkCore.Database.Connection: Disposed connection to database 'supportroom' on server 'tcp://localhost:5432' (0ms).
[2026-08-08 03:17:32.940 INF] [0HNNKNSO8HTMM:00000001] Serilog.AspNetCore.RequestLoggingMiddleware: HTTP OPTIONS /api/sessions responded 204 in 2.7267 ms
[2026-08-08 03:17:32.950 DBG] [0HNNKNSO8HTMM:00000002] Microsoft.EntityFrameworkCore.Infrastructure: Entity Framework Core 10.0.10 initialized 'ApplicationDbContext' using provider 'Npgsql.EntityFrameworkCore.PostgreSQL:10.0.3+5e912bf071068a44e5abbdab497b313ba99d3ee1' with options: None
[2026-08-08 03:17:33.009 DBG] [0HNNKNSO8HTMM:00000002] Microsoft.EntityFrameworkCore.Query: Compiling query expression: 
'DbSet<LessonConfig>()
    .Where(x => x.Slug == @slug)
    .SingleOrDefault()'
[2026-08-08 03:17:33.011 DBG] [0HNNKNSO8HTMM:00000002] Microsoft.EntityFrameworkCore.Query: Including navigation: 'LessonConfig.SlideConfigs'.
[2026-08-08 03:17:33.029 DBG] [0HNNKNSO8HTMM:00000002] Microsoft.EntityFrameworkCore.Query: Generated query execution expression: 
'queryContext => SingleQueryingEnumerable.Create<LessonConfig>(
    relationalQueryContext: (RelationalQueryContext)queryContext, 
    relationalCommandResolver: parameters => [LIFTABLE Constant: RelationalCommandCache.QueryExpression(
        Client Projections:
            0 -> Dictionary<IPropertyBase, int> { [Property: LessonConfig.Id (string) Required PK AfterSave:Throw, 0], [Property: LessonConfig.BreathPauseMs (int) Required, 1], [Property: LessonConfig.CreateBy (string), 2], [Property: LessonConfig.CreateDate (DateTime) Required, 3], [Property: LessonConfig.DeleteBy (string), 4], [Property: LessonConfig.DeletedAt (DateTime?), 5], [Property: LessonConfig.Description (string), 6], [Property: LessonConfig.FinalQuestionWaitMs (int) Required, 7], [Property: LessonConfig.IntroWaitMs (int) Required, 8], [Property: LessonConfig.IsActive (bool) Required, 9], [Property: LessonConfig.IsDelete (bool) Required, 10], [Property: LessonConfig.PresentationId (string), 11], [Property: LessonConfig.SlidesEmbedUrl (string), 12], [Property: LessonConfig.SlidesSourceUrl (string) Required, 13], [Property: LessonConfig.Slug (string) Required Index, 14], [Property: LessonConfig.Title (string) Required, 15], [Property: LessonConfig.UpdateBy (string), 16], [Property: LessonConfig.UpdateDate (DateTime?), 17] }
            1 -> JsonProjectionInfo
        SELECT TOP(2) l.Id, l.BreathPauseMs, l.CreateBy, l.CreateDate, l.DeleteBy, l.DeletedAt, l.Description, l.FinalQuestionWaitMs, l.IntroWaitMs, l.IsActive, l.IsDelete, l.PresentationId, l.SlidesEmbedUrl, l.SlidesSourceUrl, l.Slug, l.Title, l.UpdateBy, l.UpdateDate, l.SlideConfigs -> 
        FROM LessonConfig AS l
        WHERE l.Slug == @slug) | Resolver: c => new RelationalCommandCache(
        c.Dependencies.MemoryCache, 
        c.RelationalDependencies.QuerySqlGeneratorFactory, 
        c.RelationalDependencies.RelationalParameterBasedSqlProcessorFactory, 
        Client Projections:
            0 -> Dictionary<IPropertyBase, int> { [Property: LessonConfig.Id (string) Required PK AfterSave:Throw, 0], [Property: LessonConfig.BreathPauseMs (int) Required, 1], [Property: LessonConfig.CreateBy (string), 2], [Property: LessonConfig.CreateDate (DateTime) Required, 3], [Property: LessonConfig.DeleteBy (string), 4], [Property: LessonConfig.DeletedAt (DateTime?), 5], [Property: LessonConfig.Description (string), 6], [Property: LessonConfig.FinalQuestionWaitMs (int) Required, 7], [Property: LessonConfig.IntroWaitMs (int) Required, 8], [Property: LessonConfig.IsActive (bool) Required, 9], [Property: LessonConfig.IsDelete (bool) Required, 10], [Property: LessonConfig.PresentationId (string), 11], [Property: LessonConfig.SlidesEmbedUrl (string), 12], [Property: LessonConfig.SlidesSourceUrl (string) Required, 13], [Property: LessonConfig.Slug (string) Required Index, 14], [Property: LessonConfig.Title (string) Required, 15], [Property: LessonConfig.UpdateBy (string), 16], [Property: LessonConfig.UpdateDate (DateTime?), 17] }
            1 -> JsonProjectionInfo
        SELECT TOP(2) l.Id, l.BreathPauseMs, l.CreateBy, l.CreateDate, l.DeleteBy, l.DeletedAt, l.Description, l.FinalQuestionWaitMs, l.IntroWaitMs, l.IsActive, l.IsDelete, l.PresentationId, l.SlidesEmbedUrl, l.SlidesSourceUrl, l.Slug, l.Title, l.UpdateBy, l.UpdateDate, l.SlideConfigs -> 
        FROM LessonConfig AS l
        WHERE l.Slug == @slug, 
        False, 
        Parameter
    )].GetRelationalCommandTemplate(parameters), 
    readerColumns: null, 
    shaper: (queryContext, dataReader, resultContext, resultCoordinator) => 
    {
        LessonConfig entity;
        Stream jsonStream;
        JsonReaderData jsonReader;
        Utf8JsonReaderManager jsonReaderManager;
        object[] currentKeyValues;
        entity = 
        {
            MaterializationContext materializationContext1;
            IEntityType entityType1;
            LessonConfig instance1;
            InternalEntityEntry entry1;
            bool hasNullKey1;
            materializationContext1 = new MaterializationContext(
                [LIFTABLE Constant: ValueBuffer | Resolver: _ => (object)ValueBuffer.Empty], 
                queryContext.Context
            );
            instance1 = default(LessonConfig);
            entry1 = queryContext.TryGetEntry(
                key: [LIFTABLE Constant: Key: LessonConfig.Id PK | Resolver: c => c.Dependencies.Model.FindEntityType("SupportRoom.Domain.Entities.LessonConfig").FindPrimaryKey()], 
                keyValues: new object[]{ (object)dataReader.GetString(0) }, 
                throwOnNullKey: True, 
                hasNullKey: hasNullKey1);
            !(hasNullKey1) ? entry1 != default(InternalEntityEntry) ? 
            {
                entityType1 = entry1.EntityType;
                return instance1 = (LessonConfig)entry1.Entity;
            } : 
            {
                ISnapshot shadowSnapshot1;
                shadowSnapshot1 = [LIFTABLE Constant: Snapshot | Resolver: _ => Snapshot.Empty];
                entityType1 = [LIFTABLE Constant: EntityType: LessonConfig | Resolver: namelessParameter{0} => namelessParameter{0}.Dependencies.Model.FindEntityType("SupportRoom.Domain.Entities.LessonConfig")];
                instance1 = switch (entityType1)
                {
                    case [LIFTABLE Constant: EntityType: LessonConfig | Resolver: namelessParameter{1} => namelessParameter{1}.Dependencies.Model.FindEntityType("SupportRoom.Domain.Entities.LessonConfig")]: 
                        {
                            return 
                            {
                                LessonConfig instance;
                                instance = new LessonConfig();
                                instance.<Id>k__BackingField = dataReader.GetString(0);
                                instance.<BreathPauseMs>k__BackingField = dataReader.GetInt32(1);
                                instance.<CreateBy>k__BackingField = dataReader.IsDBNull(2) ? default(string) : dataReader.GetString(2);
                                instance.<CreateDate>k__BackingField = dataReader.GetDateTime(3);
                                instance.<DeleteBy>k__BackingField = dataReader.IsDBNull(4) ? default(string) : dataReader.GetString(4);
                                instance.<DeletedAt>k__BackingField = dataReader.IsDBNull(5) ? default(DateTime?) : (DateTime?)dataReader.GetDateTime(5);
                                instance.<Description>k__BackingField = dataReader.IsDBNull(6) ? default(string) : dataReader.GetString(6);
                                instance.<FinalQuestionWaitMs>k__BackingField = dataReader.GetInt32(7);
                                instance.<IntroWaitMs>k__BackingField = dataReader.GetInt32(8);
                                instance.<IsActive>k__BackingField = dataReader.GetBoolean(9);
                                instance.<IsDelete>k__BackingField = dataReader.GetBoolean(10);
                                instance.<PresentationId>k__BackingField = dataReader.IsDBNull(11) ? default(string) : dataReader.GetString(11);
                                instance.<SlidesEmbedUrl>k__BackingField = dataReader.IsDBNull(12) ? default(string) : dataReader.GetString(12);
                                instance.<SlidesSourceUrl>k__BackingField = dataReader.GetString(13);
                                instance.<Slug>k__BackingField = dataReader.GetString(14);
                                instance.<Title>k__BackingField = dataReader.GetString(15);
                                instance.<UpdateBy>k__BackingField = dataReader.IsDBNull(16) ? default(string) : dataReader.GetString(16);
                                instance.<UpdateDate>k__BackingField = dataReader.IsDBNull(17) ? default(DateTime?) : (DateTime?)dataReader.GetDateTime(17);
                                (instance is IInjectableService) ? ((IInjectableService)instance).Injected(
                                    context: materializationContext1.Context, 
                                    entity: instance, 
                                    queryTrackingBehavior: TrackAll, 
                                    structuralType: [LIFTABLE Constant: EntityType: LessonConfig | Resolver: namelessParameter{2} => namelessParameter{2}.Dependencies.Model.FindEntityType("SupportRoom.Domain.Entities.LessonConfig")]) : default(void);
                                return instance;
                            }}
                    default: 
                        default(LessonConfig)
                }
                ;
                entry1 = entityType1 == default(IEntityType) ? default(InternalEntityEntry) : queryContext.StartTracking(
                    entityType: entityType1, 
                    entity: instance1, 
                    snapshot: shadowSnapshot1);
                return instance1;
            } : default(void);
            return instance1;
        };
        jsonStream = dataReader.IsDBNull(18) ? default(MemoryStream) : new MemoryStream(Encoding.UTF8.GetBytes(dataReader.GetString(18)));
        jsonReader = jsonStream == default(MemoryStream) ? default(JsonReaderData) : new JsonReaderData(jsonStream);
        jsonReader != default(JsonReaderData) ? 
        {
            jsonReaderManager = new Utf8JsonReaderManager(
                jsonReader, 
                queryContext.QueryLogger
            );
            jsonReaderManager.MoveNext();
            jsonReaderManager.CaptureState();
        } : default(void);
        currentKeyValues = new object[]{ (object)dataReader.GetString(0) };
        ShaperProcessingExpressionVisitor.IncludeJsonEntityCollection<LessonConfig, SlideConfig>(
            queryContext: queryContext, 
            keyPropertyValues: currentKeyValues, 
            jsonReaderData: jsonReader, 
            entity: entity, 
            innerShaper: (queryContext, namelessParameter{3}, namelessParameter{4}) => 
            {
                SlideConfig entityShaperMaterializer;
                return entityShaperMaterializer = 
                {
                    MaterializationContext materializationContext2;
                    IEntityType entityType2;
                    SlideConfig instance2;
                    InternalEntityEntry entry2;
                    bool hasNullKey2;
                    materializationContext2 = new MaterializationContext(
                        [LIFTABLE Constant: ValueBuffer | Resolver: _ => (object)ValueBuffer.Empty], 
                        queryContext.Context
                    );
                    instance2 = default(SlideConfig);
                    entry2 = queryContext.TryGetEntry(
                        key: [LIFTABLE Constant: Key: SlideConfig.LessonConfigId, SlideConfig.__synthesizedOrdinal PK | Resolver: c => c.Dependencies.Model.FindEntityType("SupportRoom.Domain.Entities.SlideConfig").FindPrimaryKey()], 
                        keyValues: new object[]
                        { 
                            namelessParameter{3}[0], 
                            namelessParameter{3}[1] 
                        }, 
                        throwOnNullKey: False, 
                        hasNullKey: hasNullKey2);
                    !(hasNullKey2) ? 
                    {
                        bool entityAlreadyTracked;
                        ISnapshot shadowSnapshot2;
                        entityAlreadyTracked = False;
                        shadowSnapshot2 = [LIFTABLE Constant: Snapshot | Resolver: _ => Snapshot.Empty];
                        entityType2 = [LIFTABLE Constant: EntityType: SlideConfig Owned | Resolver: namelessParameter{5} => namelessParameter{5}.Dependencies.Model.FindEntityType("SupportRoom.Domain.Entities.SlideConfig")];
                        entry2 != default(InternalEntityEntry) ? 
                        {
                            entityType2 = entry2.EntityType;
                            instance2 = (SlideConfig)entry2.Entity;
                            entityAlreadyTracked = True;
                        } : default(void);
                        instance2 = 
                        {
                            Utf8JsonReaderManager jsonReaderManager;
                            JsonTokenType tokenType;
                            SlideConfig instance;
                            int namelessParameter{6};
                            string namelessParameter{7};
                            int? namelessParameter{8};
                            jsonReaderManager = new Utf8JsonReaderManager(
                                namelessParameter{4}, 
                                queryContext.QueryLogger
                            );
                            tokenType = jsonReaderManager.CurrentReader.TokenType;
                            Loop(Break: done Continue: )
                            {
                                {
                                    tokenType = jsonReaderManager.MoveNext();
                                    switch (tokenType)
                                    {
                                        case PropertyName: 
                                            jsonReaderManager.CurrentReader.ValueTextEquals((ReadOnlySpan<byte>)Encoding.UTF8.GetBytes("SlideIndex")
                                                .AsSpan()) ? 
                                            {
                                                jsonReaderManager.MoveNext();
                                                namelessParameter{6} = (int)[LIFTABLE Constant: JsonInt32ReaderWriter | Resolver: c => c.Dependencies.Model.FindEntityType("SupportRoom.Domain.Entities.SlideConfig").FindProperty("SlideIndex").GetJsonValueReaderWriter() ?? c.Dependencies.Model.FindEntityType("SupportRoom.Domain.Entities.SlideConfig").FindProperty("SlideIndex").GetTypeMapping().JsonValueReaderWriter].FromJsonTyped(
                                                    manager: jsonReaderManager, 
                                                    existingObject: default(object));
                                            } : jsonReaderManager.CurrentReader.ValueTextEquals((ReadOnlySpan<byte>)Encoding.UTF8.GetBytes("SlideObjectId")
                                                .AsSpan()) ? 
                                            {
                                                jsonReaderManager.MoveNext();
                                                namelessParameter{7} = (string)[LIFTABLE Constant: JsonStringReaderWriter | Resolver: c => c.Dependencies.Model.FindEntityType("SupportRoom.Domain.Entities.SlideConfig").FindProperty("SlideObjectId").GetJsonValueReaderWriter() ?? c.Dependencies.Model.FindEntityType("SupportRoom.Domain.Entities.SlideConfig").FindProperty("SlideObjectId").GetTypeMapping().JsonValueReaderWriter].FromJsonTyped(
                                                    manager: jsonReaderManager, 
                                                    existingObject: default(object));
                                            } : jsonReaderManager.CurrentReader.ValueTextEquals((ReadOnlySpan<byte>)Encoding.UTF8.GetBytes("VideoDurationMs")
                                                .AsSpan()) ? 
                                            {
                                                jsonReaderManager.MoveNext();
                                                namelessParameter{8} = jsonReaderManager.CurrentReader.TokenType == Null ? default(int?) : (int?)(int)[LIFTABLE Constant: JsonInt32ReaderWriter | Resolver: c => c.Dependencies.Model.FindEntityType("SupportRoom.Domain.Entities.SlideConfig").FindProperty("VideoDurationMs").GetJsonValueReaderWriter() ?? c.Dependencies.Model.FindEntityType("SupportRoom.Domain.Entities.SlideConfig").FindProperty("VideoDurationMs").GetTypeMapping().JsonValueReaderWriter].FromJsonTyped(
                                                    manager: jsonReaderManager, 
                                                    existingObject: default(object));
                                            } : default(void)
                                        case EndObject: 
                                            Goto(break done)
                                        default: 
                                            {
                                                jsonReaderManager.Skip();
                                            }
                                    }
                                }}
                            jsonReaderManager.CaptureState();
                            !(entityAlreadyTracked) ? shadowSnapshot2 = (ISnapshot)new Snapshot<string, int>(
                                (string)namelessParameter{3}[0], 
                                (int)namelessParameter{3}[1]
                            ) : default(void);
                            entityAlreadyTracked ? 
                            {
                                instance = instance2;
                            } : 
                            {
                                instance = new SlideConfig();
                                instance.<SlideIndex>k__BackingField = namelessParameter{6};
                                instance.<SlideObjectId>k__BackingField = namelessParameter{7};
                                instance.<VideoDurationMs>k__BackingField = namelessParameter{8};
                                (instance is IInjectableService) ? ((IInjectableService)instance).Injected(
                                    context: materializationContext2.Context, 
                                    entity: instance, 
                                    queryTrackingBehavior: TrackAll, 
                                    structuralType: [LIFTABLE Constant: EntityType: SlideConfig Owned | Resolver: namelessParameter{9} => namelessParameter{9}.Dependencies.Model.FindEntityType("SupportRoom.Domain.Entities.SlideConfig")]) : default(void);
                            };
                            return instance;
                        };
                        !(entityAlreadyTracked || entityType2 == default(IEntityType)) ? 
                        {
                            queryContext.StartTracking(
                                entityType: entityType2, 
                                entity: instance2, 
                                snapshot: shadowSnapshot2);
                        } : default(void);
                    } : default(void);
                    return instance2;
                };
            }, 
            getOrCreateCollectionObject: namelessParameter{10} => 
            {
                return [LIFTABLE Constant: ClrCollectionAccessor<LessonConfig, List<SlideConfig>, SlideConfig> | Resolver: namelessParameter{11} => namelessParameter{11}.Dependencies.Model.FindEntityType("SupportRoom.Domain.Entities.LessonConfig").FindNavigation("SlideConfigs").GetCollectionAccessor()].GetOrCreate(
                    entity: namelessParameter{10}, 
                    forMaterialization: True);
            }, 
            fixup: (namelessParameter{12}, namelessParameter{13}) => 
            {
                return [LIFTABLE Constant: ClrCollectionAccessor<LessonConfig, List<SlideConfig>, SlideConfig> | Resolver: namelessParameter{14} => namelessParameter{14}.Dependencies.Model.FindEntityType("SupportRoom.Domain.Entities.LessonConfig").FindNavigation("SlideConfigs").GetCollectionAccessor()].Add(
                    entity: namelessParameter{12}, 
                    value: namelessParameter{13}, 
                    forMaterialization: True);
            }, 
            performFixup: False);
        return entity;
    }, 
    contextType: SupportRoom.Providers.Data.Data.ApplicationDbContext, 
    standAloneStateManager: False, 
    detailedErrorsEnabled: False, 
    threadSafetyChecksEnabled: True)
    .SingleOrDefault()'
[2026-08-08 03:17:33.042 DBG] [0HNNKNSO8HTMM:00000002] Microsoft.EntityFrameworkCore.Database.Connection: Creating DbConnection.
[2026-08-08 03:17:33.042 DBG] [0HNNKNSO8HTMM:00000002] Microsoft.EntityFrameworkCore.Database.Connection: Created DbConnection. (0ms).
[2026-08-08 03:17:33.043 DBG] [0HNNKNSO8HTMM:00000002] Microsoft.EntityFrameworkCore.Database.Connection: Opening connection to database 'supportroom' on server 'tcp://localhost:5432'.
[2026-08-08 03:17:33.064 DBG] [0HNNKNSO8HTMM:00000002] Microsoft.EntityFrameworkCore.Database.Connection: Opened connection to database 'supportroom' on server 'tcp://localhost:5432'.
[2026-08-08 03:17:33.064 DBG] [0HNNKNSO8HTMM:00000002] Microsoft.EntityFrameworkCore.Database.Command: Creating DbCommand for 'ExecuteReader'.
[2026-08-08 03:17:33.064 DBG] [0HNNKNSO8HTMM:00000002] Microsoft.EntityFrameworkCore.Database.Command: Created DbCommand for 'ExecuteReader' (0ms).
[2026-08-08 03:17:33.067 DBG] [0HNNKNSO8HTMM:00000002] Microsoft.EntityFrameworkCore.Database.Command: Initialized DbCommand for 'ExecuteReader' (2ms).
[2026-08-08 03:17:33.070 DBG] [0HNNKNSO8HTMM:00000002] Microsoft.EntityFrameworkCore.Database.Command: Executing DbCommand [Parameters=[@slug='?'], CommandType='Text', CommandTimeout='30']
SELECT l."Id", l."BreathPauseMs", l."CreateBy", l."CreateDate", l."DeleteBy", l."DeletedAt", l."Description", l."FinalQuestionWaitMs", l."IntroWaitMs", l."IsActive", l."IsDelete", l."PresentationId", l."SlidesEmbedUrl", l."SlidesSourceUrl", l."Slug", l."Title", l."UpdateBy", l."UpdateDate", l."SlideConfigs"
FROM "LessonConfig" AS l
WHERE l."Slug" = @slug
LIMIT 2
[2026-08-08 03:17:33.086 INF] [0HNNKNSO8HTMM:00000002] Microsoft.EntityFrameworkCore.Database.Command: Executed DbCommand (19ms) [Parameters=[@slug='?'], CommandType='Text', CommandTimeout='30']
SELECT l."Id", l."BreathPauseMs", l."CreateBy", l."CreateDate", l."DeleteBy", l."DeletedAt", l."Description", l."FinalQuestionWaitMs", l."IntroWaitMs", l."IsActive", l."IsDelete", l."PresentationId", l."SlidesEmbedUrl", l."SlidesSourceUrl", l."Slug", l."Title", l."UpdateBy", l."UpdateDate", l."SlideConfigs"
FROM "LessonConfig" AS l
WHERE l."Slug" = @slug
LIMIT 2
[2026-08-08 03:17:33.087 DBG] [0HNNKNSO8HTMM:00000002] Microsoft.EntityFrameworkCore.ChangeTracking: Context 'ApplicationDbContext' started tracking 'LessonConfig' entity. Consider using 'DbContextOptionsBuilder.EnableSensitiveDataLogging' to see key values.
[2026-08-08 03:17:33.100 DBG] [0HNNKNSO8HTMM:00000002] Microsoft.EntityFrameworkCore.ChangeTracking: Context 'ApplicationDbContext' started tracking 'SlideConfig' entity. Consider using 'DbContextOptionsBuilder.EnableSensitiveDataLogging' to see key values.
[2026-08-08 03:17:33.100 DBG] [0HNNKNSO8HTMM:00000002] Microsoft.EntityFrameworkCore.ChangeTracking: Context 'ApplicationDbContext' started tracking 'SlideConfig' entity. Consider using 'DbContextOptionsBuilder.EnableSensitiveDataLogging' to see key values.
[2026-08-08 03:17:33.100 DBG] [0HNNKNSO8HTMM:00000002] Microsoft.EntityFrameworkCore.ChangeTracking: Context 'ApplicationDbContext' started tracking 'SlideConfig' entity. Consider using 'DbContextOptionsBuilder.EnableSensitiveDataLogging' to see key values.
[2026-08-08 03:17:33.100 DBG] [0HNNKNSO8HTMM:00000002] Microsoft.EntityFrameworkCore.ChangeTracking: Context 'ApplicationDbContext' started tracking 'SlideConfig' entity. Consider using 'DbContextOptionsBuilder.EnableSensitiveDataLogging' to see key values.
[2026-08-08 03:17:33.100 DBG] [0HNNKNSO8HTMM:00000002] Microsoft.EntityFrameworkCore.ChangeTracking: Context 'ApplicationDbContext' started tracking 'SlideConfig' entity. Consider using 'DbContextOptionsBuilder.EnableSensitiveDataLogging' to see key values.
[2026-08-08 03:17:33.100 DBG] [0HNNKNSO8HTMM:00000002] Microsoft.EntityFrameworkCore.ChangeTracking: Context 'ApplicationDbContext' started tracking 'SlideConfig' entity. Consider using 'DbContextOptionsBuilder.EnableSensitiveDataLogging' to see key values.
[2026-08-08 03:17:33.100 DBG] [0HNNKNSO8HTMM:00000002] Microsoft.EntityFrameworkCore.Database.Command: Closing data reader to 'supportroom' on server 'tcp://localhost:5432'.
[2026-08-08 03:17:33.100 DBG] [0HNNKNSO8HTMM:00000002] Microsoft.EntityFrameworkCore.Database.Command: A data reader for 'supportroom' on server 'tcp://localhost:5432' is being disposed after spending 13ms reading results.
[2026-08-08 03:17:33.100 DBG] [0HNNKNSO8HTMM:00000002] Microsoft.EntityFrameworkCore.Database.Connection: Closing connection to database 'supportroom' on server 'tcp://localhost:5432'.
[2026-08-08 03:17:33.100 DBG] [0HNNKNSO8HTMM:00000002] Microsoft.EntityFrameworkCore.Database.Connection: Closed connection to database 'supportroom' on server 'tcp://localhost:5432' (0ms).
[2026-08-08 03:17:33.128 DBG] [0HNNKNSO8HTMM:00000002] Microsoft.EntityFrameworkCore.ChangeTracking: Context 'ApplicationDbContext' started tracking 'TrainingSession' entity. Consider using 'DbContextOptionsBuilder.EnableSensitiveDataLogging' to see key values.
[2026-08-08 03:17:33.130 DBG] [0HNNKNSO8HTMM:00000002] Microsoft.EntityFrameworkCore.Update: SaveChanges starting for 'ApplicationDbContext'.
[2026-08-08 03:17:33.133 DBG] [0HNNKNSO8HTMM:00000002] Microsoft.EntityFrameworkCore.ChangeTracking: DetectChanges starting for 'ApplicationDbContext'.
[2026-08-08 03:17:33.200 DBG] [0HNNKNSO8HTMM:00000002] Microsoft.EntityFrameworkCore.ChangeTracking: DetectChanges completed for 'ApplicationDbContext'.
[2026-08-08 03:17:33.273 DBG] [0HNNKNSO8HTMM:00000002] Microsoft.EntityFrameworkCore.Database.Connection: Opening connection to database 'supportroom' on server 'tcp://localhost:5432'.
[2026-08-08 03:17:33.273 DBG] [0HNNKNSO8HTMM:00000002] Microsoft.EntityFrameworkCore.Database.Connection: Opened connection to database 'supportroom' on server 'tcp://localhost:5432'.
[2026-08-08 03:17:33.274 DBG] [0HNNKNSO8HTMM:00000002] Microsoft.EntityFrameworkCore.Database.Command: Creating DbCommand for 'ExecuteReader'.
[2026-08-08 03:17:33.274 DBG] [0HNNKNSO8HTMM:00000002] Microsoft.EntityFrameworkCore.Database.Command: Created DbCommand for 'ExecuteReader' (0ms).
[2026-08-08 03:17:33.275 DBG] [0HNNKNSO8HTMM:00000002] Microsoft.EntityFrameworkCore.Database.Command: Initialized DbCommand for 'ExecuteReader' (0ms).
[2026-08-08 03:17:33.275 DBG] [0HNNKNSO8HTMM:00000002] Microsoft.EntityFrameworkCore.Database.Command: Executing DbCommand [Parameters=[@p0='?', @p1='?' (DbType = Boolean), @p2='?', @p3='?' (DbType = DateTime), @p4='?', @p5='?' (DbType = DateTime), @p6='?' (DbType = DateTime), @p7='?' (DbType = DateTime), @p8='?' (DbType = Boolean), @p9='?', @p10='?', @p11='?', @p12='?', @p13='?' (DbType = DateTime), @p14='?', @p15='?', @p16='?', @p17='?', @p18='?' (DbType = DateTime)], CommandType='Text', CommandTimeout='30']
INSERT INTO "TrainingSession" ("Id", "CompletedAllSlides", "CreateBy", "CreateDate", "DeleteBy", "DeletedAt", "EndedAt", "ExpiresAt", "IsDelete", "LastSlideObjectId", "LessonId", "LessonSlug", "SchoolName", "StartedAt", "Status", "TeacherName", "Token", "UpdateBy", "UpdateDate")
VALUES (@p0, @p1, @p2, @p3, @p4, @p5, @p6, @p7, @p8, @p9, @p10, @p11, @p12, @p13, @p14, @p15, @p16, @p17, @p18);
[2026-08-08 03:17:33.293 INF] [0HNNKNSO8HTMM:00000002] Microsoft.EntityFrameworkCore.Database.Command: Executed DbCommand (18ms) [Parameters=[@p0='?', @p1='?' (DbType = Boolean), @p2='?', @p3='?' (DbType = DateTime), @p4='?', @p5='?' (DbType = DateTime), @p6='?' (DbType = DateTime), @p7='?' (DbType = DateTime), @p8='?' (DbType = Boolean), @p9='?', @p10='?', @p11='?', @p12='?', @p13='?' (DbType = DateTime), @p14='?', @p15='?', @p16='?', @p17='?', @p18='?' (DbType = DateTime)], CommandType='Text', CommandTimeout='30']
INSERT INTO "TrainingSession" ("Id", "CompletedAllSlides", "CreateBy", "CreateDate", "DeleteBy", "DeletedAt", "EndedAt", "ExpiresAt", "IsDelete", "LastSlideObjectId", "LessonId", "LessonSlug", "SchoolName", "StartedAt", "Status", "TeacherName", "Token", "UpdateBy", "UpdateDate")
VALUES (@p0, @p1, @p2, @p3, @p4, @p5, @p6, @p7, @p8, @p9, @p10, @p11, @p12, @p13, @p14, @p15, @p16, @p17, @p18);
[2026-08-08 03:17:33.297 DBG] [0HNNKNSO8HTMM:00000002] Microsoft.EntityFrameworkCore.Database.Command: Closing data reader to 'supportroom' on server 'tcp://localhost:5432'.
[2026-08-08 03:17:33.297 DBG] [0HNNKNSO8HTMM:00000002] Microsoft.EntityFrameworkCore.Database.Command: A data reader for 'supportroom' on server 'tcp://localhost:5432' is being disposed after spending 4ms reading results.
[2026-08-08 03:17:33.298 DBG] [0HNNKNSO8HTMM:00000002] Microsoft.EntityFrameworkCore.Database.Connection: Closing connection to database 'supportroom' on server 'tcp://localhost:5432'.
[2026-08-08 03:17:33.298 DBG] [0HNNKNSO8HTMM:00000002] Microsoft.EntityFrameworkCore.Database.Connection: Closed connection to database 'supportroom' on server 'tcp://localhost:5432' (0ms).
[2026-08-08 03:17:33.310 DBG] [0HNNKNSO8HTMM:00000002] Microsoft.EntityFrameworkCore.ChangeTracking: An entity of type 'TrainingSession' tracked by 'ApplicationDbContext' changed state from 'Added' to 'Unchanged'. Consider using 'DbContextOptionsBuilder.EnableSensitiveDataLogging' to see key values.
[2026-08-08 03:17:33.312 DBG] [0HNNKNSO8HTMM:00000002] Microsoft.EntityFrameworkCore.Update: SaveChanges completed for 'ApplicationDbContext' with 1 entities written to the database.
[2026-08-08 03:17:33.312 INF] [0HNNKNSO8HTMM:00000002] SupportRoom.Application.Services.ITrainingSessionService: Session created: session-4fe9d9a9-289d-48d0-845c-30e65cce74de lesson=login-mobile-test
[2026-08-08 03:17:33.320 INF] [0HNNKNSO8HTMM:00000002] Serilog.AspNetCore.RequestLoggingMiddleware: HTTP POST /api/sessions responded 201 in 375.8204 ms
[2026-08-08 03:17:33.321 DBG] [] Microsoft.EntityFrameworkCore.Infrastructure: 'ApplicationDbContext' disposed.
[2026-08-08 03:17:33.321 DBG] [] Microsoft.EntityFrameworkCore.Database.Connection: Disposing connection to database 'supportroom' on server 'tcp://localhost:5432'.
[2026-08-08 03:17:33.321 DBG] [] Microsoft.EntityFrameworkCore.Database.Connection: Disposed connection to database 'supportroom' on server 'tcp://localhost:5432' (0ms).
[2026-08-08 03:17:51.394 DBG] [0HNNKNSO8HTMM:00000003] Microsoft.EntityFrameworkCore.Infrastructure: Entity Framework Core 10.0.10 initialized 'ApplicationDbContext' using provider 'Npgsql.EntityFrameworkCore.PostgreSQL:10.0.3+5e912bf071068a44e5abbdab497b313ba99d3ee1' with options: None
[2026-08-08 03:17:51.401 DBG] [0HNNKNSO8HTMM:00000003] Microsoft.EntityFrameworkCore.Query: Compiling query expression: 
'DbSet<TrainingSession>()
    .Where(x => x.Token == @token)
    .SingleOrDefault()'
[2026-08-08 03:17:51.413 DBG] [0HNNKNSO8HTMM:00000003] Microsoft.EntityFrameworkCore.Query: Generated query execution expression: 
'queryContext => SingleQueryingEnumerable.Create<TrainingSession>(
    relationalQueryContext: (RelationalQueryContext)queryContext, 
    relationalCommandResolver: parameters => [LIFTABLE Constant: RelationalCommandCache.QueryExpression(
        Projection Mapping:
            EmptyProjectionMember -> Dictionary<IPropertyBase, int> { [Property: TrainingSession.Id (string) Required PK AfterSave:Throw, 0], [Property: TrainingSession.CompletedAllSlides (bool) Required, 1], [Property: TrainingSession.CreateBy (string), 2], [Property: TrainingSession.CreateDate (DateTime) Required, 3], [Property: TrainingSession.DeleteBy (string), 4], [Property: TrainingSession.DeletedAt (DateTime?), 5], [Property: TrainingSession.EndedAt (DateTime?), 6], [Property: TrainingSession.ExpiresAt (DateTime) Required, 7], [Property: TrainingSession.IsDelete (bool) Required, 8], [Property: TrainingSession.LastSlideObjectId (string), 9], [Property: TrainingSession.LessonId (string) Required, 10], [Property: TrainingSession.LessonSlug (string) Required, 11], [Property: TrainingSession.SchoolName (string), 12], [Property: TrainingSession.StartedAt (DateTime?), 13], [Property: TrainingSession.Status (string) Required, 14], [Property: TrainingSession.TeacherName (string), 15], [Property: TrainingSession.Token (string) Required Index, 16], [Property: TrainingSession.UpdateBy (string), 17], [Property: TrainingSession.UpdateDate (DateTime?), 18] }
        SELECT TOP(2) t.Id, t.CompletedAllSlides, t.CreateBy, t.CreateDate, t.DeleteBy, t.DeletedAt, t.EndedAt, t.ExpiresAt, t.IsDelete, t.LastSlideObjectId, t.LessonId, t.LessonSlug, t.SchoolName, t.StartedAt, t.Status, t.TeacherName, t.Token, t.UpdateBy, t.UpdateDate
        FROM TrainingSession AS t
        WHERE t.Token == @token) | Resolver: c => new RelationalCommandCache(
        c.Dependencies.MemoryCache, 
        c.RelationalDependencies.QuerySqlGeneratorFactory, 
        c.RelationalDependencies.RelationalParameterBasedSqlProcessorFactory, 
        Projection Mapping:
            EmptyProjectionMember -> Dictionary<IPropertyBase, int> { [Property: TrainingSession.Id (string) Required PK AfterSave:Throw, 0], [Property: TrainingSession.CompletedAllSlides (bool) Required, 1], [Property: TrainingSession.CreateBy (string), 2], [Property: TrainingSession.CreateDate (DateTime) Required, 3], [Property: TrainingSession.DeleteBy (string), 4], [Property: TrainingSession.DeletedAt (DateTime?), 5], [Property: TrainingSession.EndedAt (DateTime?), 6], [Property: TrainingSession.ExpiresAt (DateTime) Required, 7], [Property: TrainingSession.IsDelete (bool) Required, 8], [Property: TrainingSession.LastSlideObjectId (string), 9], [Property: TrainingSession.LessonId (string) Required, 10], [Property: TrainingSession.LessonSlug (string) Required, 11], [Property: TrainingSession.SchoolName (string), 12], [Property: TrainingSession.StartedAt (DateTime?), 13], [Property: TrainingSession.Status (string) Required, 14], [Property: TrainingSession.TeacherName (string), 15], [Property: TrainingSession.Token (string) Required Index, 16], [Property: TrainingSession.UpdateBy (string), 17], [Property: TrainingSession.UpdateDate (DateTime?), 18] }
        SELECT TOP(2) t.Id, t.CompletedAllSlides, t.CreateBy, t.CreateDate, t.DeleteBy, t.DeletedAt, t.EndedAt, t.ExpiresAt, t.IsDelete, t.LastSlideObjectId, t.LessonId, t.LessonSlug, t.SchoolName, t.StartedAt, t.Status, t.TeacherName, t.Token, t.UpdateBy, t.UpdateDate
        FROM TrainingSession AS t
        WHERE t.Token == @token, 
        False, 
        Parameter
    )].GetRelationalCommandTemplate(parameters), 
    readerColumns: null, 
    shaper: (queryContext, dataReader, resultContext, resultCoordinator) => 
    {
        TrainingSession entity;
        entity = 
        {
            MaterializationContext materializationContext1;
            IEntityType entityType1;
            TrainingSession instance1;
            InternalEntityEntry entry1;
            bool hasNullKey1;
            materializationContext1 = new MaterializationContext(
                [LIFTABLE Constant: ValueBuffer | Resolver: _ => (object)ValueBuffer.Empty], 
                queryContext.Context
            );
            instance1 = default(TrainingSession);
            entry1 = queryContext.TryGetEntry(
                key: [LIFTABLE Constant: Key: TrainingSession.Id PK | Resolver: c => c.Dependencies.Model.FindEntityType("SupportRoom.Domain.Entities.TrainingSession").FindPrimaryKey()], 
                keyValues: new object[]{ (object)dataReader.GetString(0) }, 
                throwOnNullKey: True, 
                hasNullKey: hasNullKey1);
            !(hasNullKey1) ? entry1 != default(InternalEntityEntry) ? 
            {
                entityType1 = entry1.EntityType;
                return instance1 = (TrainingSession)entry1.Entity;
            } : 
            {
                ISnapshot shadowSnapshot1;
                shadowSnapshot1 = [LIFTABLE Constant: Snapshot | Resolver: _ => Snapshot.Empty];
                entityType1 = [LIFTABLE Constant: EntityType: TrainingSession | Resolver: namelessParameter{0} => namelessParameter{0}.Dependencies.Model.FindEntityType("SupportRoom.Domain.Entities.TrainingSession")];
                instance1 = switch (entityType1)
                {
                    case [LIFTABLE Constant: EntityType: TrainingSession | Resolver: namelessParameter{1} => namelessParameter{1}.Dependencies.Model.FindEntityType("SupportRoom.Domain.Entities.TrainingSession")]: 
                        {
                            return 
                            {
                                TrainingSession instance;
                                instance = new TrainingSession();
                                instance.<Id>k__BackingField = dataReader.GetString(0);
                                instance.<CompletedAllSlides>k__BackingField = dataReader.GetBoolean(1);
                                instance.<CreateBy>k__BackingField = dataReader.IsDBNull(2) ? default(string) : dataReader.GetString(2);
                                instance.<CreateDate>k__BackingField = dataReader.GetDateTime(3);
                                instance.<DeleteBy>k__BackingField = dataReader.IsDBNull(4) ? default(string) : dataReader.GetString(4);
                                instance.<DeletedAt>k__BackingField = dataReader.IsDBNull(5) ? default(DateTime?) : (DateTime?)dataReader.GetDateTime(5);
                                instance.<EndedAt>k__BackingField = dataReader.IsDBNull(6) ? default(DateTime?) : (DateTime?)dataReader.GetDateTime(6);
                                instance.<ExpiresAt>k__BackingField = dataReader.GetDateTime(7);
                                instance.<IsDelete>k__BackingField = dataReader.GetBoolean(8);
                                instance.<LastSlideObjectId>k__BackingField = dataReader.IsDBNull(9) ? default(string) : dataReader.GetString(9);
                                instance.<LessonId>k__BackingField = dataReader.GetString(10);
                                instance.<LessonSlug>k__BackingField = dataReader.GetString(11);
                                instance.<SchoolName>k__BackingField = dataReader.IsDBNull(12) ? default(string) : dataReader.GetString(12);
                                instance.<StartedAt>k__BackingField = dataReader.IsDBNull(13) ? default(DateTime?) : (DateTime?)dataReader.GetDateTime(13);
                                instance.<Status>k__BackingField = dataReader.GetString(14);
                                instance.<TeacherName>k__BackingField = dataReader.IsDBNull(15) ? default(string) : dataReader.GetString(15);
                                instance.<Token>k__BackingField = dataReader.GetString(16);
                                instance.<UpdateBy>k__BackingField = dataReader.IsDBNull(17) ? default(string) : dataReader.GetString(17);
                                instance.<UpdateDate>k__BackingField = dataReader.IsDBNull(18) ? default(DateTime?) : (DateTime?)dataReader.GetDateTime(18);
                                (instance is IInjectableService) ? ((IInjectableService)instance).Injected(
                                    context: materializationContext1.Context, 
                                    entity: instance, 
                                    queryTrackingBehavior: TrackAll, 
                                    structuralType: [LIFTABLE Constant: EntityType: TrainingSession | Resolver: namelessParameter{2} => namelessParameter{2}.Dependencies.Model.FindEntityType("SupportRoom.Domain.Entities.TrainingSession")]) : default(void);
                                return instance;
                            }}
                    default: 
                        default(TrainingSession)
                }
                ;
                entry1 = entityType1 == default(IEntityType) ? default(InternalEntityEntry) : queryContext.StartTracking(
                    entityType: entityType1, 
                    entity: instance1, 
                    snapshot: shadowSnapshot1);
                return instance1;
            } : default(void);
            return instance1;
        };
        return entity;
    }, 
    contextType: SupportRoom.Providers.Data.Data.ApplicationDbContext, 
    standAloneStateManager: False, 
    detailedErrorsEnabled: False, 
    threadSafetyChecksEnabled: True)
    .SingleOrDefault()'
[2026-08-08 03:17:51.418 DBG] [0HNNKNSO8HTMM:00000003] Microsoft.EntityFrameworkCore.Database.Connection: Creating DbConnection.
[2026-08-08 03:17:51.418 DBG] [0HNNKNSO8HTMM:00000003] Microsoft.EntityFrameworkCore.Database.Connection: Created DbConnection. (0ms).
[2026-08-08 03:17:51.418 DBG] [0HNNKNSO8HTMM:00000003] Microsoft.EntityFrameworkCore.Database.Connection: Opening connection to database 'supportroom' on server 'tcp://localhost:5432'.
[2026-08-08 03:17:51.418 DBG] [0HNNKNSO8HTMM:00000003] Microsoft.EntityFrameworkCore.Database.Connection: Opened connection to database 'supportroom' on server 'tcp://localhost:5432'.
[2026-08-08 03:17:51.418 DBG] [0HNNKNSO8HTMM:00000003] Microsoft.EntityFrameworkCore.Database.Command: Creating DbCommand for 'ExecuteReader'.
[2026-08-08 03:17:51.419 DBG] [0HNNKNSO8HTMM:00000003] Microsoft.EntityFrameworkCore.Database.Command: Created DbCommand for 'ExecuteReader' (0ms).
[2026-08-08 03:17:51.419 DBG] [0HNNKNSO8HTMM:00000003] Microsoft.EntityFrameworkCore.Database.Command: Initialized DbCommand for 'ExecuteReader' (0ms).
[2026-08-08 03:17:51.419 DBG] [0HNNKNSO8HTMM:00000003] Microsoft.EntityFrameworkCore.Database.Command: Executing DbCommand [Parameters=[@token='?'], CommandType='Text', CommandTimeout='30']
SELECT t."Id", t."CompletedAllSlides", t."CreateBy", t."CreateDate", t."DeleteBy", t."DeletedAt", t."EndedAt", t."ExpiresAt", t."IsDelete", t."LastSlideObjectId", t."LessonId", t."LessonSlug", t."SchoolName", t."StartedAt", t."Status", t."TeacherName", t."Token", t."UpdateBy", t."UpdateDate"
FROM "TrainingSession" AS t
WHERE t."Token" = @token
LIMIT 2
[2026-08-08 03:17:51.422 INF] [0HNNKNSO8HTMM:00000003] Microsoft.EntityFrameworkCore.Database.Command: Executed DbCommand (3ms) [Parameters=[@token='?'], CommandType='Text', CommandTimeout='30']
SELECT t."Id", t."CompletedAllSlides", t."CreateBy", t."CreateDate", t."DeleteBy", t."DeletedAt", t."EndedAt", t."ExpiresAt", t."IsDelete", t."LastSlideObjectId", t."LessonId", t."LessonSlug", t."SchoolName", t."StartedAt", t."Status", t."TeacherName", t."Token", t."UpdateBy", t."UpdateDate"
FROM "TrainingSession" AS t
WHERE t."Token" = @token
LIMIT 2
[2026-08-08 03:17:51.422 DBG] [0HNNKNSO8HTMM:00000003] Microsoft.EntityFrameworkCore.ChangeTracking: Context 'ApplicationDbContext' started tracking 'TrainingSession' entity. Consider using 'DbContextOptionsBuilder.EnableSensitiveDataLogging' to see key values.
[2026-08-08 03:17:51.423 DBG] [0HNNKNSO8HTMM:00000003] Microsoft.EntityFrameworkCore.Database.Command: Closing data reader to 'supportroom' on server 'tcp://localhost:5432'.
[2026-08-08 03:17:51.423 DBG] [0HNNKNSO8HTMM:00000003] Microsoft.EntityFrameworkCore.Database.Command: A data reader for 'supportroom' on server 'tcp://localhost:5432' is being disposed after spending 0ms reading results.
[2026-08-08 03:17:51.423 DBG] [0HNNKNSO8HTMM:00000003] Microsoft.EntityFrameworkCore.Database.Connection: Closing connection to database 'supportroom' on server 'tcp://localhost:5432'.
[2026-08-08 03:17:51.423 DBG] [0HNNKNSO8HTMM:00000003] Microsoft.EntityFrameworkCore.Database.Connection: Closed connection to database 'supportroom' on server 'tcp://localhost:5432' (0ms).
[2026-08-08 03:17:51.424 DBG] [0HNNKNSO8HTMM:00000003] Microsoft.EntityFrameworkCore.Database.Connection: Opening connection to database 'supportroom' on server 'tcp://localhost:5432'.
[2026-08-08 03:17:51.424 DBG] [0HNNKNSO8HTMM:00000003] Microsoft.EntityFrameworkCore.Database.Connection: Opened connection to database 'supportroom' on server 'tcp://localhost:5432'.
[2026-08-08 03:17:51.424 DBG] [0HNNKNSO8HTMM:00000003] Microsoft.EntityFrameworkCore.Database.Command: Creating DbCommand for 'ExecuteReader'.
[2026-08-08 03:17:51.424 DBG] [0HNNKNSO8HTMM:00000003] Microsoft.EntityFrameworkCore.Database.Command: Created DbCommand for 'ExecuteReader' (0ms).
[2026-08-08 03:17:51.424 DBG] [0HNNKNSO8HTMM:00000003] Microsoft.EntityFrameworkCore.Database.Command: Initialized DbCommand for 'ExecuteReader' (0ms).
[2026-08-08 03:17:51.425 DBG] [0HNNKNSO8HTMM:00000003] Microsoft.EntityFrameworkCore.Database.Command: Executing DbCommand [Parameters=[@slug='?'], CommandType='Text', CommandTimeout='30']
SELECT l."Id", l."BreathPauseMs", l."CreateBy", l."CreateDate", l."DeleteBy", l."DeletedAt", l."Description", l."FinalQuestionWaitMs", l."IntroWaitMs", l."IsActive", l."IsDelete", l."PresentationId", l."SlidesEmbedUrl", l."SlidesSourceUrl", l."Slug", l."Title", l."UpdateBy", l."UpdateDate", l."SlideConfigs"
FROM "LessonConfig" AS l
WHERE l."Slug" = @slug
LIMIT 2
[2026-08-08 03:17:51.427 INF] [0HNNKNSO8HTMM:00000003] Microsoft.EntityFrameworkCore.Database.Command: Executed DbCommand (2ms) [Parameters=[@slug='?'], CommandType='Text', CommandTimeout='30']
SELECT l."Id", l."BreathPauseMs", l."CreateBy", l."CreateDate", l."DeleteBy", l."DeletedAt", l."Description", l."FinalQuestionWaitMs", l."IntroWaitMs", l."IsActive", l."IsDelete", l."PresentationId", l."SlidesEmbedUrl", l."SlidesSourceUrl", l."Slug", l."Title", l."UpdateBy", l."UpdateDate", l."SlideConfigs"
FROM "LessonConfig" AS l
WHERE l."Slug" = @slug
LIMIT 2
[2026-08-08 03:17:51.427 DBG] [0HNNKNSO8HTMM:00000003] Microsoft.EntityFrameworkCore.ChangeTracking: Context 'ApplicationDbContext' started tracking 'LessonConfig' entity. Consider using 'DbContextOptionsBuilder.EnableSensitiveDataLogging' to see key values.
[2026-08-08 03:17:51.428 DBG] [0HNNKNSO8HTMM:00000003] Microsoft.EntityFrameworkCore.ChangeTracking: Context 'ApplicationDbContext' started tracking 'SlideConfig' entity. Consider using 'DbContextOptionsBuilder.EnableSensitiveDataLogging' to see key values.
[2026-08-08 03:17:51.428 DBG] [0HNNKNSO8HTMM:00000003] Microsoft.EntityFrameworkCore.ChangeTracking: Context 'ApplicationDbContext' started tracking 'SlideConfig' entity. Consider using 'DbContextOptionsBuilder.EnableSensitiveDataLogging' to see key values.
[2026-08-08 03:17:51.428 DBG] [0HNNKNSO8HTMM:00000003] Microsoft.EntityFrameworkCore.ChangeTracking: Context 'ApplicationDbContext' started tracking 'SlideConfig' entity. Consider using 'DbContextOptionsBuilder.EnableSensitiveDataLogging' to see key values.
[2026-08-08 03:17:51.428 DBG] [0HNNKNSO8HTMM:00000003] Microsoft.EntityFrameworkCore.ChangeTracking: Context 'ApplicationDbContext' started tracking 'SlideConfig' entity. Consider using 'DbContextOptionsBuilder.EnableSensitiveDataLogging' to see key values.
[2026-08-08 03:17:51.429 DBG] [0HNNKNSO8HTMM:00000003] Microsoft.EntityFrameworkCore.ChangeTracking: Context 'ApplicationDbContext' started tracking 'SlideConfig' entity. Consider using 'DbContextOptionsBuilder.EnableSensitiveDataLogging' to see key values.
[2026-08-08 03:17:51.429 DBG] [0HNNKNSO8HTMM:00000003] Microsoft.EntityFrameworkCore.ChangeTracking: Context 'ApplicationDbContext' started tracking 'SlideConfig' entity. Consider using 'DbContextOptionsBuilder.EnableSensitiveDataLogging' to see key values.
[2026-08-08 03:17:51.429 DBG] [0HNNKNSO8HTMM:00000003] Microsoft.EntityFrameworkCore.Database.Command: Closing data reader to 'supportroom' on server 'tcp://localhost:5432'.
[2026-08-08 03:17:51.429 DBG] [0HNNKNSO8HTMM:00000003] Microsoft.EntityFrameworkCore.Database.Command: A data reader for 'supportroom' on server 'tcp://localhost:5432' is being disposed after spending 1ms reading results.
[2026-08-08 03:17:51.429 DBG] [0HNNKNSO8HTMM:00000003] Microsoft.EntityFrameworkCore.Database.Connection: Closing connection to database 'supportroom' on server 'tcp://localhost:5432'.
[2026-08-08 03:17:51.429 DBG] [0HNNKNSO8HTMM:00000003] Microsoft.EntityFrameworkCore.Database.Connection: Closed connection to database 'supportroom' on server 'tcp://localhost:5432' (0ms).
[2026-08-08 03:17:51.439 INF] [0HNNKNSO8HTMM:00000003] Serilog.AspNetCore.RequestLoggingMiddleware: HTTP GET /api/sessions/99a673db-e420-4d37-85eb-df85f2b1d29d responded 200 in 50.5047 ms
[2026-08-08 03:17:51.439 DBG] [] Microsoft.EntityFrameworkCore.Infrastructure: 'ApplicationDbContext' disposed.
[2026-08-08 03:17:51.439 DBG] [] Microsoft.EntityFrameworkCore.Database.Connection: Disposing connection to database 'supportroom' on server 'tcp://localhost:5432'.
[2026-08-08 03:17:51.439 DBG] [] Microsoft.EntityFrameworkCore.Database.Connection: Disposed connection to database 'supportroom' on server 'tcp://localhost:5432' (0ms).
[2026-08-08 03:17:53.227 DBG] [0HNNKNSO8HTMM:00000004] Microsoft.EntityFrameworkCore.Infrastructure: Entity Framework Core 10.0.10 initialized 'ApplicationDbContext' using provider 'Npgsql.EntityFrameworkCore.PostgreSQL:10.0.3+5e912bf071068a44e5abbdab497b313ba99d3ee1' with options: None
[2026-08-08 03:17:53.227 DBG] [0HNNKNSO8HTMM:00000004] Microsoft.EntityFrameworkCore.Database.Connection: Creating DbConnection.
[2026-08-08 03:17:53.227 DBG] [0HNNKNSO8HTMM:00000004] Microsoft.EntityFrameworkCore.Database.Connection: Created DbConnection. (0ms).
[2026-08-08 03:17:53.227 DBG] [0HNNKNSO8HTMM:00000004] Microsoft.EntityFrameworkCore.Database.Connection: Opening connection to database 'supportroom' on server 'tcp://localhost:5432'.
[2026-08-08 03:17:53.227 DBG] [0HNNKNSO8HTMM:00000004] Microsoft.EntityFrameworkCore.Database.Connection: Opened connection to database 'supportroom' on server 'tcp://localhost:5432'.
[2026-08-08 03:17:53.227 DBG] [0HNNKNSO8HTMM:00000004] Microsoft.EntityFrameworkCore.Database.Command: Creating DbCommand for 'ExecuteReader'.
[2026-08-08 03:17:53.227 DBG] [0HNNKNSO8HTMM:00000004] Microsoft.EntityFrameworkCore.Database.Command: Created DbCommand for 'ExecuteReader' (0ms).
[2026-08-08 03:17:53.227 DBG] [0HNNKNSO8HTMM:00000004] Microsoft.EntityFrameworkCore.Database.Command: Initialized DbCommand for 'ExecuteReader' (0ms).
[2026-08-08 03:17:53.227 DBG] [0HNNKNSO8HTMM:00000004] Microsoft.EntityFrameworkCore.Database.Command: Executing DbCommand [Parameters=[], CommandType='Text', CommandTimeout='30']
SELECT l."Id", l."BreathPauseMs", l."CreateBy", l."CreateDate", l."DeleteBy", l."DeletedAt", l."Description", l."FinalQuestionWaitMs", l."IntroWaitMs", l."IsActive", l."IsDelete", l."PresentationId", l."SlidesEmbedUrl", l."SlidesSourceUrl", l."Slug", l."Title", l."UpdateBy", l."UpdateDate", l."SlideConfigs"
FROM "LessonConfig" AS l
[2026-08-08 03:17:53.230 INF] [0HNNKNSO8HTMM:00000004] Microsoft.EntityFrameworkCore.Database.Command: Executed DbCommand (2ms) [Parameters=[], CommandType='Text', CommandTimeout='30']
SELECT l."Id", l."BreathPauseMs", l."CreateBy", l."CreateDate", l."DeleteBy", l."DeletedAt", l."Description", l."FinalQuestionWaitMs", l."IntroWaitMs", l."IsActive", l."IsDelete", l."PresentationId", l."SlidesEmbedUrl", l."SlidesSourceUrl", l."Slug", l."Title", l."UpdateBy", l."UpdateDate", l."SlideConfigs"
FROM "LessonConfig" AS l
[2026-08-08 03:17:53.230 DBG] [0HNNKNSO8HTMM:00000004] Microsoft.EntityFrameworkCore.ChangeTracking: Context 'ApplicationDbContext' started tracking 'LessonConfig' entity. Consider using 'DbContextOptionsBuilder.EnableSensitiveDataLogging' to see key values.
[2026-08-08 03:17:53.230 DBG] [0HNNKNSO8HTMM:00000004] Microsoft.EntityFrameworkCore.ChangeTracking: Context 'ApplicationDbContext' started tracking 'SlideConfig' entity. Consider using 'DbContextOptionsBuilder.EnableSensitiveDataLogging' to see key values.
[2026-08-08 03:17:53.230 DBG] [0HNNKNSO8HTMM:00000004] Microsoft.EntityFrameworkCore.ChangeTracking: Context 'ApplicationDbContext' started tracking 'SlideConfig' entity. Consider using 'DbContextOptionsBuilder.EnableSensitiveDataLogging' to see key values.
[2026-08-08 03:17:53.230 DBG] [0HNNKNSO8HTMM:00000004] Microsoft.EntityFrameworkCore.ChangeTracking: Context 'ApplicationDbContext' started tracking 'SlideConfig' entity. Consider using 'DbContextOptionsBuilder.EnableSensitiveDataLogging' to see key values.
[2026-08-08 03:17:53.231 DBG] [0HNNKNSO8HTMM:00000004] Microsoft.EntityFrameworkCore.ChangeTracking: Context 'ApplicationDbContext' started tracking 'SlideConfig' entity. Consider using 'DbContextOptionsBuilder.EnableSensitiveDataLogging' to see key values.
[2026-08-08 03:17:53.231 DBG] [0HNNKNSO8HTMM:00000004] Microsoft.EntityFrameworkCore.ChangeTracking: Context 'ApplicationDbContext' started tracking 'SlideConfig' entity. Consider using 'DbContextOptionsBuilder.EnableSensitiveDataLogging' to see key values.
[2026-08-08 03:17:53.231 DBG] [0HNNKNSO8HTMM:00000004] Microsoft.EntityFrameworkCore.ChangeTracking: Context 'ApplicationDbContext' started tracking 'SlideConfig' entity. Consider using 'DbContextOptionsBuilder.EnableSensitiveDataLogging' to see key values.
[2026-08-08 03:17:53.231 DBG] [0HNNKNSO8HTMM:00000004] Microsoft.EntityFrameworkCore.Database.Command: Closing data reader to 'supportroom' on server 'tcp://localhost:5432'.
[2026-08-08 03:17:53.231 DBG] [0HNNKNSO8HTMM:00000004] Microsoft.EntityFrameworkCore.Database.Command: A data reader for 'supportroom' on server 'tcp://localhost:5432' is being disposed after spending 1ms reading results.
[2026-08-08 03:17:53.231 DBG] [0HNNKNSO8HTMM:00000004] Microsoft.EntityFrameworkCore.Database.Connection: Closing connection to database 'supportroom' on server 'tcp://localhost:5432'.
[2026-08-08 03:17:53.231 DBG] [0HNNKNSO8HTMM:00000004] Microsoft.EntityFrameworkCore.Database.Connection: Closed connection to database 'supportroom' on server 'tcp://localhost:5432' (0ms).
[2026-08-08 03:17:53.231 INF] [0HNNKNSO8HTMM:00000004] Serilog.AspNetCore.RequestLoggingMiddleware: HTTP GET /api/lessons responded 200 in 5.5046 ms
[2026-08-08 03:17:53.231 DBG] [] Microsoft.EntityFrameworkCore.Infrastructure: 'ApplicationDbContext' disposed.
[2026-08-08 03:17:53.232 DBG] [] Microsoft.EntityFrameworkCore.Database.Connection: Disposing connection to database 'supportroom' on server 'tcp://localhost:5432'.
[2026-08-08 03:17:53.232 DBG] [] Microsoft.EntityFrameworkCore.Database.Connection: Disposed connection to database 'supportroom' on server 'tcp://localhost:5432' (0ms).
[2026-08-08 03:18:04.441 DBG] [0HNNKNSO8HTMM:00000005] Microsoft.EntityFrameworkCore.Infrastructure: Entity Framework Core 10.0.10 initialized 'ApplicationDbContext' using provider 'Npgsql.EntityFrameworkCore.PostgreSQL:10.0.3+5e912bf071068a44e5abbdab497b313ba99d3ee1' with options: None
[2026-08-08 03:18:04.443 DBG] [0HNNKNSO8HTMM:00000005] Microsoft.EntityFrameworkCore.Database.Connection: Creating DbConnection.
[2026-08-08 03:18:04.443 DBG] [0HNNKNSO8HTMM:00000005] Microsoft.EntityFrameworkCore.Database.Connection: Created DbConnection. (0ms).
[2026-08-08 03:18:04.443 DBG] [0HNNKNSO8HTMM:00000005] Microsoft.EntityFrameworkCore.Database.Connection: Opening connection to database 'supportroom' on server 'tcp://localhost:5432'.
[2026-08-08 03:18:04.443 DBG] [0HNNKNSO8HTMM:00000005] Microsoft.EntityFrameworkCore.Database.Connection: Opened connection to database 'supportroom' on server 'tcp://localhost:5432'.
[2026-08-08 03:18:04.443 DBG] [0HNNKNSO8HTMM:00000005] Microsoft.EntityFrameworkCore.Database.Command: Creating DbCommand for 'ExecuteReader'.
[2026-08-08 03:18:04.443 DBG] [0HNNKNSO8HTMM:00000005] Microsoft.EntityFrameworkCore.Database.Command: Created DbCommand for 'ExecuteReader' (0ms).
[2026-08-08 03:18:04.443 DBG] [0HNNKNSO8HTMM:00000005] Microsoft.EntityFrameworkCore.Database.Command: Initialized DbCommand for 'ExecuteReader' (0ms).
[2026-08-08 03:18:04.443 DBG] [0HNNKNSO8HTMM:00000005] Microsoft.EntityFrameworkCore.Database.Command: Executing DbCommand [Parameters=[@token='?'], CommandType='Text', CommandTimeout='30']
SELECT t."Id", t."CompletedAllSlides", t."CreateBy", t."CreateDate", t."DeleteBy", t."DeletedAt", t."EndedAt", t."ExpiresAt", t."IsDelete", t."LastSlideObjectId", t."LessonId", t."LessonSlug", t."SchoolName", t."StartedAt", t."Status", t."TeacherName", t."Token", t."UpdateBy", t."UpdateDate"
FROM "TrainingSession" AS t
WHERE t."Token" = @token
LIMIT 2
[2026-08-08 03:18:04.446 INF] [0HNNKNSO8HTMM:00000005] Microsoft.EntityFrameworkCore.Database.Command: Executed DbCommand (3ms) [Parameters=[@token='?'], CommandType='Text', CommandTimeout='30']
SELECT t."Id", t."CompletedAllSlides", t."CreateBy", t."CreateDate", t."DeleteBy", t."DeletedAt", t."EndedAt", t."ExpiresAt", t."IsDelete", t."LastSlideObjectId", t."LessonId", t."LessonSlug", t."SchoolName", t."StartedAt", t."Status", t."TeacherName", t."Token", t."UpdateBy", t."UpdateDate"
FROM "TrainingSession" AS t
WHERE t."Token" = @token
LIMIT 2
[2026-08-08 03:18:04.447 DBG] [0HNNKNSO8HTMM:00000005] Microsoft.EntityFrameworkCore.ChangeTracking: Context 'ApplicationDbContext' started tracking 'TrainingSession' entity. Consider using 'DbContextOptionsBuilder.EnableSensitiveDataLogging' to see key values.
[2026-08-08 03:18:04.447 DBG] [0HNNKNSO8HTMM:00000005] Microsoft.EntityFrameworkCore.Database.Command: Closing data reader to 'supportroom' on server 'tcp://localhost:5432'.
[2026-08-08 03:18:04.447 DBG] [0HNNKNSO8HTMM:00000005] Microsoft.EntityFrameworkCore.Database.Command: A data reader for 'supportroom' on server 'tcp://localhost:5432' is being disposed after spending 0ms reading results.
[2026-08-08 03:18:04.447 DBG] [0HNNKNSO8HTMM:00000005] Microsoft.EntityFrameworkCore.Database.Connection: Closing connection to database 'supportroom' on server 'tcp://localhost:5432'.
[2026-08-08 03:18:04.447 DBG] [0HNNKNSO8HTMM:00000005] Microsoft.EntityFrameworkCore.Database.Connection: Closed connection to database 'supportroom' on server 'tcp://localhost:5432' (0ms).
[2026-08-08 03:18:04.447 DBG] [0HNNKNSO8HTMM:00000005] Microsoft.EntityFrameworkCore.Database.Connection: Opening connection to database 'supportroom' on server 'tcp://localhost:5432'.
[2026-08-08 03:18:04.447 DBG] [0HNNKNSO8HTMM:00000005] Microsoft.EntityFrameworkCore.Database.Connection: Opened connection to database 'supportroom' on server 'tcp://localhost:5432'.
[2026-08-08 03:18:04.447 DBG] [0HNNKNSO8HTMM:00000005] Microsoft.EntityFrameworkCore.Database.Command: Creating DbCommand for 'ExecuteReader'.
[2026-08-08 03:18:04.447 DBG] [0HNNKNSO8HTMM:00000005] Microsoft.EntityFrameworkCore.Database.Command: Created DbCommand for 'ExecuteReader' (0ms).
[2026-08-08 03:18:04.447 DBG] [0HNNKNSO8HTMM:00000005] Microsoft.EntityFrameworkCore.Database.Command: Initialized DbCommand for 'ExecuteReader' (0ms).
[2026-08-08 03:18:04.447 DBG] [0HNNKNSO8HTMM:00000005] Microsoft.EntityFrameworkCore.Database.Command: Executing DbCommand [Parameters=[@slug='?'], CommandType='Text', CommandTimeout='30']
SELECT l."Id", l."BreathPauseMs", l."CreateBy", l."CreateDate", l."DeleteBy", l."DeletedAt", l."Description", l."FinalQuestionWaitMs", l."IntroWaitMs", l."IsActive", l."IsDelete", l."PresentationId", l."SlidesEmbedUrl", l."SlidesSourceUrl", l."Slug", l."Title", l."UpdateBy", l."UpdateDate", l."SlideConfigs"
FROM "LessonConfig" AS l
WHERE l."Slug" = @slug
LIMIT 2
[2026-08-08 03:18:04.449 INF] [0HNNKNSO8HTMM:00000005] Microsoft.EntityFrameworkCore.Database.Command: Executed DbCommand (2ms) [Parameters=[@slug='?'], CommandType='Text', CommandTimeout='30']
SELECT l."Id", l."BreathPauseMs", l."CreateBy", l."CreateDate", l."DeleteBy", l."DeletedAt", l."Description", l."FinalQuestionWaitMs", l."IntroWaitMs", l."IsActive", l."IsDelete", l."PresentationId", l."SlidesEmbedUrl", l."SlidesSourceUrl", l."Slug", l."Title", l."UpdateBy", l."UpdateDate", l."SlideConfigs"
FROM "LessonConfig" AS l
WHERE l."Slug" = @slug
LIMIT 2
[2026-08-08 03:18:04.449 DBG] [0HNNKNSO8HTMM:00000005] Microsoft.EntityFrameworkCore.ChangeTracking: Context 'ApplicationDbContext' started tracking 'LessonConfig' entity. Consider using 'DbContextOptionsBuilder.EnableSensitiveDataLogging' to see key values.
[2026-08-08 03:18:04.450 DBG] [0HNNKNSO8HTMM:00000005] Microsoft.EntityFrameworkCore.ChangeTracking: Context 'ApplicationDbContext' started tracking 'SlideConfig' entity. Consider using 'DbContextOptionsBuilder.EnableSensitiveDataLogging' to see key values.
[2026-08-08 03:18:04.450 DBG] [0HNNKNSO8HTMM:00000005] Microsoft.EntityFrameworkCore.ChangeTracking: Context 'ApplicationDbContext' started tracking 'SlideConfig' entity. Consider using 'DbContextOptionsBuilder.EnableSensitiveDataLogging' to see key values.
[2026-08-08 03:18:04.450 DBG] [0HNNKNSO8HTMM:00000005] Microsoft.EntityFrameworkCore.ChangeTracking: Context 'ApplicationDbContext' started tracking 'SlideConfig' entity. Consider using 'DbContextOptionsBuilder.EnableSensitiveDataLogging' to see key values.
[2026-08-08 03:18:04.450 DBG] [0HNNKNSO8HTMM:00000005] Microsoft.EntityFrameworkCore.ChangeTracking: Context 'ApplicationDbContext' started tracking 'SlideConfig' entity. Consider using 'DbContextOptionsBuilder.EnableSensitiveDataLogging' to see key values.
[2026-08-08 03:18:04.450 DBG] [0HNNKNSO8HTMM:00000005] Microsoft.EntityFrameworkCore.ChangeTracking: Context 'ApplicationDbContext' started tracking 'SlideConfig' entity. Consider using 'DbContextOptionsBuilder.EnableSensitiveDataLogging' to see key values.
[2026-08-08 03:18:04.450 DBG] [0HNNKNSO8HTMM:00000005] Microsoft.EntityFrameworkCore.ChangeTracking: Context 'ApplicationDbContext' started tracking 'SlideConfig' entity. Consider using 'DbContextOptionsBuilder.EnableSensitiveDataLogging' to see key values.
[2026-08-08 03:18:04.450 DBG] [0HNNKNSO8HTMM:00000005] Microsoft.EntityFrameworkCore.Database.Command: Closing data reader to 'supportroom' on server 'tcp://localhost:5432'.
[2026-08-08 03:18:04.450 DBG] [0HNNKNSO8HTMM:00000005] Microsoft.EntityFrameworkCore.Database.Command: A data reader for 'supportroom' on server 'tcp://localhost:5432' is being disposed after spending 0ms reading results.
[2026-08-08 03:18:04.450 DBG] [0HNNKNSO8HTMM:00000005] Microsoft.EntityFrameworkCore.Database.Connection: Closing connection to database 'supportroom' on server 'tcp://localhost:5432'.
[2026-08-08 03:18:04.450 DBG] [0HNNKNSO8HTMM:00000005] Microsoft.EntityFrameworkCore.Database.Connection: Closed connection to database 'supportroom' on server 'tcp://localhost:5432' (0ms).
[2026-08-08 03:18:04.450 INF] [0HNNKNSO8HTMM:00000005] Serilog.AspNetCore.RequestLoggingMiddleware: HTTP GET /api/sessions/99a673db-e420-4d37-85eb-df85f2b1d29d responded 200 in 10.7911 ms
[2026-08-08 03:18:04.451 DBG] [] Microsoft.EntityFrameworkCore.Infrastructure: 'ApplicationDbContext' disposed.
[2026-08-08 03:18:04.451 DBG] [] Microsoft.EntityFrameworkCore.Database.Connection: Disposing connection to database 'supportroom' on server 'tcp://localhost:5432'.
[2026-08-08 03:18:04.451 DBG] [] Microsoft.EntityFrameworkCore.Database.Connection: Disposed connection to database 'supportroom' on server 'tcp://localhost:5432' (0ms).
[2026-08-08 03:18:04.453 DBG] [0HNNKNSO8HTMN:00000001] Microsoft.EntityFrameworkCore.Infrastructure: Entity Framework Core 10.0.10 initialized 'ApplicationDbContext' using provider 'Npgsql.EntityFrameworkCore.PostgreSQL:10.0.3+5e912bf071068a44e5abbdab497b313ba99d3ee1' with options: None
[2026-08-08 03:18:04.454 DBG] [0HNNKNSO8HTMN:00000001] Microsoft.EntityFrameworkCore.Database.Connection: Creating DbConnection.
[2026-08-08 03:18:04.454 DBG] [0HNNKNSO8HTMN:00000001] Microsoft.EntityFrameworkCore.Database.Connection: Created DbConnection. (0ms).
[2026-08-08 03:18:04.454 DBG] [0HNNKNSO8HTMN:00000001] Microsoft.EntityFrameworkCore.Database.Connection: Opening connection to database 'supportroom' on server 'tcp://localhost:5432'.
[2026-08-08 03:18:04.454 DBG] [0HNNKNSO8HTMN:00000001] Microsoft.EntityFrameworkCore.Database.Connection: Opened connection to database 'supportroom' on server 'tcp://localhost:5432'.
[2026-08-08 03:18:04.454 DBG] [0HNNKNSO8HTMN:00000001] Microsoft.EntityFrameworkCore.Database.Command: Creating DbCommand for 'ExecuteReader'.
[2026-08-08 03:18:04.454 DBG] [0HNNKNSO8HTMN:00000001] Microsoft.EntityFrameworkCore.Database.Command: Created DbCommand for 'ExecuteReader' (0ms).
[2026-08-08 03:18:04.454 DBG] [0HNNKNSO8HTMN:00000001] Microsoft.EntityFrameworkCore.Database.Command: Initialized DbCommand for 'ExecuteReader' (0ms).
[2026-08-08 03:18:04.454 DBG] [0HNNKNSO8HTMN:00000001] Microsoft.EntityFrameworkCore.Database.Command: Executing DbCommand [Parameters=[@token='?'], CommandType='Text', CommandTimeout='30']
SELECT t."Id", t."CompletedAllSlides", t."CreateBy", t."CreateDate", t."DeleteBy", t."DeletedAt", t."EndedAt", t."ExpiresAt", t."IsDelete", t."LastSlideObjectId", t."LessonId", t."LessonSlug", t."SchoolName", t."StartedAt", t."Status", t."TeacherName", t."Token", t."UpdateBy", t."UpdateDate"
FROM "TrainingSession" AS t
WHERE t."Token" = @token
LIMIT 2
[2026-08-08 03:18:04.456 INF] [0HNNKNSO8HTMN:00000001] Microsoft.EntityFrameworkCore.Database.Command: Executed DbCommand (2ms) [Parameters=[@token='?'], CommandType='Text', CommandTimeout='30']
SELECT t."Id", t."CompletedAllSlides", t."CreateBy", t."CreateDate", t."DeleteBy", t."DeletedAt", t."EndedAt", t."ExpiresAt", t."IsDelete", t."LastSlideObjectId", t."LessonId", t."LessonSlug", t."SchoolName", t."StartedAt", t."Status", t."TeacherName", t."Token", t."UpdateBy", t."UpdateDate"
FROM "TrainingSession" AS t
WHERE t."Token" = @token
LIMIT 2
[2026-08-08 03:18:04.456 DBG] [0HNNKNSO8HTMN:00000001] Microsoft.EntityFrameworkCore.ChangeTracking: Context 'ApplicationDbContext' started tracking 'TrainingSession' entity. Consider using 'DbContextOptionsBuilder.EnableSensitiveDataLogging' to see key values.
[2026-08-08 03:18:04.456 DBG] [0HNNKNSO8HTMN:00000001] Microsoft.EntityFrameworkCore.Database.Command: Closing data reader to 'supportroom' on server 'tcp://localhost:5432'.
[2026-08-08 03:18:04.456 DBG] [0HNNKNSO8HTMN:00000001] Microsoft.EntityFrameworkCore.Database.Command: A data reader for 'supportroom' on server 'tcp://localhost:5432' is being disposed after spending 0ms reading results.
[2026-08-08 03:18:04.456 DBG] [0HNNKNSO8HTMN:00000001] Microsoft.EntityFrameworkCore.Database.Connection: Closing connection to database 'supportroom' on server 'tcp://localhost:5432'.
[2026-08-08 03:18:04.457 DBG] [0HNNKNSO8HTMN:00000001] Microsoft.EntityFrameworkCore.Database.Connection: Closed connection to database 'supportroom' on server 'tcp://localhost:5432' (0ms).
[2026-08-08 03:18:04.457 DBG] [0HNNKNSO8HTMN:00000001] Microsoft.EntityFrameworkCore.Database.Connection: Opening connection to database 'supportroom' on server 'tcp://localhost:5432'.
[2026-08-08 03:18:04.457 DBG] [0HNNKNSO8HTMN:00000001] Microsoft.EntityFrameworkCore.Database.Connection: Opened connection to database 'supportroom' on server 'tcp://localhost:5432'.
[2026-08-08 03:18:04.457 DBG] [0HNNKNSO8HTMN:00000001] Microsoft.EntityFrameworkCore.Database.Command: Creating DbCommand for 'ExecuteReader'.
[2026-08-08 03:18:04.457 DBG] [0HNNKNSO8HTMN:00000001] Microsoft.EntityFrameworkCore.Database.Command: Created DbCommand for 'ExecuteReader' (0ms).
[2026-08-08 03:18:04.457 DBG] [0HNNKNSO8HTMN:00000001] Microsoft.EntityFrameworkCore.Database.Command: Initialized DbCommand for 'ExecuteReader' (0ms).
[2026-08-08 03:18:04.457 DBG] [0HNNKNSO8HTMN:00000001] Microsoft.EntityFrameworkCore.Database.Command: Executing DbCommand [Parameters=[@slug='?'], CommandType='Text', CommandTimeout='30']
SELECT l."Id", l."BreathPauseMs", l."CreateBy", l."CreateDate", l."DeleteBy", l."DeletedAt", l."Description", l."FinalQuestionWaitMs", l."IntroWaitMs", l."IsActive", l."IsDelete", l."PresentationId", l."SlidesEmbedUrl", l."SlidesSourceUrl", l."Slug", l."Title", l."UpdateBy", l."UpdateDate", l."SlideConfigs"
FROM "LessonConfig" AS l
WHERE l."Slug" = @slug
LIMIT 2
[2026-08-08 03:18:04.458 INF] [0HNNKNSO8HTMN:00000001] Microsoft.EntityFrameworkCore.Database.Command: Executed DbCommand (1ms) [Parameters=[@slug='?'], CommandType='Text', CommandTimeout='30']
SELECT l."Id", l."BreathPauseMs", l."CreateBy", l."CreateDate", l."DeleteBy", l."DeletedAt", l."Description", l."FinalQuestionWaitMs", l."IntroWaitMs", l."IsActive", l."IsDelete", l."PresentationId", l."SlidesEmbedUrl", l."SlidesSourceUrl", l."Slug", l."Title", l."UpdateBy", l."UpdateDate", l."SlideConfigs"
FROM "LessonConfig" AS l
WHERE l."Slug" = @slug
LIMIT 2
[2026-08-08 03:18:04.459 DBG] [0HNNKNSO8HTMN:00000001] Microsoft.EntityFrameworkCore.ChangeTracking: Context 'ApplicationDbContext' started tracking 'LessonConfig' entity. Consider using 'DbContextOptionsBuilder.EnableSensitiveDataLogging' to see key values.
[2026-08-08 03:18:04.459 DBG] [0HNNKNSO8HTMN:00000001] Microsoft.EntityFrameworkCore.ChangeTracking: Context 'ApplicationDbContext' started tracking 'SlideConfig' entity. Consider using 'DbContextOptionsBuilder.EnableSensitiveDataLogging' to see key values.
[2026-08-08 03:18:04.459 DBG] [0HNNKNSO8HTMN:00000001] Microsoft.EntityFrameworkCore.ChangeTracking: Context 'ApplicationDbContext' started tracking 'SlideConfig' entity. Consider using 'DbContextOptionsBuilder.EnableSensitiveDataLogging' to see key values.
[2026-08-08 03:18:04.459 DBG] [0HNNKNSO8HTMN:00000001] Microsoft.EntityFrameworkCore.ChangeTracking: Context 'ApplicationDbContext' started tracking 'SlideConfig' entity. Consider using 'DbContextOptionsBuilder.EnableSensitiveDataLogging' to see key values.
[2026-08-08 03:18:04.459 DBG] [0HNNKNSO8HTMN:00000001] Microsoft.EntityFrameworkCore.ChangeTracking: Context 'ApplicationDbContext' started tracking 'SlideConfig' entity. Consider using 'DbContextOptionsBuilder.EnableSensitiveDataLogging' to see key values.
[2026-08-08 03:18:04.459 DBG] [0HNNKNSO8HTMN:00000001] Microsoft.EntityFrameworkCore.ChangeTracking: Context 'ApplicationDbContext' started tracking 'SlideConfig' entity. Consider using 'DbContextOptionsBuilder.EnableSensitiveDataLogging' to see key values.
[2026-08-08 03:18:04.459 DBG] [0HNNKNSO8HTMN:00000001] Microsoft.EntityFrameworkCore.ChangeTracking: Context 'ApplicationDbContext' started tracking 'SlideConfig' entity. Consider using 'DbContextOptionsBuilder.EnableSensitiveDataLogging' to see key values.
[2026-08-08 03:18:04.459 DBG] [0HNNKNSO8HTMN:00000001] Microsoft.EntityFrameworkCore.Database.Command: Closing data reader to 'supportroom' on server 'tcp://localhost:5432'.
[2026-08-08 03:18:04.459 DBG] [0HNNKNSO8HTMN:00000001] Microsoft.EntityFrameworkCore.Database.Command: A data reader for 'supportroom' on server 'tcp://localhost:5432' is being disposed after spending 0ms reading results.
[2026-08-08 03:18:04.459 DBG] [0HNNKNSO8HTMN:00000001] Microsoft.EntityFrameworkCore.Database.Connection: Closing connection to database 'supportroom' on server 'tcp://localhost:5432'.
[2026-08-08 03:18:04.459 DBG] [0HNNKNSO8HTMN:00000001] Microsoft.EntityFrameworkCore.Database.Connection: Closed connection to database 'supportroom' on server 'tcp://localhost:5432' (0ms).
[2026-08-08 03:18:04.459 INF] [0HNNKNSO8HTMN:00000001] Serilog.AspNetCore.RequestLoggingMiddleware: HTTP GET /api/sessions/99a673db-e420-4d37-85eb-df85f2b1d29d responded 200 in 6.5849 ms
[2026-08-08 03:18:04.459 DBG] [] Microsoft.EntityFrameworkCore.Infrastructure: 'ApplicationDbContext' disposed.
[2026-08-08 03:18:04.459 DBG] [] Microsoft.EntityFrameworkCore.Database.Connection: Disposing connection to database 'supportroom' on server 'tcp://localhost:5432'.
[2026-08-08 03:18:04.459 DBG] [] Microsoft.EntityFrameworkCore.Database.Connection: Disposed connection to database 'supportroom' on server 'tcp://localhost:5432' (0ms).
[2026-08-08 03:18:04.477 INF] [0HNNKNSO8HTMM:00000006] Serilog.AspNetCore.RequestLoggingMiddleware: HTTP OPTIONS /api/sessions/99a673db-e420-4d37-85eb-df85f2b1d29d responded 204 in 0.1039 ms
[2026-08-08 03:18:04.484 INF] [0HNNKNSO8HTMO:00000001] Serilog.AspNetCore.RequestLoggingMiddleware: HTTP OPTIONS /hubs/session/negotiate responded 204 in 0.0804 ms
[2026-08-08 03:18:04.485 DBG] [0HNNKNSO8HTMM:00000007] Microsoft.EntityFrameworkCore.Infrastructure: Entity Framework Core 10.0.10 initialized 'ApplicationDbContext' using provider 'Npgsql.EntityFrameworkCore.PostgreSQL:10.0.3+5e912bf071068a44e5abbdab497b313ba99d3ee1' with options: None
[2026-08-08 03:18:04.487 INF] [0HNNKNSO8HTMQ:00000001] Serilog.AspNetCore.RequestLoggingMiddleware: HTTP OPTIONS /hubs/session/negotiate responded 204 in 0.0811 ms
[2026-08-08 03:18:04.488 DBG] [0HNNKNSO8HTMN:00000002] Microsoft.EntityFrameworkCore.Infrastructure: Entity Framework Core 10.0.10 initialized 'ApplicationDbContext' using provider 'Npgsql.EntityFrameworkCore.PostgreSQL:10.0.3+5e912bf071068a44e5abbdab497b313ba99d3ee1' with options: None
[2026-08-08 03:18:04.490 DBG] [0HNNKNSO8HTMP:00000001] Microsoft.EntityFrameworkCore.Infrastructure: Entity Framework Core 10.0.10 initialized 'ApplicationDbContext' using provider 'Npgsql.EntityFrameworkCore.PostgreSQL:10.0.3+5e912bf071068a44e5abbdab497b313ba99d3ee1' with options: None
[2026-08-08 03:18:04.496 DBG] [0HNNKNSO8HTMN:00000002] Microsoft.EntityFrameworkCore.Database.Connection: Creating DbConnection.
[2026-08-08 03:18:04.496 DBG] [0HNNKNSO8HTMM:00000007] Microsoft.EntityFrameworkCore.Database.Connection: Creating DbConnection.
[2026-08-08 03:18:04.496 DBG] [0HNNKNSO8HTMM:00000007] Microsoft.EntityFrameworkCore.Database.Connection: Created DbConnection. (0ms).
[2026-08-08 03:18:04.496 DBG] [0HNNKNSO8HTMN:00000002] Microsoft.EntityFrameworkCore.Database.Connection: Created DbConnection. (0ms).
[2026-08-08 03:18:04.496 DBG] [0HNNKNSO8HTMM:00000007] Microsoft.EntityFrameworkCore.Database.Connection: Opening connection to database 'supportroom' on server 'tcp://localhost:5432'.
[2026-08-08 03:18:04.496 DBG] [0HNNKNSO8HTMN:00000002] Microsoft.EntityFrameworkCore.Database.Connection: Opening connection to database 'supportroom' on server 'tcp://localhost:5432'.
[2026-08-08 03:18:04.496 DBG] [0HNNKNSO8HTMM:00000007] Microsoft.EntityFrameworkCore.Database.Connection: Opened connection to database 'supportroom' on server 'tcp://localhost:5432'.
[2026-08-08 03:18:04.496 DBG] [0HNNKNSO8HTMM:00000007] Microsoft.EntityFrameworkCore.Database.Command: Creating DbCommand for 'ExecuteReader'.
[2026-08-08 03:18:04.496 DBG] [0HNNKNSO8HTMM:00000007] Microsoft.EntityFrameworkCore.Database.Command: Created DbCommand for 'ExecuteReader' (0ms).
[2026-08-08 03:18:04.496 DBG] [0HNNKNSO8HTMM:00000007] Microsoft.EntityFrameworkCore.Database.Command: Initialized DbCommand for 'ExecuteReader' (0ms).
[2026-08-08 03:18:04.496 DBG] [0HNNKNSO8HTMM:00000007] Microsoft.EntityFrameworkCore.Database.Command: Executing DbCommand [Parameters=[@token='?'], CommandType='Text', CommandTimeout='30']
SELECT t."Id", t."CompletedAllSlides", t."CreateBy", t."CreateDate", t."DeleteBy", t."DeletedAt", t."EndedAt", t."ExpiresAt", t."IsDelete", t."LastSlideObjectId", t."LessonId", t."LessonSlug", t."SchoolName", t."StartedAt", t."Status", t."TeacherName", t."Token", t."UpdateBy", t."UpdateDate"
FROM "TrainingSession" AS t
WHERE t."Token" = @token
LIMIT 2
[2026-08-08 03:18:04.499 INF] [0HNNKNSO8HTMM:00000007] Microsoft.EntityFrameworkCore.Database.Command: Executed DbCommand (2ms) [Parameters=[@token='?'], CommandType='Text', CommandTimeout='30']
SELECT t."Id", t."CompletedAllSlides", t."CreateBy", t."CreateDate", t."DeleteBy", t."DeletedAt", t."EndedAt", t."ExpiresAt", t."IsDelete", t."LastSlideObjectId", t."LessonId", t."LessonSlug", t."SchoolName", t."StartedAt", t."Status", t."TeacherName", t."Token", t."UpdateBy", t."UpdateDate"
FROM "TrainingSession" AS t
WHERE t."Token" = @token
LIMIT 2
[2026-08-08 03:18:04.499 DBG] [0HNNKNSO8HTMM:00000007] Microsoft.EntityFrameworkCore.ChangeTracking: Context 'ApplicationDbContext' started tracking 'TrainingSession' entity. Consider using 'DbContextOptionsBuilder.EnableSensitiveDataLogging' to see key values.
[2026-08-08 03:18:04.499 DBG] [0HNNKNSO8HTMM:00000007] Microsoft.EntityFrameworkCore.Database.Command: Closing data reader to 'supportroom' on server 'tcp://localhost:5432'.
[2026-08-08 03:18:04.500 DBG] [0HNNKNSO8HTMM:00000007] Microsoft.EntityFrameworkCore.Database.Command: A data reader for 'supportroom' on server 'tcp://localhost:5432' is being disposed after spending 0ms reading results.
[2026-08-08 03:18:04.500 DBG] [0HNNKNSO8HTMM:00000007] Microsoft.EntityFrameworkCore.Database.Connection: Closing connection to database 'supportroom' on server 'tcp://localhost:5432'.
[2026-08-08 03:18:04.500 DBG] [0HNNKNSO8HTMM:00000007] Microsoft.EntityFrameworkCore.Database.Connection: Closed connection to database 'supportroom' on server 'tcp://localhost:5432' (0ms).
[2026-08-08 03:18:04.502 DBG] [0HNNKNSO8HTMM:00000007] Microsoft.EntityFrameworkCore.ChangeTracking: An entity of type 'TrainingSession' tracked by 'ApplicationDbContext' changed state from 'Unchanged' to 'Modified'. Consider using 'DbContextOptionsBuilder.EnableSensitiveDataLogging' to see key values.
[2026-08-08 03:18:04.502 DBG] [0HNNKNSO8HTMM:00000007] Microsoft.EntityFrameworkCore.Update: SaveChanges starting for 'ApplicationDbContext'.
[2026-08-08 03:18:04.502 DBG] [0HNNKNSO8HTMM:00000007] Microsoft.EntityFrameworkCore.ChangeTracking: DetectChanges starting for 'ApplicationDbContext'.
[2026-08-08 03:18:04.502 DBG] [0HNNKNSO8HTMM:00000007] Microsoft.EntityFrameworkCore.ChangeTracking: DetectChanges completed for 'ApplicationDbContext'.
[2026-08-08 03:18:04.506 INF] [0HNNKNSO8HTMO:00000002] Serilog.AspNetCore.RequestLoggingMiddleware: HTTP POST /hubs/session/negotiate responded 200 in 15.0169 ms
[2026-08-08 03:18:04.506 INF] [0HNNKNSO8HTMQ:00000002] Serilog.AspNetCore.RequestLoggingMiddleware: HTTP POST /hubs/session/negotiate responded 200 in 14.2808 ms
[2026-08-08 03:18:04.506 DBG] [0HNNKNSO8HTMP:00000001] Microsoft.EntityFrameworkCore.Query: Compiling query expression: 
'DbSet<ChatMessage>()
    .Where(x => x.SessionId == @sessionId)
    .OrderBy(x => x.CreateDate)'
[2026-08-08 03:18:04.521 DBG] [0HNNKNSO8HTMP:00000001] Microsoft.EntityFrameworkCore.Query: Generated query execution expression: 
'queryContext => SingleQueryingEnumerable.Create<ChatMessage>(
    relationalQueryContext: (RelationalQueryContext)queryContext, 
    relationalCommandResolver: parameters => [LIFTABLE Constant: RelationalCommandCache.QueryExpression(
        Projection Mapping:
            EmptyProjectionMember -> Dictionary<IPropertyBase, int> { [Property: ChatMessage.Id (string) Required PK AfterSave:Throw, 0], [Property: ChatMessage.CreateBy (string), 1], [Property: ChatMessage.CreateDate (DateTime) Required, 2], [Property: ChatMessage.DeleteBy (string), 3], [Property: ChatMessage.DeletedAt (DateTime?), 4], [Property: ChatMessage.IsDelete (bool) Required, 5], [Property: ChatMessage.SenderName (string), 6], [Property: ChatMessage.SenderRole (string) Required, 7], [Property: ChatMessage.SessionId (string) Required Index, 8], [Property: ChatMessage.Text (string) Required, 9], [Property: ChatMessage.UpdateBy (string), 10], [Property: ChatMessage.UpdateDate (DateTime?), 11] }
        SELECT c.Id, c.CreateBy, c.CreateDate, c.DeleteBy, c.DeletedAt, c.IsDelete, c.SenderName, c.SenderRole, c.SessionId, c.Text, c.UpdateBy, c.UpdateDate
        FROM ChatMessage AS c
        WHERE c.SessionId == @sessionId
        ORDER BY c.CreateDate ASC) | Resolver: c => new RelationalCommandCache(
        c.Dependencies.MemoryCache, 
        c.RelationalDependencies.QuerySqlGeneratorFactory, 
        c.RelationalDependencies.RelationalParameterBasedSqlProcessorFactory, 
        Projection Mapping:
            EmptyProjectionMember -> Dictionary<IPropertyBase, int> { [Property: ChatMessage.Id (string) Required PK AfterSave:Throw, 0], [Property: ChatMessage.CreateBy (string), 1], [Property: ChatMessage.CreateDate (DateTime) Required, 2], [Property: ChatMessage.DeleteBy (string), 3], [Property: ChatMessage.DeletedAt (DateTime?), 4], [Property: ChatMessage.IsDelete (bool) Required, 5], [Property: ChatMessage.SenderName (string), 6], [Property: ChatMessage.SenderRole (string) Required, 7], [Property: ChatMessage.SessionId (string) Required Index, 8], [Property: ChatMessage.Text (string) Required, 9], [Property: ChatMessage.UpdateBy (string), 10], [Property: ChatMessage.UpdateDate (DateTime?), 11] }
        SELECT c.Id, c.CreateBy, c.CreateDate, c.DeleteBy, c.DeletedAt, c.IsDelete, c.SenderName, c.SenderRole, c.SessionId, c.Text, c.UpdateBy, c.UpdateDate
        FROM ChatMessage AS c
        WHERE c.SessionId == @sessionId
        ORDER BY c.CreateDate ASC, 
        False, 
        Parameter
    )].GetRelationalCommandTemplate(parameters), 
    readerColumns: null, 
    shaper: (queryContext, dataReader, resultContext, resultCoordinator) => 
    {
        ChatMessage entity;
        entity = 
        {
            MaterializationContext materializationContext1;
            IEntityType entityType1;
            ChatMessage instance1;
            InternalEntityEntry entry1;
            bool hasNullKey1;
            materializationContext1 = new MaterializationContext(
                [LIFTABLE Constant: ValueBuffer | Resolver: _ => (object)ValueBuffer.Empty], 
                queryContext.Context
            );
            instance1 = default(ChatMessage);
            entry1 = queryContext.TryGetEntry(
                key: [LIFTABLE Constant: Key: ChatMessage.Id PK | Resolver: c => c.Dependencies.Model.FindEntityType("SupportRoom.Domain.Entities.ChatMessage").FindPrimaryKey()], 
                keyValues: new object[]{ (object)dataReader.GetString(0) }, 
                throwOnNullKey: True, 
                hasNullKey: hasNullKey1);
            !(hasNullKey1) ? entry1 != default(InternalEntityEntry) ? 
            {
                entityType1 = entry1.EntityType;
                return instance1 = (ChatMessage)entry1.Entity;
            } : 
            {
                ISnapshot shadowSnapshot1;
                shadowSnapshot1 = [LIFTABLE Constant: Snapshot | Resolver: _ => Snapshot.Empty];
                entityType1 = [LIFTABLE Constant: EntityType: ChatMessage | Resolver: namelessParameter{0} => namelessParameter{0}.Dependencies.Model.FindEntityType("SupportRoom.Domain.Entities.ChatMessage")];
                instance1 = switch (entityType1)
                {
                    case [LIFTABLE Constant: EntityType: ChatMessage | Resolver: namelessParameter{1} => namelessParameter{1}.Dependencies.Model.FindEntityType("SupportRoom.Domain.Entities.ChatMessage")]: 
                        {
                            return 
                            {
                                ChatMessage instance;
                                instance = new ChatMessage();
                                instance.<Id>k__BackingField = dataReader.GetString(0);
                                instance.<CreateBy>k__BackingField = dataReader.IsDBNull(1) ? default(string) : dataReader.GetString(1);
                                instance.<CreateDate>k__BackingField = dataReader.GetDateTime(2);
                                instance.<DeleteBy>k__BackingField = dataReader.IsDBNull(3) ? default(string) : dataReader.GetString(3);
                                instance.<DeletedAt>k__BackingField = dataReader.IsDBNull(4) ? default(DateTime?) : (DateTime?)dataReader.GetDateTime(4);
                                instance.<IsDelete>k__BackingField = dataReader.GetBoolean(5);
                                instance.<SenderName>k__BackingField = dataReader.IsDBNull(6) ? default(string) : dataReader.GetString(6);
                                instance.<SenderRole>k__BackingField = dataReader.GetString(7);
                                instance.<SessionId>k__BackingField = dataReader.GetString(8);
                                instance.<Text>k__BackingField = dataReader.GetString(9);
                                instance.<UpdateBy>k__BackingField = dataReader.IsDBNull(10) ? default(string) : dataReader.GetString(10);
                                instance.<UpdateDate>k__BackingField = dataReader.IsDBNull(11) ? default(DateTime?) : (DateTime?)dataReader.GetDateTime(11);
                                (instance is IInjectableService) ? ((IInjectableService)instance).Injected(
                                    context: materializationContext1.Context, 
                                    entity: instance, 
                                    queryTrackingBehavior: TrackAll, 
                                    structuralType: [LIFTABLE Constant: EntityType: ChatMessage | Resolver: namelessParameter{2} => namelessParameter{2}.Dependencies.Model.FindEntityType("SupportRoom.Domain.Entities.ChatMessage")]) : default(void);
                                return instance;
                            }}
                    default: 
                        default(ChatMessage)
                }
                ;
                entry1 = entityType1 == default(IEntityType) ? default(InternalEntityEntry) : queryContext.StartTracking(
                    entityType: entityType1, 
                    entity: instance1, 
                    snapshot: shadowSnapshot1);
                return instance1;
            } : default(void);
            return instance1;
        };
        return entity;
    }, 
    contextType: SupportRoom.Providers.Data.Data.ApplicationDbContext, 
    standAloneStateManager: False, 
    detailedErrorsEnabled: False, 
    threadSafetyChecksEnabled: True)'
[2026-08-08 03:18:04.526 DBG] [0HNNKNSO8HTMP:00000001] Microsoft.EntityFrameworkCore.Database.Connection: Creating DbConnection.
[2026-08-08 03:18:04.526 DBG] [0HNNKNSO8HTMP:00000001] Microsoft.EntityFrameworkCore.Database.Connection: Created DbConnection. (0ms).
[2026-08-08 03:18:04.526 DBG] [0HNNKNSO8HTMP:00000001] Microsoft.EntityFrameworkCore.Database.Connection: Opening connection to database 'supportroom' on server 'tcp://localhost:5432'.
[2026-08-08 03:18:04.526 DBG] [0HNNKNSO8HTMP:00000001] Microsoft.EntityFrameworkCore.Database.Connection: Opened connection to database 'supportroom' on server 'tcp://localhost:5432'.
[2026-08-08 03:18:04.527 DBG] [0HNNKNSO8HTMP:00000001] Microsoft.EntityFrameworkCore.Database.Command: Creating DbCommand for 'ExecuteReader'.
[2026-08-08 03:18:04.527 DBG] [0HNNKNSO8HTMP:00000001] Microsoft.EntityFrameworkCore.Database.Command: Created DbCommand for 'ExecuteReader' (0ms).
[2026-08-08 03:18:04.527 DBG] [0HNNKNSO8HTMP:00000001] Microsoft.EntityFrameworkCore.Database.Command: Initialized DbCommand for 'ExecuteReader' (0ms).
[2026-08-08 03:18:04.527 DBG] [0HNNKNSO8HTMP:00000001] Microsoft.EntityFrameworkCore.Database.Command: Executing DbCommand [Parameters=[@sessionId='?'], CommandType='Text', CommandTimeout='30']
SELECT c."Id", c."CreateBy", c."CreateDate", c."DeleteBy", c."DeletedAt", c."IsDelete", c."SenderName", c."SenderRole", c."SessionId", c."Text", c."UpdateBy", c."UpdateDate"
FROM "ChatMessage" AS c
WHERE c."SessionId" = @sessionId
ORDER BY c."CreateDate"
[2026-08-08 03:18:04.531 DBG] [0HNNKNSO8HTMM:00000007] Microsoft.EntityFrameworkCore.Database.Connection: Opening connection to database 'supportroom' on server 'tcp://localhost:5432'.
[2026-08-08 03:18:04.533 INF] [0HNNKNSO8HTMP:00000001] Microsoft.EntityFrameworkCore.Database.Command: Executed DbCommand (6ms) [Parameters=[@sessionId='?'], CommandType='Text', CommandTimeout='30']
SELECT c."Id", c."CreateBy", c."CreateDate", c."DeleteBy", c."DeletedAt", c."IsDelete", c."SenderName", c."SenderRole", c."SessionId", c."Text", c."UpdateBy", c."UpdateDate"
FROM "ChatMessage" AS c
WHERE c."SessionId" = @sessionId
ORDER BY c."CreateDate"
[2026-08-08 03:18:04.533 DBG] [0HNNKNSO8HTMP:00000001] Microsoft.EntityFrameworkCore.Database.Command: Closing data reader to 'supportroom' on server 'tcp://localhost:5432'.
[2026-08-08 03:18:04.533 DBG] [0HNNKNSO8HTMP:00000001] Microsoft.EntityFrameworkCore.Database.Command: A data reader for 'supportroom' on server 'tcp://localhost:5432' is being disposed after spending 0ms reading results.
[2026-08-08 03:18:04.533 DBG] [0HNNKNSO8HTMP:00000001] Microsoft.EntityFrameworkCore.Database.Connection: Closing connection to database 'supportroom' on server 'tcp://localhost:5432'.
[2026-08-08 03:18:04.534 DBG] [0HNNKNSO8HTMP:00000001] Microsoft.EntityFrameworkCore.Database.Connection: Closed connection to database 'supportroom' on server 'tcp://localhost:5432' (0ms).
[2026-08-08 03:18:04.534 DBG] [0HNNKNSO8HTMN:00000002] Microsoft.EntityFrameworkCore.Database.Connection: Opened connection to database 'supportroom' on server 'tcp://localhost:5432'.
[2026-08-08 03:18:04.534 DBG] [0HNNKNSO8HTMN:00000002] Microsoft.EntityFrameworkCore.Database.Command: Creating DbCommand for 'ExecuteReader'.
[2026-08-08 03:18:04.534 DBG] [0HNNKNSO8HTMN:00000002] Microsoft.EntityFrameworkCore.Database.Command: Created DbCommand for 'ExecuteReader' (0ms).
[2026-08-08 03:18:04.534 DBG] [0HNNKNSO8HTMN:00000002] Microsoft.EntityFrameworkCore.Database.Command: Initialized DbCommand for 'ExecuteReader' (0ms).
[2026-08-08 03:18:04.534 DBG] [0HNNKNSO8HTMN:00000002] Microsoft.EntityFrameworkCore.Database.Command: Executing DbCommand [Parameters=[@slug='?'], CommandType='Text', CommandTimeout='30']
SELECT l."Id", l."BreathPauseMs", l."CreateBy", l."CreateDate", l."DeleteBy", l."DeletedAt", l."Description", l."FinalQuestionWaitMs", l."IntroWaitMs", l."IsActive", l."IsDelete", l."PresentationId", l."SlidesEmbedUrl", l."SlidesSourceUrl", l."Slug", l."Title", l."UpdateBy", l."UpdateDate", l."SlideConfigs"
FROM "LessonConfig" AS l
WHERE l."Slug" = @slug
LIMIT 2
[2026-08-08 03:18:04.538 INF] [0HNNKNSO8HTMN:00000002] Microsoft.EntityFrameworkCore.Database.Command: Executed DbCommand (4ms) [Parameters=[@slug='?'], CommandType='Text', CommandTimeout='30']
SELECT l."Id", l."BreathPauseMs", l."CreateBy", l."CreateDate", l."DeleteBy", l."DeletedAt", l."Description", l."FinalQuestionWaitMs", l."IntroWaitMs", l."IsActive", l."IsDelete", l."PresentationId", l."SlidesEmbedUrl", l."SlidesSourceUrl", l."Slug", l."Title", l."UpdateBy", l."UpdateDate", l."SlideConfigs"
FROM "LessonConfig" AS l
WHERE l."Slug" = @slug
LIMIT 2
[2026-08-08 03:18:04.538 DBG] [0HNNKNSO8HTMN:00000002] Microsoft.EntityFrameworkCore.ChangeTracking: Context 'ApplicationDbContext' started tracking 'LessonConfig' entity. Consider using 'DbContextOptionsBuilder.EnableSensitiveDataLogging' to see key values.
[2026-08-08 03:18:04.539 DBG] [0HNNKNSO8HTMN:00000002] Microsoft.EntityFrameworkCore.ChangeTracking: Context 'ApplicationDbContext' started tracking 'SlideConfig' entity. Consider using 'DbContextOptionsBuilder.EnableSensitiveDataLogging' to see key values.
[2026-08-08 03:18:04.539 DBG] [0HNNKNSO8HTMN:00000002] Microsoft.EntityFrameworkCore.ChangeTracking: Context 'ApplicationDbContext' started tracking 'SlideConfig' entity. Consider using 'DbContextOptionsBuilder.EnableSensitiveDataLogging' to see key values.
[2026-08-08 03:18:04.539 DBG] [0HNNKNSO8HTMN:00000002] Microsoft.EntityFrameworkCore.ChangeTracking: Context 'ApplicationDbContext' started tracking 'SlideConfig' entity. Consider using 'DbContextOptionsBuilder.EnableSensitiveDataLogging' to see key values.
[2026-08-08 03:18:04.539 DBG] [0HNNKNSO8HTMN:00000002] Microsoft.EntityFrameworkCore.ChangeTracking: Context 'ApplicationDbContext' started tracking 'SlideConfig' entity. Consider using 'DbContextOptionsBuilder.EnableSensitiveDataLogging' to see key values.
[2026-08-08 03:18:04.540 DBG] [0HNNKNSO8HTMN:00000002] Microsoft.EntityFrameworkCore.ChangeTracking: Context 'ApplicationDbContext' started tracking 'SlideConfig' entity. Consider using 'DbContextOptionsBuilder.EnableSensitiveDataLogging' to see key values.
[2026-08-08 03:18:04.540 DBG] [0HNNKNSO8HTMN:00000002] Microsoft.EntityFrameworkCore.ChangeTracking: Context 'ApplicationDbContext' started tracking 'SlideConfig' entity. Consider using 'DbContextOptionsBuilder.EnableSensitiveDataLogging' to see key values.
[2026-08-08 03:18:04.540 DBG] [0HNNKNSO8HTMN:00000002] Microsoft.EntityFrameworkCore.Database.Command: Closing data reader to 'supportroom' on server 'tcp://localhost:5432'.
[2026-08-08 03:18:04.540 DBG] [0HNNKNSO8HTMN:00000002] Microsoft.EntityFrameworkCore.Database.Command: A data reader for 'supportroom' on server 'tcp://localhost:5432' is being disposed after spending 1ms reading results.
[2026-08-08 03:18:04.540 DBG] [0HNNKNSO8HTMN:00000002] Microsoft.EntityFrameworkCore.Database.Connection: Closing connection to database 'supportroom' on server 'tcp://localhost:5432'.
[2026-08-08 03:18:04.540 DBG] [0HNNKNSO8HTMN:00000002] Microsoft.EntityFrameworkCore.Database.Connection: Closed connection to database 'supportroom' on server 'tcp://localhost:5432' (0ms).
[2026-08-08 03:18:04.545 INF] [0HNNKNSO8HTMP:00000001] Serilog.AspNetCore.RequestLoggingMiddleware: HTTP GET /api/chat-messages responded 200 in 59.5657 ms
[2026-08-08 03:18:04.545 DBG] [] Microsoft.EntityFrameworkCore.Infrastructure: 'ApplicationDbContext' disposed.
[2026-08-08 03:18:04.545 DBG] [] Microsoft.EntityFrameworkCore.Database.Connection: Disposing connection to database 'supportroom' on server 'tcp://localhost:5432'.
[2026-08-08 03:18:04.545 DBG] [] Microsoft.EntityFrameworkCore.Database.Connection: Disposed connection to database 'supportroom' on server 'tcp://localhost:5432' (0ms).
[2026-08-08 03:18:04.548 DBG] [0HNNKNSO8HTMO:00000003] Microsoft.EntityFrameworkCore.Infrastructure: Entity Framework Core 10.0.10 initialized 'ApplicationDbContext' using provider 'Npgsql.EntityFrameworkCore.PostgreSQL:10.0.3+5e912bf071068a44e5abbdab497b313ba99d3ee1' with options: None
[2026-08-08 03:18:04.549 DBG] [0HNNKNSO8HTMO:00000003] Microsoft.EntityFrameworkCore.Database.Connection: Creating DbConnection.
[2026-08-08 03:18:04.549 DBG] [0HNNKNSO8HTMO:00000003] Microsoft.EntityFrameworkCore.Database.Connection: Created DbConnection. (0ms).
[2026-08-08 03:18:04.549 DBG] [0HNNKNSO8HTMO:00000003] Microsoft.EntityFrameworkCore.Database.Connection: Opening connection to database 'supportroom' on server 'tcp://localhost:5432'.
[2026-08-08 03:18:04.550 DBG] [0HNNKNSO8HTMO:00000003] Microsoft.EntityFrameworkCore.Database.Connection: Opened connection to database 'supportroom' on server 'tcp://localhost:5432'.
[2026-08-08 03:18:04.550 DBG] [0HNNKNSO8HTMO:00000003] Microsoft.EntityFrameworkCore.Database.Command: Creating DbCommand for 'ExecuteReader'.
[2026-08-08 03:18:04.550 DBG] [0HNNKNSO8HTMO:00000003] Microsoft.EntityFrameworkCore.Database.Command: Created DbCommand for 'ExecuteReader' (0ms).
[2026-08-08 03:18:04.550 DBG] [0HNNKNSO8HTMO:00000003] Microsoft.EntityFrameworkCore.Database.Command: Initialized DbCommand for 'ExecuteReader' (0ms).
[2026-08-08 03:18:04.550 DBG] [0HNNKNSO8HTMO:00000003] Microsoft.EntityFrameworkCore.Database.Command: Executing DbCommand [Parameters=[@sessionId='?'], CommandType='Text', CommandTimeout='30']
SELECT c."Id", c."CreateBy", c."CreateDate", c."DeleteBy", c."DeletedAt", c."IsDelete", c."SenderName", c."SenderRole", c."SessionId", c."Text", c."UpdateBy", c."UpdateDate"
FROM "ChatMessage" AS c
WHERE c."SessionId" = @sessionId
ORDER BY c."CreateDate"
[2026-08-08 03:18:04.552 INF] [0HNNKNSO8HTMO:00000003] Microsoft.EntityFrameworkCore.Database.Command: Executed DbCommand (2ms) [Parameters=[@sessionId='?'], CommandType='Text', CommandTimeout='30']
SELECT c."Id", c."CreateBy", c."CreateDate", c."DeleteBy", c."DeletedAt", c."IsDelete", c."SenderName", c."SenderRole", c."SessionId", c."Text", c."UpdateBy", c."UpdateDate"
FROM "ChatMessage" AS c
WHERE c."SessionId" = @sessionId
ORDER BY c."CreateDate"
[2026-08-08 03:18:04.552 DBG] [0HNNKNSO8HTMO:00000003] Microsoft.EntityFrameworkCore.Database.Command: Closing data reader to 'supportroom' on server 'tcp://localhost:5432'.
[2026-08-08 03:18:04.552 DBG] [0HNNKNSO8HTMO:00000003] Microsoft.EntityFrameworkCore.Database.Command: A data reader for 'supportroom' on server 'tcp://localhost:5432' is being disposed after spending 0ms reading results.
[2026-08-08 03:18:04.552 DBG] [0HNNKNSO8HTMO:00000003] Microsoft.EntityFrameworkCore.Database.Connection: Closing connection to database 'supportroom' on server 'tcp://localhost:5432'.
[2026-08-08 03:18:04.552 DBG] [0HNNKNSO8HTMO:00000003] Microsoft.EntityFrameworkCore.Database.Connection: Closed connection to database 'supportroom' on server 'tcp://localhost:5432' (0ms).
[2026-08-08 03:18:04.553 INF] [0HNNKNSO8HTMO:00000003] Serilog.AspNetCore.RequestLoggingMiddleware: HTTP GET /api/chat-messages responded 200 in 7.0432 ms
[2026-08-08 03:18:04.553 DBG] [] Microsoft.EntityFrameworkCore.Infrastructure: 'ApplicationDbContext' disposed.
[2026-08-08 03:18:04.553 DBG] [] Microsoft.EntityFrameworkCore.Database.Connection: Disposing connection to database 'supportroom' on server 'tcp://localhost:5432'.
[2026-08-08 03:18:04.553 DBG] [] Microsoft.EntityFrameworkCore.Database.Connection: Disposed connection to database 'supportroom' on server 'tcp://localhost:5432' (0ms).
[2026-08-08 03:18:04.558 INF] [0HNNKNSO8HTMN:00000002] Serilog.AspNetCore.RequestLoggingMiddleware: HTTP GET /api/lessons/login-mobile-test responded 200 in 82.4177 ms
[2026-08-08 03:18:04.558 DBG] [] Microsoft.EntityFrameworkCore.Infrastructure: 'ApplicationDbContext' disposed.
[2026-08-08 03:18:04.559 DBG] [] Microsoft.EntityFrameworkCore.Database.Connection: Disposing connection to database 'supportroom' on server 'tcp://localhost:5432'.
[2026-08-08 03:18:04.559 DBG] [] Microsoft.EntityFrameworkCore.Database.Connection: Disposed connection to database 'supportroom' on server 'tcp://localhost:5432' (0ms).
[2026-08-08 03:18:04.562 DBG] [0HNNKNSO8HTMM:00000007] Microsoft.EntityFrameworkCore.Database.Connection: Opened connection to database 'supportroom' on server 'tcp://localhost:5432'.
[2026-08-08 03:18:04.562 DBG] [0HNNKNSO8HTMM:00000007] Microsoft.EntityFrameworkCore.Database.Command: Creating DbCommand for 'ExecuteReader'.
[2026-08-08 03:18:04.562 DBG] [0HNNKNSO8HTMM:00000007] Microsoft.EntityFrameworkCore.Database.Command: Created DbCommand for 'ExecuteReader' (0ms).
[2026-08-08 03:18:04.562 DBG] [0HNNKNSO8HTMM:00000007] Microsoft.EntityFrameworkCore.Database.Command: Initialized DbCommand for 'ExecuteReader' (0ms).
[2026-08-08 03:18:04.562 DBG] [0HNNKNSO8HTMM:00000007] Microsoft.EntityFrameworkCore.Database.Command: Executing DbCommand [Parameters=[@p18='?', @p0='?' (DbType = Boolean), @p1='?', @p2='?' (DbType = DateTime), @p3='?', @p4='?' (DbType = DateTime), @p5='?' (DbType = DateTime), @p6='?' (DbType = DateTime), @p7='?' (DbType = Boolean), @p8='?', @p9='?', @p10='?', @p11='?', @p12='?' (DbType = DateTime), @p13='?', @p14='?', @p15='?', @p16='?', @p17='?' (DbType = DateTime)], CommandType='Text', CommandTimeout='30']
UPDATE "TrainingSession" SET "CompletedAllSlides" = @p0, "CreateBy" = @p1, "CreateDate" = @p2, "DeleteBy" = @p3, "DeletedAt" = @p4, "EndedAt" = @p5, "ExpiresAt" = @p6, "IsDelete" = @p7, "LastSlideObjectId" = @p8, "LessonId" = @p9, "LessonSlug" = @p10, "SchoolName" = @p11, "StartedAt" = @p12, "Status" = @p13, "TeacherName" = @p14, "Token" = @p15, "UpdateBy" = @p16, "UpdateDate" = @p17
WHERE "Id" = @p18;
[2026-08-08 03:18:04.570 INF] [0HNNKNSO8HTMN:00000003] Serilog.AspNetCore.RequestLoggingMiddleware: HTTP OPTIONS /api/tts responded 204 in 0.0799 ms
[2026-08-08 03:18:04.572 INF] [0HNNKNSO8HTMO:00000004] Serilog.AspNetCore.RequestLoggingMiddleware: HTTP OPTIONS /api/tts responded 204 in 0.0680 ms
[2026-08-08 03:18:04.582 INF] [0HNNKNSO8HTMM:00000007] Microsoft.EntityFrameworkCore.Database.Command: Executed DbCommand (20ms) [Parameters=[@p18='?', @p0='?' (DbType = Boolean), @p1='?', @p2='?' (DbType = DateTime), @p3='?', @p4='?' (DbType = DateTime), @p5='?' (DbType = DateTime), @p6='?' (DbType = DateTime), @p7='?' (DbType = Boolean), @p8='?', @p9='?', @p10='?', @p11='?', @p12='?' (DbType = DateTime), @p13='?', @p14='?', @p15='?', @p16='?', @p17='?' (DbType = DateTime)], CommandType='Text', CommandTimeout='30']
UPDATE "TrainingSession" SET "CompletedAllSlides" = @p0, "CreateBy" = @p1, "CreateDate" = @p2, "DeleteBy" = @p3, "DeletedAt" = @p4, "EndedAt" = @p5, "ExpiresAt" = @p6, "IsDelete" = @p7, "LastSlideObjectId" = @p8, "LessonId" = @p9, "LessonSlug" = @p10, "SchoolName" = @p11, "StartedAt" = @p12, "Status" = @p13, "TeacherName" = @p14, "Token" = @p15, "UpdateBy" = @p16, "UpdateDate" = @p17
WHERE "Id" = @p18;
[2026-08-08 03:18:04.582 DBG] [0HNNKNSO8HTMM:00000007] Microsoft.EntityFrameworkCore.Database.Command: Closing data reader to 'supportroom' on server 'tcp://localhost:5432'.
[2026-08-08 03:18:04.582 DBG] [0HNNKNSO8HTMM:00000007] Microsoft.EntityFrameworkCore.Database.Command: A data reader for 'supportroom' on server 'tcp://localhost:5432' is being disposed after spending 0ms reading results.
[2026-08-08 03:18:04.582 DBG] [0HNNKNSO8HTMM:00000007] Microsoft.EntityFrameworkCore.Database.Connection: Closing connection to database 'supportroom' on server 'tcp://localhost:5432'.
[2026-08-08 03:18:04.582 DBG] [0HNNKNSO8HTMM:00000007] Microsoft.EntityFrameworkCore.Database.Connection: Closed connection to database 'supportroom' on server 'tcp://localhost:5432' (0ms).
[2026-08-08 03:18:04.583 DBG] [0HNNKNSO8HTMM:00000007] Microsoft.EntityFrameworkCore.ChangeTracking: An entity of type 'TrainingSession' tracked by 'ApplicationDbContext' changed state from 'Modified' to 'Unchanged'. Consider using 'DbContextOptionsBuilder.EnableSensitiveDataLogging' to see key values.
[2026-08-08 03:18:04.583 DBG] [0HNNKNSO8HTMM:00000007] Microsoft.EntityFrameworkCore.Update: SaveChanges completed for 'ApplicationDbContext' with 1 entities written to the database.
[2026-08-08 03:18:04.583 INF] [0HNNKNSO8HTMM:00000007] SupportRoom.Application.Services.ITrainingSessionService: Session started: session-4fe9d9a9-289d-48d0-845c-30e65cce74de
[2026-08-08 03:18:04.583 INF] [0HNNKNSO8HTMM:00000007] Serilog.AspNetCore.RequestLoggingMiddleware: HTTP PATCH /api/sessions/99a673db-e420-4d37-85eb-df85f2b1d29d responded 200 in 103.5210 ms
[2026-08-08 03:18:04.584 DBG] [] Microsoft.EntityFrameworkCore.Infrastructure: 'ApplicationDbContext' disposed.
[2026-08-08 03:18:04.584 DBG] [] Microsoft.EntityFrameworkCore.Database.Connection: Disposing connection to database 'supportroom' on server 'tcp://localhost:5432'.
[2026-08-08 03:18:04.584 DBG] [] Microsoft.EntityFrameworkCore.Database.Connection: Disposed connection to database 'supportroom' on server 'tcp://localhost:5432' (0ms).
[2026-08-08 03:18:04.587 DBG] [0HNNKNSO8HTMP:00000002] Microsoft.EntityFrameworkCore.Infrastructure: Entity Framework Core 10.0.10 initialized 'ApplicationDbContext' using provider 'Npgsql.EntityFrameworkCore.PostgreSQL:10.0.3+5e912bf071068a44e5abbdab497b313ba99d3ee1' with options: None
[2026-08-08 03:18:04.589 DBG] [0HNNKNSO8HTMP:00000002] Microsoft.EntityFrameworkCore.Database.Connection: Creating DbConnection.
[2026-08-08 03:18:04.589 DBG] [0HNNKNSO8HTMP:00000002] Microsoft.EntityFrameworkCore.Database.Connection: Created DbConnection. (0ms).
[2026-08-08 03:18:04.589 DBG] [0HNNKNSO8HTMP:00000002] Microsoft.EntityFrameworkCore.Database.Connection: Opening connection to database 'supportroom' on server 'tcp://localhost:5432'.
[2026-08-08 03:18:04.589 DBG] [0HNNKNSO8HTMP:00000002] Microsoft.EntityFrameworkCore.Database.Connection: Opened connection to database 'supportroom' on server 'tcp://localhost:5432'.
[2026-08-08 03:18:04.589 DBG] [0HNNKNSO8HTMP:00000002] Microsoft.EntityFrameworkCore.Database.Command: Creating DbCommand for 'ExecuteReader'.
[2026-08-08 03:18:04.589 DBG] [0HNNKNSO8HTMP:00000002] Microsoft.EntityFrameworkCore.Database.Command: Created DbCommand for 'ExecuteReader' (0ms).
[2026-08-08 03:18:04.589 DBG] [0HNNKNSO8HTMP:00000002] Microsoft.EntityFrameworkCore.Database.Command: Initialized DbCommand for 'ExecuteReader' (0ms).
[2026-08-08 03:18:04.589 DBG] [0HNNKNSO8HTMP:00000002] Microsoft.EntityFrameworkCore.Database.Command: Executing DbCommand [Parameters=[@token='?'], CommandType='Text', CommandTimeout='30']
SELECT t."Id", t."CompletedAllSlides", t."CreateBy", t."CreateDate", t."DeleteBy", t."DeletedAt", t."EndedAt", t."ExpiresAt", t."IsDelete", t."LastSlideObjectId", t."LessonId", t."LessonSlug", t."SchoolName", t."StartedAt", t."Status", t."TeacherName", t."Token", t."UpdateBy", t."UpdateDate"
FROM "TrainingSession" AS t
WHERE t."Token" = @token
LIMIT 2
[2026-08-08 03:18:04.593 INF] [0HNNKNSO8HTMP:00000002] Microsoft.EntityFrameworkCore.Database.Command: Executed DbCommand (3ms) [Parameters=[@token='?'], CommandType='Text', CommandTimeout='30']
SELECT t."Id", t."CompletedAllSlides", t."CreateBy", t."CreateDate", t."DeleteBy", t."DeletedAt", t."EndedAt", t."ExpiresAt", t."IsDelete", t."LastSlideObjectId", t."LessonId", t."LessonSlug", t."SchoolName", t."StartedAt", t."Status", t."TeacherName", t."Token", t."UpdateBy", t."UpdateDate"
FROM "TrainingSession" AS t
WHERE t."Token" = @token
LIMIT 2
[2026-08-08 03:18:04.593 DBG] [0HNNKNSO8HTMP:00000002] Microsoft.EntityFrameworkCore.ChangeTracking: Context 'ApplicationDbContext' started tracking 'TrainingSession' entity. Consider using 'DbContextOptionsBuilder.EnableSensitiveDataLogging' to see key values.
[2026-08-08 03:18:04.593 DBG] [0HNNKNSO8HTMP:00000002] Microsoft.EntityFrameworkCore.Database.Command: Closing data reader to 'supportroom' on server 'tcp://localhost:5432'.
[2026-08-08 03:18:04.593 DBG] [0HNNKNSO8HTMP:00000002] Microsoft.EntityFrameworkCore.Database.Command: A data reader for 'supportroom' on server 'tcp://localhost:5432' is being disposed after spending 0ms reading results.
[2026-08-08 03:18:04.593 DBG] [0HNNKNSO8HTMP:00000002] Microsoft.EntityFrameworkCore.Database.Connection: Closing connection to database 'supportroom' on server 'tcp://localhost:5432'.
[2026-08-08 03:18:04.594 DBG] [0HNNKNSO8HTMP:00000002] Microsoft.EntityFrameworkCore.Database.Connection: Closed connection to database 'supportroom' on server 'tcp://localhost:5432' (0ms).
[2026-08-08 03:18:04.594 DBG] [0HNNKNSO8HTMP:00000002] Microsoft.EntityFrameworkCore.ChangeTracking: An entity of type 'TrainingSession' tracked by 'ApplicationDbContext' changed state from 'Unchanged' to 'Modified'. Consider using 'DbContextOptionsBuilder.EnableSensitiveDataLogging' to see key values.
[2026-08-08 03:18:04.594 DBG] [0HNNKNSO8HTMP:00000002] Microsoft.EntityFrameworkCore.Update: SaveChanges starting for 'ApplicationDbContext'.
[2026-08-08 03:18:04.595 DBG] [0HNNKNSO8HTMP:00000002] Microsoft.EntityFrameworkCore.ChangeTracking: DetectChanges starting for 'ApplicationDbContext'.
[2026-08-08 03:18:04.595 DBG] [0HNNKNSO8HTMP:00000002] Microsoft.EntityFrameworkCore.ChangeTracking: DetectChanges completed for 'ApplicationDbContext'.
[2026-08-08 03:18:04.596 DBG] [0HNNKNSO8HTMP:00000002] Microsoft.EntityFrameworkCore.Database.Connection: Opening connection to database 'supportroom' on server 'tcp://localhost:5432'.
[2026-08-08 03:18:04.596 DBG] [0HNNKNSO8HTMP:00000002] Microsoft.EntityFrameworkCore.Database.Connection: Opened connection to database 'supportroom' on server 'tcp://localhost:5432'.
[2026-08-08 03:18:04.596 DBG] [0HNNKNSO8HTMP:00000002] Microsoft.EntityFrameworkCore.Database.Command: Creating DbCommand for 'ExecuteReader'.
[2026-08-08 03:18:04.596 DBG] [0HNNKNSO8HTMP:00000002] Microsoft.EntityFrameworkCore.Database.Command: Created DbCommand for 'ExecuteReader' (0ms).
[2026-08-08 03:18:04.596 DBG] [0HNNKNSO8HTMP:00000002] Microsoft.EntityFrameworkCore.Database.Command: Initialized DbCommand for 'ExecuteReader' (0ms).
[2026-08-08 03:18:04.598 DBG] [0HNNKNSO8HTMP:00000002] Microsoft.EntityFrameworkCore.Database.Command: Executing DbCommand [Parameters=[@p18='?', @p0='?' (DbType = Boolean), @p1='?', @p2='?' (DbType = DateTime), @p3='?', @p4='?' (DbType = DateTime), @p5='?' (DbType = DateTime), @p6='?' (DbType = DateTime), @p7='?' (DbType = Boolean), @p8='?', @p9='?', @p10='?', @p11='?', @p12='?' (DbType = DateTime), @p13='?', @p14='?', @p15='?', @p16='?', @p17='?' (DbType = DateTime)], CommandType='Text', CommandTimeout='30']
UPDATE "TrainingSession" SET "CompletedAllSlides" = @p0, "CreateBy" = @p1, "CreateDate" = @p2, "DeleteBy" = @p3, "DeletedAt" = @p4, "EndedAt" = @p5, "ExpiresAt" = @p6, "IsDelete" = @p7, "LastSlideObjectId" = @p8, "LessonId" = @p9, "LessonSlug" = @p10, "SchoolName" = @p11, "StartedAt" = @p12, "Status" = @p13, "TeacherName" = @p14, "Token" = @p15, "UpdateBy" = @p16, "UpdateDate" = @p17
WHERE "Id" = @p18;
[2026-08-08 03:18:04.604 INF] [0HNNKNSO8HTMP:00000002] Microsoft.EntityFrameworkCore.Database.Command: Executed DbCommand (7ms) [Parameters=[@p18='?', @p0='?' (DbType = Boolean), @p1='?', @p2='?' (DbType = DateTime), @p3='?', @p4='?' (DbType = DateTime), @p5='?' (DbType = DateTime), @p6='?' (DbType = DateTime), @p7='?' (DbType = Boolean), @p8='?', @p9='?', @p10='?', @p11='?', @p12='?' (DbType = DateTime), @p13='?', @p14='?', @p15='?', @p16='?', @p17='?' (DbType = DateTime)], CommandType='Text', CommandTimeout='30']
UPDATE "TrainingSession" SET "CompletedAllSlides" = @p0, "CreateBy" = @p1, "CreateDate" = @p2, "DeleteBy" = @p3, "DeletedAt" = @p4, "EndedAt" = @p5, "ExpiresAt" = @p6, "IsDelete" = @p7, "LastSlideObjectId" = @p8, "LessonId" = @p9, "LessonSlug" = @p10, "SchoolName" = @p11, "StartedAt" = @p12, "Status" = @p13, "TeacherName" = @p14, "Token" = @p15, "UpdateBy" = @p16, "UpdateDate" = @p17
WHERE "Id" = @p18;
[2026-08-08 03:18:04.604 DBG] [0HNNKNSO8HTMP:00000002] Microsoft.EntityFrameworkCore.Database.Command: Closing data reader to 'supportroom' on server 'tcp://localhost:5432'.
[2026-08-08 03:18:04.604 DBG] [0HNNKNSO8HTMP:00000002] Microsoft.EntityFrameworkCore.Database.Command: A data reader for 'supportroom' on server 'tcp://localhost:5432' is being disposed after spending 0ms reading results.
[2026-08-08 03:18:04.604 DBG] [0HNNKNSO8HTMP:00000002] Microsoft.EntityFrameworkCore.Database.Connection: Closing connection to database 'supportroom' on server 'tcp://localhost:5432'.
[2026-08-08 03:18:04.604 DBG] [0HNNKNSO8HTMP:00000002] Microsoft.EntityFrameworkCore.Database.Connection: Closed connection to database 'supportroom' on server 'tcp://localhost:5432' (0ms).
[2026-08-08 03:18:04.604 DBG] [0HNNKNSO8HTMP:00000002] Microsoft.EntityFrameworkCore.ChangeTracking: An entity of type 'TrainingSession' tracked by 'ApplicationDbContext' changed state from 'Modified' to 'Unchanged'. Consider using 'DbContextOptionsBuilder.EnableSensitiveDataLogging' to see key values.
[2026-08-08 03:18:04.604 DBG] [0HNNKNSO8HTMP:00000002] Microsoft.EntityFrameworkCore.Update: SaveChanges completed for 'ApplicationDbContext' with 1 entities written to the database.
[2026-08-08 03:18:04.604 INF] [0HNNKNSO8HTMP:00000002] SupportRoom.Application.Services.ITrainingSessionService: Session started: session-4fe9d9a9-289d-48d0-845c-30e65cce74de
[2026-08-08 03:18:04.605 INF] [0HNNKNSO8HTMP:00000002] Serilog.AspNetCore.RequestLoggingMiddleware: HTTP PATCH /api/sessions/99a673db-e420-4d37-85eb-df85f2b1d29d responded 200 in 18.6775 ms
[2026-08-08 03:18:04.605 DBG] [] Microsoft.EntityFrameworkCore.Infrastructure: 'ApplicationDbContext' disposed.
[2026-08-08 03:18:04.605 DBG] [] Microsoft.EntityFrameworkCore.Database.Connection: Disposing connection to database 'supportroom' on server 'tcp://localhost:5432'.
[2026-08-08 03:18:04.605 DBG] [] Microsoft.EntityFrameworkCore.Database.Connection: Disposed connection to database 'supportroom' on server 'tcp://localhost:5432' (0ms).
[2026-08-08 03:18:04.617 INF] [0HNNKNSO8HTMN:00000004] Serilog.AspNetCore.RequestLoggingMiddleware: HTTP POST /api/tts responded 200 in 41.5533 ms
[2026-08-08 03:18:04.646 INF] [0HNNKNSO8HTMO:00000005] Serilog.AspNetCore.RequestLoggingMiddleware: HTTP POST /api/tts responded 200 in 70.9271 ms
[2026-08-08 03:18:04.677 DBG] [0HNNKNSO8HTMR:00000001] Microsoft.EntityFrameworkCore.Infrastructure: Entity Framework Core 10.0.10 initialized 'ApplicationDbContext' using provider 'Npgsql.EntityFrameworkCore.PostgreSQL:10.0.3+5e912bf071068a44e5abbdab497b313ba99d3ee1' with options: None
[2026-08-08 03:18:04.678 DBG] [0HNNKNSO8HTMR:00000001] Microsoft.EntityFrameworkCore.Database.Connection: Creating DbConnection.
[2026-08-08 03:18:04.678 DBG] [0HNNKNSO8HTMR:00000001] Microsoft.EntityFrameworkCore.Database.Connection: Created DbConnection. (0ms).
[2026-08-08 03:18:04.678 DBG] [0HNNKNSO8HTMR:00000001] Microsoft.EntityFrameworkCore.Database.Connection: Opening connection to database 'supportroom' on server 'tcp://localhost:5432'.
[2026-08-08 03:18:04.678 DBG] [0HNNKNSO8HTMR:00000001] Microsoft.EntityFrameworkCore.Database.Connection: Opened connection to database 'supportroom' on server 'tcp://localhost:5432'.
[2026-08-08 03:18:04.678 DBG] [0HNNKNSO8HTMR:00000001] Microsoft.EntityFrameworkCore.Database.Command: Creating DbCommand for 'ExecuteReader'.
[2026-08-08 03:18:04.678 DBG] [0HNNKNSO8HTMR:00000001] Microsoft.EntityFrameworkCore.Database.Command: Created DbCommand for 'ExecuteReader' (0ms).
[2026-08-08 03:18:04.678 DBG] [0HNNKNSO8HTMR:00000001] Microsoft.EntityFrameworkCore.Database.Command: Initialized DbCommand for 'ExecuteReader' (0ms).
[2026-08-08 03:18:04.678 DBG] [0HNNKNSO8HTMR:00000001] Microsoft.EntityFrameworkCore.Database.Command: Executing DbCommand [Parameters=[@token='?'], CommandType='Text', CommandTimeout='30']
SELECT t."Id", t."CompletedAllSlides", t."CreateBy", t."CreateDate", t."DeleteBy", t."DeletedAt", t."EndedAt", t."ExpiresAt", t."IsDelete", t."LastSlideObjectId", t."LessonId", t."LessonSlug", t."SchoolName", t."StartedAt", t."Status", t."TeacherName", t."Token", t."UpdateBy", t."UpdateDate"
FROM "TrainingSession" AS t
WHERE t."Token" = @token
LIMIT 2
[2026-08-08 03:18:04.681 INF] [0HNNKNSO8HTMR:00000001] Microsoft.EntityFrameworkCore.Database.Command: Executed DbCommand (3ms) [Parameters=[@token='?'], CommandType='Text', CommandTimeout='30']
SELECT t."Id", t."CompletedAllSlides", t."CreateBy", t."CreateDate", t."DeleteBy", t."DeletedAt", t."EndedAt", t."ExpiresAt", t."IsDelete", t."LastSlideObjectId", t."LessonId", t."LessonSlug", t."SchoolName", t."StartedAt", t."Status", t."TeacherName", t."Token", t."UpdateBy", t."UpdateDate"
FROM "TrainingSession" AS t
WHERE t."Token" = @token
LIMIT 2
[2026-08-08 03:18:04.681 DBG] [0HNNKNSO8HTMR:00000001] Microsoft.EntityFrameworkCore.ChangeTracking: Context 'ApplicationDbContext' started tracking 'TrainingSession' entity. Consider using 'DbContextOptionsBuilder.EnableSensitiveDataLogging' to see key values.
[2026-08-08 03:18:04.681 DBG] [0HNNKNSO8HTMR:00000001] Microsoft.EntityFrameworkCore.Database.Command: Closing data reader to 'supportroom' on server 'tcp://localhost:5432'.
[2026-08-08 03:18:04.681 DBG] [0HNNKNSO8HTMR:00000001] Microsoft.EntityFrameworkCore.Database.Command: A data reader for 'supportroom' on server 'tcp://localhost:5432' is being disposed after spending 0ms reading results.
[2026-08-08 03:18:04.682 DBG] [0HNNKNSO8HTMR:00000001] Microsoft.EntityFrameworkCore.Database.Connection: Closing connection to database 'supportroom' on server 'tcp://localhost:5432'.
[2026-08-08 03:18:04.682 DBG] [0HNNKNSO8HTMR:00000001] Microsoft.EntityFrameworkCore.Database.Connection: Closed connection to database 'supportroom' on server 'tcp://localhost:5432' (0ms).
[2026-08-08 03:18:04.683 DBG] [0HNNKNSO8HTMR:00000001] Microsoft.EntityFrameworkCore.Infrastructure: 'ApplicationDbContext' disposed.
[2026-08-08 03:18:04.683 DBG] [0HNNKNSO8HTMR:00000001] Microsoft.EntityFrameworkCore.Database.Connection: Disposing connection to database 'supportroom' on server 'tcp://localhost:5432'.
[2026-08-08 03:18:04.683 DBG] [0HNNKNSO8HTMR:00000001] Microsoft.EntityFrameworkCore.Database.Connection: Disposed connection to database 'supportroom' on server 'tcp://localhost:5432' (0ms).
[2026-08-08 03:18:04.695 INF] [0HNNKNSO8HTMO:00000006] Serilog.AspNetCore.RequestLoggingMiddleware: HTTP POST /api/tts responded 200 in 4.4760 ms
[2026-08-08 03:18:04.706 INF] [0HNNKNSO8HTMO:00000007] Serilog.AspNetCore.RequestLoggingMiddleware: HTTP POST /api/tts responded 200 in 5.4094 ms
[2026-08-08 03:18:04.717 INF] [0HNNKNSO8HTMO:00000008] Serilog.AspNetCore.RequestLoggingMiddleware: HTTP POST /api/tts responded 200 in 7.8620 ms
[2026-08-08 03:18:04.722 INF] [0HNNKNSO8HTMO:00000009] Serilog.AspNetCore.RequestLoggingMiddleware: HTTP POST /api/tts responded 200 in 1.0195 ms
[2026-08-08 03:18:04.729 INF] [0HNNKNSO8HTMO:0000000A] Serilog.AspNetCore.RequestLoggingMiddleware: HTTP POST /api/tts responded 200 in 2.5569 ms
[2026-08-08 03:18:04.736 INF] [0HNNKNSO8HTMO:0000000B] Serilog.AspNetCore.RequestLoggingMiddleware: HTTP POST /api/tts responded 200 in 0.8060 ms
[2026-08-08 03:18:04.740 INF] [0HNNKNSO8HTMO:0000000C] Serilog.AspNetCore.RequestLoggingMiddleware: HTTP POST /api/tts responded 200 in 0.6309 ms
[2026-08-08 03:18:04.744 INF] [0HNNKNSO8HTMO:0000000D] Serilog.AspNetCore.RequestLoggingMiddleware: HTTP POST /api/tts responded 200 in 0.7228 ms
[2026-08-08 03:18:04.750 INF] [0HNNKNSO8HTMO:0000000E] Serilog.AspNetCore.RequestLoggingMiddleware: HTTP POST /api/tts responded 200 in 0.9603 ms
[2026-08-08 03:18:04.755 INF] [0HNNKNSO8HTMO:0000000F] Serilog.AspNetCore.RequestLoggingMiddleware: HTTP POST /api/tts responded 200 in 1.0923 ms
[2026-08-08 03:18:18.898 DBG] [0HNNKNSO8HTMO:00000010] Microsoft.EntityFrameworkCore.Infrastructure: Entity Framework Core 10.0.10 initialized 'ApplicationDbContext' using provider 'Npgsql.EntityFrameworkCore.PostgreSQL:10.0.3+5e912bf071068a44e5abbdab497b313ba99d3ee1' with options: None
[2026-08-08 03:18:18.937 DBG] [0HNNKNSO8HTMO:00000010] Microsoft.EntityFrameworkCore.Database.Connection: Creating DbConnection.
[2026-08-08 03:18:18.937 DBG] [0HNNKNSO8HTMO:00000010] Microsoft.EntityFrameworkCore.Database.Connection: Created DbConnection. (0ms).
[2026-08-08 03:18:18.937 DBG] [0HNNKNSO8HTMO:00000010] Microsoft.EntityFrameworkCore.Database.Connection: Opening connection to database 'supportroom' on server 'tcp://localhost:5432'.
[2026-08-08 03:18:18.937 DBG] [0HNNKNSO8HTMO:00000010] Microsoft.EntityFrameworkCore.Database.Connection: Opened connection to database 'supportroom' on server 'tcp://localhost:5432'.
[2026-08-08 03:18:18.938 DBG] [0HNNKNSO8HTMO:00000010] Microsoft.EntityFrameworkCore.Database.Command: Creating DbCommand for 'ExecuteReader'.
[2026-08-08 03:18:18.938 DBG] [0HNNKNSO8HTMO:00000010] Microsoft.EntityFrameworkCore.Database.Command: Created DbCommand for 'ExecuteReader' (0ms).
[2026-08-08 03:18:18.938 DBG] [0HNNKNSO8HTMO:00000010] Microsoft.EntityFrameworkCore.Database.Command: Initialized DbCommand for 'ExecuteReader' (0ms).
[2026-08-08 03:18:18.938 DBG] [0HNNKNSO8HTMO:00000010] Microsoft.EntityFrameworkCore.Database.Command: Executing DbCommand [Parameters=[@slug='?'], CommandType='Text', CommandTimeout='30']
SELECT l."Id", l."BreathPauseMs", l."CreateBy", l."CreateDate", l."DeleteBy", l."DeletedAt", l."Description", l."FinalQuestionWaitMs", l."IntroWaitMs", l."IsActive", l."IsDelete", l."PresentationId", l."SlidesEmbedUrl", l."SlidesSourceUrl", l."Slug", l."Title", l."UpdateBy", l."UpdateDate", l."SlideConfigs"
FROM "LessonConfig" AS l
WHERE l."Slug" = @slug
LIMIT 2
[2026-08-08 03:18:18.940 INF] [0HNNKNSO8HTMO:00000010] Microsoft.EntityFrameworkCore.Database.Command: Executed DbCommand (2ms) [Parameters=[@slug='?'], CommandType='Text', CommandTimeout='30']
SELECT l."Id", l."BreathPauseMs", l."CreateBy", l."CreateDate", l."DeleteBy", l."DeletedAt", l."Description", l."FinalQuestionWaitMs", l."IntroWaitMs", l."IsActive", l."IsDelete", l."PresentationId", l."SlidesEmbedUrl", l."SlidesSourceUrl", l."Slug", l."Title", l."UpdateBy", l."UpdateDate", l."SlideConfigs"
FROM "LessonConfig" AS l
WHERE l."Slug" = @slug
LIMIT 2
[2026-08-08 03:18:18.940 DBG] [0HNNKNSO8HTMO:00000010] Microsoft.EntityFrameworkCore.ChangeTracking: Context 'ApplicationDbContext' started tracking 'LessonConfig' entity. Consider using 'DbContextOptionsBuilder.EnableSensitiveDataLogging' to see key values.
[2026-08-08 03:18:18.940 DBG] [0HNNKNSO8HTMO:00000010] Microsoft.EntityFrameworkCore.ChangeTracking: Context 'ApplicationDbContext' started tracking 'SlideConfig' entity. Consider using 'DbContextOptionsBuilder.EnableSensitiveDataLogging' to see key values.
[2026-08-08 03:18:18.940 DBG] [0HNNKNSO8HTMO:00000010] Microsoft.EntityFrameworkCore.ChangeTracking: Context 'ApplicationDbContext' started tracking 'SlideConfig' entity. Consider using 'DbContextOptionsBuilder.EnableSensitiveDataLogging' to see key values.
[2026-08-08 03:18:18.940 DBG] [0HNNKNSO8HTMO:00000010] Microsoft.EntityFrameworkCore.ChangeTracking: Context 'ApplicationDbContext' started tracking 'SlideConfig' entity. Consider using 'DbContextOptionsBuilder.EnableSensitiveDataLogging' to see key values.
[2026-08-08 03:18:18.940 DBG] [0HNNKNSO8HTMO:00000010] Microsoft.EntityFrameworkCore.ChangeTracking: Context 'ApplicationDbContext' started tracking 'SlideConfig' entity. Consider using 'DbContextOptionsBuilder.EnableSensitiveDataLogging' to see key values.
[2026-08-08 03:18:18.940 DBG] [0HNNKNSO8HTMO:00000010] Microsoft.EntityFrameworkCore.ChangeTracking: Context 'ApplicationDbContext' started tracking 'SlideConfig' entity. Consider using 'DbContextOptionsBuilder.EnableSensitiveDataLogging' to see key values.
[2026-08-08 03:18:18.940 DBG] [0HNNKNSO8HTMO:00000010] Microsoft.EntityFrameworkCore.ChangeTracking: Context 'ApplicationDbContext' started tracking 'SlideConfig' entity. Consider using 'DbContextOptionsBuilder.EnableSensitiveDataLogging' to see key values.
[2026-08-08 03:18:18.940 DBG] [0HNNKNSO8HTMO:00000010] Microsoft.EntityFrameworkCore.Database.Command: Closing data reader to 'supportroom' on server 'tcp://localhost:5432'.
[2026-08-08 03:18:18.940 DBG] [0HNNKNSO8HTMO:00000010] Microsoft.EntityFrameworkCore.Database.Command: A data reader for 'supportroom' on server 'tcp://localhost:5432' is being disposed after spending 0ms reading results.
[2026-08-08 03:18:18.940 DBG] [0HNNKNSO8HTMO:00000010] Microsoft.EntityFrameworkCore.Database.Connection: Closing connection to database 'supportroom' on server 'tcp://localhost:5432'.
[2026-08-08 03:18:18.940 DBG] [0HNNKNSO8HTMO:00000010] Microsoft.EntityFrameworkCore.Database.Connection: Closed connection to database 'supportroom' on server 'tcp://localhost:5432' (0ms).
[2026-08-08 03:18:18.944 INF] [0HNNKNSO8HTMO:00000010] SupportRoom.Application.Services.IVoiceQuestionService: Readiness check: session=session-4fe9d9a9-289d-48d0-845c-30e65cce74de readiness=ready
[2026-08-08 03:18:18.949 INF] [0HNNKNSO8HTMO:00000010] Serilog.AspNetCore.RequestLoggingMiddleware: HTTP POST /api/voice-question responded 200 in 67.8861 ms
[2026-08-08 03:18:18.950 DBG] [] Microsoft.EntityFrameworkCore.Infrastructure: 'ApplicationDbContext' disposed.
[2026-08-08 03:18:18.950 DBG] [] Microsoft.EntityFrameworkCore.Database.Connection: Disposing connection to database 'supportroom' on server 'tcp://localhost:5432'.
[2026-08-08 03:18:18.950 DBG] [] Microsoft.EntityFrameworkCore.Database.Connection: Disposed connection to database 'supportroom' on server 'tcp://localhost:5432' (0ms).
[2026-08-08 03:18:18.954 INF] [0HNNKNSO8HTMO:00000011] Serilog.AspNetCore.RequestLoggingMiddleware: HTTP OPTIONS /api/tts responded 204 in 0.0881 ms
[2026-08-08 03:18:18.956 INF] [0HNNKNSO8HTMO:00000012] Serilog.AspNetCore.RequestLoggingMiddleware: HTTP POST /api/tts responded 200 in 0.6022 ms
[2026-08-08 03:18:21.713 INF] [0HNNKNSO8HTMO:00000013] Serilog.AspNetCore.RequestLoggingMiddleware: HTTP POST /api/tts responded 200 in 2.3181 ms
[2026-08-08 03:18:33.317 INF] [0HNNKNSO8HTMO:00000014] Serilog.AspNetCore.RequestLoggingMiddleware: HTTP OPTIONS /api/tts responded 204 in 0.3232 ms
[2026-08-08 03:18:33.323 INF] [0HNNKNSO8HTMO:00000015] Serilog.AspNetCore.RequestLoggingMiddleware: HTTP POST /api/tts responded 200 in 3.3017 ms
[2026-08-08 03:18:42.440 INF] [0HNNKNSO8HTMO:00000016] Serilog.AspNetCore.RequestLoggingMiddleware: HTTP OPTIONS /api/tts responded 204 in 0.2051 ms
[2026-08-08 03:18:42.449 INF] [0HNNKNSO8HTMO:00000017] Serilog.AspNetCore.RequestLoggingMiddleware: HTTP POST /api/tts responded 200 in 2.0927 ms
[2026-08-08 03:18:47.110 DBG] [0HNNKNSO8HTMO:00000018] Microsoft.EntityFrameworkCore.Infrastructure: Entity Framework Core 10.0.10 initialized 'ApplicationDbContext' using provider 'Npgsql.EntityFrameworkCore.PostgreSQL:10.0.3+5e912bf071068a44e5abbdab497b313ba99d3ee1' with options: None
[2026-08-08 03:18:47.114 DBG] [0HNNKNSO8HTMO:00000018] Microsoft.EntityFrameworkCore.Database.Connection: Creating DbConnection.
[2026-08-08 03:18:47.114 DBG] [0HNNKNSO8HTMO:00000018] Microsoft.EntityFrameworkCore.Database.Connection: Created DbConnection. (0ms).
[2026-08-08 03:18:47.114 DBG] [0HNNKNSO8HTMO:00000018] Microsoft.EntityFrameworkCore.Database.Connection: Opening connection to database 'supportroom' on server 'tcp://localhost:5432'.
[2026-08-08 03:18:47.114 DBG] [0HNNKNSO8HTMO:00000018] Microsoft.EntityFrameworkCore.Database.Connection: Opened connection to database 'supportroom' on server 'tcp://localhost:5432'.
[2026-08-08 03:18:47.114 DBG] [0HNNKNSO8HTMO:00000018] Microsoft.EntityFrameworkCore.Database.Command: Creating DbCommand for 'ExecuteReader'.
[2026-08-08 03:18:47.114 DBG] [0HNNKNSO8HTMO:00000018] Microsoft.EntityFrameworkCore.Database.Command: Created DbCommand for 'ExecuteReader' (0ms).
[2026-08-08 03:18:47.114 DBG] [0HNNKNSO8HTMO:00000018] Microsoft.EntityFrameworkCore.Database.Command: Initialized DbCommand for 'ExecuteReader' (0ms).
[2026-08-08 03:18:47.114 DBG] [0HNNKNSO8HTMO:00000018] Microsoft.EntityFrameworkCore.Database.Command: Executing DbCommand [Parameters=[@slug='?'], CommandType='Text', CommandTimeout='30']
SELECT l."Id", l."BreathPauseMs", l."CreateBy", l."CreateDate", l."DeleteBy", l."DeletedAt", l."Description", l."FinalQuestionWaitMs", l."IntroWaitMs", l."IsActive", l."IsDelete", l."PresentationId", l."SlidesEmbedUrl", l."SlidesSourceUrl", l."Slug", l."Title", l."UpdateBy", l."UpdateDate", l."SlideConfigs"
FROM "LessonConfig" AS l
WHERE l."Slug" = @slug
LIMIT 2
[2026-08-08 03:18:47.117 INF] [0HNNKNSO8HTMO:00000018] Microsoft.EntityFrameworkCore.Database.Command: Executed DbCommand (3ms) [Parameters=[@slug='?'], CommandType='Text', CommandTimeout='30']
SELECT l."Id", l."BreathPauseMs", l."CreateBy", l."CreateDate", l."DeleteBy", l."DeletedAt", l."Description", l."FinalQuestionWaitMs", l."IntroWaitMs", l."IsActive", l."IsDelete", l."PresentationId", l."SlidesEmbedUrl", l."SlidesSourceUrl", l."Slug", l."Title", l."UpdateBy", l."UpdateDate", l."SlideConfigs"
FROM "LessonConfig" AS l
WHERE l."Slug" = @slug
LIMIT 2
[2026-08-08 03:18:47.117 DBG] [0HNNKNSO8HTMO:00000018] Microsoft.EntityFrameworkCore.ChangeTracking: Context 'ApplicationDbContext' started tracking 'LessonConfig' entity. Consider using 'DbContextOptionsBuilder.EnableSensitiveDataLogging' to see key values.
[2026-08-08 03:18:47.117 DBG] [0HNNKNSO8HTMO:00000018] Microsoft.EntityFrameworkCore.ChangeTracking: Context 'ApplicationDbContext' started tracking 'SlideConfig' entity. Consider using 'DbContextOptionsBuilder.EnableSensitiveDataLogging' to see key values.
[2026-08-08 03:18:47.117 DBG] [0HNNKNSO8HTMO:00000018] Microsoft.EntityFrameworkCore.ChangeTracking: Context 'ApplicationDbContext' started tracking 'SlideConfig' entity. Consider using 'DbContextOptionsBuilder.EnableSensitiveDataLogging' to see key values.
[2026-08-08 03:18:47.117 DBG] [0HNNKNSO8HTMO:00000018] Microsoft.EntityFrameworkCore.ChangeTracking: Context 'ApplicationDbContext' started tracking 'SlideConfig' entity. Consider using 'DbContextOptionsBuilder.EnableSensitiveDataLogging' to see key values.
[2026-08-08 03:18:47.117 DBG] [0HNNKNSO8HTMO:00000018] Microsoft.EntityFrameworkCore.ChangeTracking: Context 'ApplicationDbContext' started tracking 'SlideConfig' entity. Consider using 'DbContextOptionsBuilder.EnableSensitiveDataLogging' to see key values.
[2026-08-08 03:18:47.117 DBG] [0HNNKNSO8HTMO:00000018] Microsoft.EntityFrameworkCore.ChangeTracking: Context 'ApplicationDbContext' started tracking 'SlideConfig' entity. Consider using 'DbContextOptionsBuilder.EnableSensitiveDataLogging' to see key values.
[2026-08-08 03:18:47.117 DBG] [0HNNKNSO8HTMO:00000018] Microsoft.EntityFrameworkCore.ChangeTracking: Context 'ApplicationDbContext' started tracking 'SlideConfig' entity. Consider using 'DbContextOptionsBuilder.EnableSensitiveDataLogging' to see key values.
[2026-08-08 03:18:47.118 DBG] [0HNNKNSO8HTMO:00000018] Microsoft.EntityFrameworkCore.Database.Command: Closing data reader to 'supportroom' on server 'tcp://localhost:5432'.
[2026-08-08 03:18:47.118 DBG] [0HNNKNSO8HTMO:00000018] Microsoft.EntityFrameworkCore.Database.Command: A data reader for 'supportroom' on server 'tcp://localhost:5432' is being disposed after spending 0ms reading results.
[2026-08-08 03:18:47.118 DBG] [0HNNKNSO8HTMO:00000018] Microsoft.EntityFrameworkCore.Database.Connection: Closing connection to database 'supportroom' on server 'tcp://localhost:5432'.
[2026-08-08 03:18:47.118 DBG] [0HNNKNSO8HTMO:00000018] Microsoft.EntityFrameworkCore.Database.Connection: Closed connection to database 'supportroom' on server 'tcp://localhost:5432' (0ms).
[2026-08-08 03:18:47.120 INF] [0HNNKNSO8HTMO:00000018] SupportRoom.Application.Services.IVoiceQuestionService: Voice question answered: session=session-4fe9d9a9-289d-48d0-845c-30e65cce74de status=answered
[2026-08-08 03:18:47.148 DBG] [0HNNKNSO8HTMO:00000018] Microsoft.EntityFrameworkCore.Query: Compiling query expression: 
'DbSet<TrainingSession>()
    .FirstOrDefault(e => EF.Property<string>(e, "Id") == @p)'
[2026-08-08 03:18:47.173 DBG] [0HNNKNSO8HTMO:00000018] Microsoft.EntityFrameworkCore.Query: Generated query execution expression: 
'queryContext => SingleQueryingEnumerable.Create<TrainingSession>(
    relationalQueryContext: (RelationalQueryContext)queryContext, 
    relationalCommandResolver: parameters => [LIFTABLE Constant: RelationalCommandCache.QueryExpression(
        Projection Mapping:
            EmptyProjectionMember -> Dictionary<IPropertyBase, int> { [Property: TrainingSession.Id (string) Required PK AfterSave:Throw, 0], [Property: TrainingSession.CompletedAllSlides (bool) Required, 1], [Property: TrainingSession.CreateBy (string), 2], [Property: TrainingSession.CreateDate (DateTime) Required, 3], [Property: TrainingSession.DeleteBy (string), 4], [Property: TrainingSession.DeletedAt (DateTime?), 5], [Property: TrainingSession.EndedAt (DateTime?), 6], [Property: TrainingSession.ExpiresAt (DateTime) Required, 7], [Property: TrainingSession.IsDelete (bool) Required, 8], [Property: TrainingSession.LastSlideObjectId (string), 9], [Property: TrainingSession.LessonId (string) Required, 10], [Property: TrainingSession.LessonSlug (string) Required, 11], [Property: TrainingSession.SchoolName (string), 12], [Property: TrainingSession.StartedAt (DateTime?), 13], [Property: TrainingSession.Status (string) Required, 14], [Property: TrainingSession.TeacherName (string), 15], [Property: TrainingSession.Token (string) Required Index, 16], [Property: TrainingSession.UpdateBy (string), 17], [Property: TrainingSession.UpdateDate (DateTime?), 18] }
        SELECT TOP(1) t.Id, t.CompletedAllSlides, t.CreateBy, t.CreateDate, t.DeleteBy, t.DeletedAt, t.EndedAt, t.ExpiresAt, t.IsDelete, t.LastSlideObjectId, t.LessonId, t.LessonSlug, t.SchoolName, t.StartedAt, t.Status, t.TeacherName, t.Token, t.UpdateBy, t.UpdateDate
        FROM TrainingSession AS t
        WHERE t.Id == @p) | Resolver: c => new RelationalCommandCache(
        c.Dependencies.MemoryCache, 
        c.RelationalDependencies.QuerySqlGeneratorFactory, 
        c.RelationalDependencies.RelationalParameterBasedSqlProcessorFactory, 
        Projection Mapping:
            EmptyProjectionMember -> Dictionary<IPropertyBase, int> { [Property: TrainingSession.Id (string) Required PK AfterSave:Throw, 0], [Property: TrainingSession.CompletedAllSlides (bool) Required, 1], [Property: TrainingSession.CreateBy (string), 2], [Property: TrainingSession.CreateDate (DateTime) Required, 3], [Property: TrainingSession.DeleteBy (string), 4], [Property: TrainingSession.DeletedAt (DateTime?), 5], [Property: TrainingSession.EndedAt (DateTime?), 6], [Property: TrainingSession.ExpiresAt (DateTime) Required, 7], [Property: TrainingSession.IsDelete (bool) Required, 8], [Property: TrainingSession.LastSlideObjectId (string), 9], [Property: TrainingSession.LessonId (string) Required, 10], [Property: TrainingSession.LessonSlug (string) Required, 11], [Property: TrainingSession.SchoolName (string), 12], [Property: TrainingSession.StartedAt (DateTime?), 13], [Property: TrainingSession.Status (string) Required, 14], [Property: TrainingSession.TeacherName (string), 15], [Property: TrainingSession.Token (string) Required Index, 16], [Property: TrainingSession.UpdateBy (string), 17], [Property: TrainingSession.UpdateDate (DateTime?), 18] }
        SELECT TOP(1) t.Id, t.CompletedAllSlides, t.CreateBy, t.CreateDate, t.DeleteBy, t.DeletedAt, t.EndedAt, t.ExpiresAt, t.IsDelete, t.LastSlideObjectId, t.LessonId, t.LessonSlug, t.SchoolName, t.StartedAt, t.Status, t.TeacherName, t.Token, t.UpdateBy, t.UpdateDate
        FROM TrainingSession AS t
        WHERE t.Id == @p, 
        False, 
        Parameter
    )].GetRelationalCommandTemplate(parameters), 
    readerColumns: null, 
    shaper: (queryContext, dataReader, resultContext, resultCoordinator) => 
    {
        TrainingSession entity;
        entity = 
        {
            MaterializationContext materializationContext1;
            IEntityType entityType1;
            TrainingSession instance1;
            InternalEntityEntry entry1;
            bool hasNullKey1;
            materializationContext1 = new MaterializationContext(
                [LIFTABLE Constant: ValueBuffer | Resolver: _ => (object)ValueBuffer.Empty], 
                queryContext.Context
            );
            instance1 = default(TrainingSession);
            entry1 = queryContext.TryGetEntry(
                key: [LIFTABLE Constant: Key: TrainingSession.Id PK | Resolver: c => c.Dependencies.Model.FindEntityType("SupportRoom.Domain.Entities.TrainingSession").FindPrimaryKey()], 
                keyValues: new object[]{ (object)dataReader.GetString(0) }, 
                throwOnNullKey: True, 
                hasNullKey: hasNullKey1);
            !(hasNullKey1) ? entry1 != default(InternalEntityEntry) ? 
            {
                entityType1 = entry1.EntityType;
                return instance1 = (TrainingSession)entry1.Entity;
            } : 
            {
                ISnapshot shadowSnapshot1;
                shadowSnapshot1 = [LIFTABLE Constant: Snapshot | Resolver: _ => Snapshot.Empty];
                entityType1 = [LIFTABLE Constant: EntityType: TrainingSession | Resolver: namelessParameter{0} => namelessParameter{0}.Dependencies.Model.FindEntityType("SupportRoom.Domain.Entities.TrainingSession")];
                instance1 = switch (entityType1)
                {
                    case [LIFTABLE Constant: EntityType: TrainingSession | Resolver: namelessParameter{1} => namelessParameter{1}.Dependencies.Model.FindEntityType("SupportRoom.Domain.Entities.TrainingSession")]: 
                        {
                            return 
                            {
                                TrainingSession instance;
                                instance = new TrainingSession();
                                instance.<Id>k__BackingField = dataReader.GetString(0);
                                instance.<CompletedAllSlides>k__BackingField = dataReader.GetBoolean(1);
                                instance.<CreateBy>k__BackingField = dataReader.IsDBNull(2) ? default(string) : dataReader.GetString(2);
                                instance.<CreateDate>k__BackingField = dataReader.GetDateTime(3);
                                instance.<DeleteBy>k__BackingField = dataReader.IsDBNull(4) ? default(string) : dataReader.GetString(4);
                                instance.<DeletedAt>k__BackingField = dataReader.IsDBNull(5) ? default(DateTime?) : (DateTime?)dataReader.GetDateTime(5);
                                instance.<EndedAt>k__BackingField = dataReader.IsDBNull(6) ? default(DateTime?) : (DateTime?)dataReader.GetDateTime(6);
                                instance.<ExpiresAt>k__BackingField = dataReader.GetDateTime(7);
                                instance.<IsDelete>k__BackingField = dataReader.GetBoolean(8);
                                instance.<LastSlideObjectId>k__BackingField = dataReader.IsDBNull(9) ? default(string) : dataReader.GetString(9);
                                instance.<LessonId>k__BackingField = dataReader.GetString(10);
                                instance.<LessonSlug>k__BackingField = dataReader.GetString(11);
                                instance.<SchoolName>k__BackingField = dataReader.IsDBNull(12) ? default(string) : dataReader.GetString(12);
                                instance.<StartedAt>k__BackingField = dataReader.IsDBNull(13) ? default(DateTime?) : (DateTime?)dataReader.GetDateTime(13);
                                instance.<Status>k__BackingField = dataReader.GetString(14);
                                instance.<TeacherName>k__BackingField = dataReader.IsDBNull(15) ? default(string) : dataReader.GetString(15);
                                instance.<Token>k__BackingField = dataReader.GetString(16);
                                instance.<UpdateBy>k__BackingField = dataReader.IsDBNull(17) ? default(string) : dataReader.GetString(17);
                                instance.<UpdateDate>k__BackingField = dataReader.IsDBNull(18) ? default(DateTime?) : (DateTime?)dataReader.GetDateTime(18);
                                (instance is IInjectableService) ? ((IInjectableService)instance).Injected(
                                    context: materializationContext1.Context, 
                                    entity: instance, 
                                    queryTrackingBehavior: TrackAll, 
                                    structuralType: [LIFTABLE Constant: EntityType: TrainingSession | Resolver: namelessParameter{2} => namelessParameter{2}.Dependencies.Model.FindEntityType("SupportRoom.Domain.Entities.TrainingSession")]) : default(void);
                                return instance;
                            }}
                    default: 
                        default(TrainingSession)
                }
                ;
                entry1 = entityType1 == default(IEntityType) ? default(InternalEntityEntry) : queryContext.StartTracking(
                    entityType: entityType1, 
                    entity: instance1, 
                    snapshot: shadowSnapshot1);
                return instance1;
            } : default(void);
            return instance1;
        };
        return entity;
    }, 
    contextType: SupportRoom.Providers.Data.Data.ApplicationDbContext, 
    standAloneStateManager: False, 
    detailedErrorsEnabled: False, 
    threadSafetyChecksEnabled: True)
    .SingleOrDefault()'
[2026-08-08 03:18:47.177 DBG] [0HNNKNSO8HTMO:00000018] Microsoft.EntityFrameworkCore.Database.Connection: Opening connection to database 'supportroom' on server 'tcp://localhost:5432'.
[2026-08-08 03:18:47.177 DBG] [0HNNKNSO8HTMO:00000018] Microsoft.EntityFrameworkCore.Database.Connection: Opened connection to database 'supportroom' on server 'tcp://localhost:5432'.
[2026-08-08 03:18:47.177 DBG] [0HNNKNSO8HTMO:00000018] Microsoft.EntityFrameworkCore.Database.Command: Creating DbCommand for 'ExecuteReader'.
[2026-08-08 03:18:47.177 DBG] [0HNNKNSO8HTMO:00000018] Microsoft.EntityFrameworkCore.Database.Command: Created DbCommand for 'ExecuteReader' (0ms).
[2026-08-08 03:18:47.177 DBG] [0HNNKNSO8HTMO:00000018] Microsoft.EntityFrameworkCore.Database.Command: Initialized DbCommand for 'ExecuteReader' (0ms).
[2026-08-08 03:18:47.177 DBG] [0HNNKNSO8HTMO:00000018] Microsoft.EntityFrameworkCore.Database.Command: Executing DbCommand [Parameters=[@p='?'], CommandType='Text', CommandTimeout='30']
SELECT t."Id", t."CompletedAllSlides", t."CreateBy", t."CreateDate", t."DeleteBy", t."DeletedAt", t."EndedAt", t."ExpiresAt", t."IsDelete", t."LastSlideObjectId", t."LessonId", t."LessonSlug", t."SchoolName", t."StartedAt", t."Status", t."TeacherName", t."Token", t."UpdateBy", t."UpdateDate"
FROM "TrainingSession" AS t
WHERE t."Id" = @p
LIMIT 1
[2026-08-08 03:18:47.179 INF] [0HNNKNSO8HTMO:00000018] Microsoft.EntityFrameworkCore.Database.Command: Executed DbCommand (2ms) [Parameters=[@p='?'], CommandType='Text', CommandTimeout='30']
SELECT t."Id", t."CompletedAllSlides", t."CreateBy", t."CreateDate", t."DeleteBy", t."DeletedAt", t."EndedAt", t."ExpiresAt", t."IsDelete", t."LastSlideObjectId", t."LessonId", t."LessonSlug", t."SchoolName", t."StartedAt", t."Status", t."TeacherName", t."Token", t."UpdateBy", t."UpdateDate"
FROM "TrainingSession" AS t
WHERE t."Id" = @p
LIMIT 1
[2026-08-08 03:18:47.179 DBG] [0HNNKNSO8HTMO:00000018] Microsoft.EntityFrameworkCore.ChangeTracking: Context 'ApplicationDbContext' started tracking 'TrainingSession' entity. Consider using 'DbContextOptionsBuilder.EnableSensitiveDataLogging' to see key values.
[2026-08-08 03:18:47.179 DBG] [0HNNKNSO8HTMO:00000018] Microsoft.EntityFrameworkCore.Database.Command: Closing data reader to 'supportroom' on server 'tcp://localhost:5432'.
[2026-08-08 03:18:47.179 DBG] [0HNNKNSO8HTMO:00000018] Microsoft.EntityFrameworkCore.Database.Command: A data reader for 'supportroom' on server 'tcp://localhost:5432' is being disposed after spending 0ms reading results.
[2026-08-08 03:18:47.179 DBG] [0HNNKNSO8HTMO:00000018] Microsoft.EntityFrameworkCore.Database.Connection: Closing connection to database 'supportroom' on server 'tcp://localhost:5432'.
[2026-08-08 03:18:47.179 DBG] [0HNNKNSO8HTMO:00000018] Microsoft.EntityFrameworkCore.Database.Connection: Closed connection to database 'supportroom' on server 'tcp://localhost:5432' (0ms).
[2026-08-08 03:18:47.210 DBG] [0HNNKNSO8HTMO:00000018] Microsoft.EntityFrameworkCore.ChangeTracking: Context 'ApplicationDbContext' started tracking 'SessionQuestion' entity. Consider using 'DbContextOptionsBuilder.EnableSensitiveDataLogging' to see key values.
[2026-08-08 03:18:47.211 DBG] [0HNNKNSO8HTMO:00000018] Microsoft.EntityFrameworkCore.Update: SaveChanges starting for 'ApplicationDbContext'.
[2026-08-08 03:18:47.211 DBG] [0HNNKNSO8HTMO:00000018] Microsoft.EntityFrameworkCore.ChangeTracking: DetectChanges starting for 'ApplicationDbContext'.
[2026-08-08 03:18:47.223 DBG] [0HNNKNSO8HTMO:00000018] Microsoft.EntityFrameworkCore.ChangeTracking: DetectChanges completed for 'ApplicationDbContext'.
[2026-08-08 03:18:47.226 DBG] [0HNNKNSO8HTMO:00000018] Microsoft.EntityFrameworkCore.Database.Connection: Opening connection to database 'supportroom' on server 'tcp://localhost:5432'.
[2026-08-08 03:18:47.226 DBG] [0HNNKNSO8HTMO:00000018] Microsoft.EntityFrameworkCore.Database.Connection: Opened connection to database 'supportroom' on server 'tcp://localhost:5432'.
[2026-08-08 03:18:47.226 DBG] [0HNNKNSO8HTMO:00000018] Microsoft.EntityFrameworkCore.Database.Command: Creating DbCommand for 'ExecuteReader'.
[2026-08-08 03:18:47.226 DBG] [0HNNKNSO8HTMO:00000018] Microsoft.EntityFrameworkCore.Database.Command: Created DbCommand for 'ExecuteReader' (0ms).
[2026-08-08 03:18:47.227 DBG] [0HNNKNSO8HTMO:00000018] Microsoft.EntityFrameworkCore.Database.Command: Initialized DbCommand for 'ExecuteReader' (0ms).
[2026-08-08 03:18:47.227 DBG] [0HNNKNSO8HTMO:00000018] Microsoft.EntityFrameworkCore.Database.Command: Executing DbCommand [Parameters=[@p0='?', @p1='?', @p2='?', @p3='?', @p4='?' (DbType = DateTime), @p5='?', @p6='?' (DbType = DateTime), @p7='?' (DbType = Boolean), @p8='?', @p9='?', @p10='?', @p11='?', @p12='?' (DbType = DateTime)], CommandType='Text', CommandTimeout='30']
INSERT INTO "SessionQuestion" ("Id", "Answer", "AnswerStatus", "CreateBy", "CreateDate", "DeleteBy", "DeletedAt", "IsDelete", "SessionId", "SlideObjectId", "Transcript", "UpdateBy", "UpdateDate")
VALUES (@p0, @p1, @p2, @p3, @p4, @p5, @p6, @p7, @p8, @p9, @p10, @p11, @p12);
[2026-08-08 03:18:47.235 INF] [0HNNKNSO8HTMO:00000018] Microsoft.EntityFrameworkCore.Database.Command: Executed DbCommand (8ms) [Parameters=[@p0='?', @p1='?', @p2='?', @p3='?', @p4='?' (DbType = DateTime), @p5='?', @p6='?' (DbType = DateTime), @p7='?' (DbType = Boolean), @p8='?', @p9='?', @p10='?', @p11='?', @p12='?' (DbType = DateTime)], CommandType='Text', CommandTimeout='30']
INSERT INTO "SessionQuestion" ("Id", "Answer", "AnswerStatus", "CreateBy", "CreateDate", "DeleteBy", "DeletedAt", "IsDelete", "SessionId", "SlideObjectId", "Transcript", "UpdateBy", "UpdateDate")
VALUES (@p0, @p1, @p2, @p3, @p4, @p5, @p6, @p7, @p8, @p9, @p10, @p11, @p12);
[2026-08-08 03:18:47.235 DBG] [0HNNKNSO8HTMO:00000018] Microsoft.EntityFrameworkCore.Database.Command: Closing data reader to 'supportroom' on server 'tcp://localhost:5432'.
[2026-08-08 03:18:47.235 DBG] [0HNNKNSO8HTMO:00000018] Microsoft.EntityFrameworkCore.Database.Command: A data reader for 'supportroom' on server 'tcp://localhost:5432' is being disposed after spending 0ms reading results.
[2026-08-08 03:18:47.235 DBG] [0HNNKNSO8HTMO:00000018] Microsoft.EntityFrameworkCore.Database.Connection: Closing connection to database 'supportroom' on server 'tcp://localhost:5432'.
[2026-08-08 03:18:47.235 DBG] [0HNNKNSO8HTMO:00000018] Microsoft.EntityFrameworkCore.Database.Connection: Closed connection to database 'supportroom' on server 'tcp://localhost:5432' (0ms).
[2026-08-08 03:18:47.235 DBG] [0HNNKNSO8HTMO:00000018] Microsoft.EntityFrameworkCore.ChangeTracking: An entity of type 'SessionQuestion' tracked by 'ApplicationDbContext' changed state from 'Added' to 'Unchanged'. Consider using 'DbContextOptionsBuilder.EnableSensitiveDataLogging' to see key values.
[2026-08-08 03:18:47.235 DBG] [0HNNKNSO8HTMO:00000018] Microsoft.EntityFrameworkCore.Update: SaveChanges completed for 'ApplicationDbContext' with 1 entities written to the database.
[2026-08-08 03:18:47.236 INF] [0HNNKNSO8HTMO:00000018] SupportRoom.Application.Services.ISessionQuestionService: Question recorded: session-4fe9d9a9-289d-48d0-845c-30e65cce74de slide=slide-5 status=answered
[2026-08-08 03:18:47.246 INF] [0HNNKNSO8HTMO:00000018] Serilog.AspNetCore.RequestLoggingMiddleware: HTTP POST /api/voice-question responded 200 in 138.7771 ms
[2026-08-08 03:18:47.246 DBG] [] Microsoft.EntityFrameworkCore.Infrastructure: 'ApplicationDbContext' disposed.
[2026-08-08 03:18:47.246 DBG] [] Microsoft.EntityFrameworkCore.Database.Connection: Disposing connection to database 'supportroom' on server 'tcp://localhost:5432'.
[2026-08-08 03:18:47.246 DBG] [] Microsoft.EntityFrameworkCore.Database.Connection: Disposed connection to database 'supportroom' on server 'tcp://localhost:5432' (0ms).
[2026-08-08 03:18:47.254 INF] [0HNNKNSO8HTMO:00000019] Serilog.AspNetCore.RequestLoggingMiddleware: HTTP POST /api/tts responded 200 in 1.6416 ms
[2026-08-08 03:18:56.376 INF] [0HNNKNSO8HTMR:00000001] Serilog.AspNetCore.RequestLoggingMiddleware: HTTP GET /hubs/session responded 101 in 51815.6501 ms
[2026-08-08 03:18:56.386 DBG] [0HNNKNSO8HTMO:0000001A] Microsoft.EntityFrameworkCore.Infrastructure: Entity Framework Core 10.0.10 initialized 'ApplicationDbContext' using provider 'Npgsql.EntityFrameworkCore.PostgreSQL:10.0.3+5e912bf071068a44e5abbdab497b313ba99d3ee1' with options: None
[2026-08-08 03:18:56.388 DBG] [0HNNKNSO8HTMO:0000001A] Microsoft.EntityFrameworkCore.Database.Connection: Creating DbConnection.
[2026-08-08 03:18:56.388 DBG] [0HNNKNSO8HTMO:0000001A] Microsoft.EntityFrameworkCore.Database.Connection: Created DbConnection. (0ms).
[2026-08-08 03:18:56.388 DBG] [0HNNKNSO8HTMO:0000001A] Microsoft.EntityFrameworkCore.Database.Connection: Opening connection to database 'supportroom' on server 'tcp://localhost:5432'.
[2026-08-08 03:18:56.389 DBG] [0HNNKNSO8HTMO:0000001A] Microsoft.EntityFrameworkCore.Database.Connection: Opened connection to database 'supportroom' on server 'tcp://localhost:5432'.
[2026-08-08 03:18:56.389 DBG] [0HNNKNSO8HTMO:0000001A] Microsoft.EntityFrameworkCore.Database.Command: Creating DbCommand for 'ExecuteReader'.
[2026-08-08 03:18:56.389 DBG] [0HNNKNSO8HTMO:0000001A] Microsoft.EntityFrameworkCore.Database.Command: Created DbCommand for 'ExecuteReader' (0ms).
[2026-08-08 03:18:56.389 DBG] [0HNNKNSO8HTMO:0000001A] Microsoft.EntityFrameworkCore.Database.Command: Initialized DbCommand for 'ExecuteReader' (0ms).
[2026-08-08 03:18:56.389 DBG] [0HNNKNSO8HTMO:0000001A] Microsoft.EntityFrameworkCore.Database.Command: Executing DbCommand [Parameters=[@token='?'], CommandType='Text', CommandTimeout='30']
SELECT t."Id", t."CompletedAllSlides", t."CreateBy", t."CreateDate", t."DeleteBy", t."DeletedAt", t."EndedAt", t."ExpiresAt", t."IsDelete", t."LastSlideObjectId", t."LessonId", t."LessonSlug", t."SchoolName", t."StartedAt", t."Status", t."TeacherName", t."Token", t."UpdateBy", t."UpdateDate"
FROM "TrainingSession" AS t
WHERE t."Token" = @token
LIMIT 2
[2026-08-08 03:18:56.393 INF] [0HNNKNSO8HTMO:0000001A] Microsoft.EntityFrameworkCore.Database.Command: Executed DbCommand (4ms) [Parameters=[@token='?'], CommandType='Text', CommandTimeout='30']
SELECT t."Id", t."CompletedAllSlides", t."CreateBy", t."CreateDate", t."DeleteBy", t."DeletedAt", t."EndedAt", t."ExpiresAt", t."IsDelete", t."LastSlideObjectId", t."LessonId", t."LessonSlug", t."SchoolName", t."StartedAt", t."Status", t."TeacherName", t."Token", t."UpdateBy", t."UpdateDate"
FROM "TrainingSession" AS t
WHERE t."Token" = @token
LIMIT 2
[2026-08-08 03:18:56.393 DBG] [0HNNKNSO8HTMO:0000001A] Microsoft.EntityFrameworkCore.ChangeTracking: Context 'ApplicationDbContext' started tracking 'TrainingSession' entity. Consider using 'DbContextOptionsBuilder.EnableSensitiveDataLogging' to see key values.
[2026-08-08 03:18:56.393 DBG] [0HNNKNSO8HTMO:0000001A] Microsoft.EntityFrameworkCore.Database.Command: Closing data reader to 'supportroom' on server 'tcp://localhost:5432'.
[2026-08-08 03:18:56.393 DBG] [0HNNKNSO8HTMO:0000001A] Microsoft.EntityFrameworkCore.Database.Command: A data reader for 'supportroom' on server 'tcp://localhost:5432' is being disposed after spending 0ms reading results.
[2026-08-08 03:18:56.393 DBG] [0HNNKNSO8HTMO:0000001A] Microsoft.EntityFrameworkCore.Database.Connection: Closing connection to database 'supportroom' on server 'tcp://localhost:5432'.
[2026-08-08 03:18:56.394 DBG] [0HNNKNSO8HTMO:0000001A] Microsoft.EntityFrameworkCore.Database.Connection: Closed connection to database 'supportroom' on server 'tcp://localhost:5432' (0ms).
[2026-08-08 03:18:56.394 DBG] [0HNNKNSO8HTMO:0000001A] Microsoft.EntityFrameworkCore.Database.Connection: Opening connection to database 'supportroom' on server 'tcp://localhost:5432'.
[2026-08-08 03:18:56.394 DBG] [0HNNKNSO8HTMO:0000001A] Microsoft.EntityFrameworkCore.Database.Connection: Opened connection to database 'supportroom' on server 'tcp://localhost:5432'.
[2026-08-08 03:18:56.394 DBG] [0HNNKNSO8HTMO:0000001A] Microsoft.EntityFrameworkCore.Database.Command: Creating DbCommand for 'ExecuteReader'.
[2026-08-08 03:18:56.394 DBG] [0HNNKNSO8HTMO:0000001A] Microsoft.EntityFrameworkCore.Database.Command: Created DbCommand for 'ExecuteReader' (0ms).
[2026-08-08 03:18:56.394 DBG] [0HNNKNSO8HTMO:0000001A] Microsoft.EntityFrameworkCore.Database.Command: Initialized DbCommand for 'ExecuteReader' (0ms).
[2026-08-08 03:18:56.394 DBG] [0HNNKNSO8HTMO:0000001A] Microsoft.EntityFrameworkCore.Database.Command: Executing DbCommand [Parameters=[@slug='?'], CommandType='Text', CommandTimeout='30']
SELECT l."Id", l."BreathPauseMs", l."CreateBy", l."CreateDate", l."DeleteBy", l."DeletedAt", l."Description", l."FinalQuestionWaitMs", l."IntroWaitMs", l."IsActive", l."IsDelete", l."PresentationId", l."SlidesEmbedUrl", l."SlidesSourceUrl", l."Slug", l."Title", l."UpdateBy", l."UpdateDate", l."SlideConfigs"
FROM "LessonConfig" AS l
WHERE l."Slug" = @slug
LIMIT 2
[2026-08-08 03:18:56.399 INF] [0HNNKNSO8HTMO:0000001A] Microsoft.EntityFrameworkCore.Database.Command: Executed DbCommand (5ms) [Parameters=[@slug='?'], CommandType='Text', CommandTimeout='30']
SELECT l."Id", l."BreathPauseMs", l."CreateBy", l."CreateDate", l."DeleteBy", l."DeletedAt", l."Description", l."FinalQuestionWaitMs", l."IntroWaitMs", l."IsActive", l."IsDelete", l."PresentationId", l."SlidesEmbedUrl", l."SlidesSourceUrl", l."Slug", l."Title", l."UpdateBy", l."UpdateDate", l."SlideConfigs"
FROM "LessonConfig" AS l
WHERE l."Slug" = @slug
LIMIT 2
[2026-08-08 03:18:56.399 DBG] [0HNNKNSO8HTMO:0000001A] Microsoft.EntityFrameworkCore.ChangeTracking: Context 'ApplicationDbContext' started tracking 'LessonConfig' entity. Consider using 'DbContextOptionsBuilder.EnableSensitiveDataLogging' to see key values.
[2026-08-08 03:18:56.400 DBG] [0HNNKNSO8HTMO:0000001A] Microsoft.EntityFrameworkCore.ChangeTracking: Context 'ApplicationDbContext' started tracking 'SlideConfig' entity. Consider using 'DbContextOptionsBuilder.EnableSensitiveDataLogging' to see key values.
[2026-08-08 03:18:56.400 DBG] [0HNNKNSO8HTMO:0000001A] Microsoft.EntityFrameworkCore.ChangeTracking: Context 'ApplicationDbContext' started tracking 'SlideConfig' entity. Consider using 'DbContextOptionsBuilder.EnableSensitiveDataLogging' to see key values.
[2026-08-08 03:18:56.400 DBG] [0HNNKNSO8HTMO:0000001A] Microsoft.EntityFrameworkCore.ChangeTracking: Context 'ApplicationDbContext' started tracking 'SlideConfig' entity. Consider using 'DbContextOptionsBuilder.EnableSensitiveDataLogging' to see key values.
[2026-08-08 03:18:56.400 DBG] [0HNNKNSO8HTMO:0000001A] Microsoft.EntityFrameworkCore.ChangeTracking: Context 'ApplicationDbContext' started tracking 'SlideConfig' entity. Consider using 'DbContextOptionsBuilder.EnableSensitiveDataLogging' to see key values.
[2026-08-08 03:18:56.400 DBG] [0HNNKNSO8HTMO:0000001A] Microsoft.EntityFrameworkCore.ChangeTracking: Context 'ApplicationDbContext' started tracking 'SlideConfig' entity. Consider using 'DbContextOptionsBuilder.EnableSensitiveDataLogging' to see key values.
[2026-08-08 03:18:56.400 DBG] [0HNNKNSO8HTMO:0000001A] Microsoft.EntityFrameworkCore.ChangeTracking: Context 'ApplicationDbContext' started tracking 'SlideConfig' entity. Consider using 'DbContextOptionsBuilder.EnableSensitiveDataLogging' to see key values.
[2026-08-08 03:18:56.400 DBG] [0HNNKNSO8HTMO:0000001A] Microsoft.EntityFrameworkCore.Database.Command: Closing data reader to 'supportroom' on server 'tcp://localhost:5432'.
[2026-08-08 03:18:56.400 DBG] [0HNNKNSO8HTMO:0000001A] Microsoft.EntityFrameworkCore.Database.Command: A data reader for 'supportroom' on server 'tcp://localhost:5432' is being disposed after spending 0ms reading results.
[2026-08-08 03:18:56.400 DBG] [0HNNKNSO8HTMO:0000001A] Microsoft.EntityFrameworkCore.Database.Connection: Closing connection to database 'supportroom' on server 'tcp://localhost:5432'.
[2026-08-08 03:18:56.400 DBG] [0HNNKNSO8HTMO:0000001A] Microsoft.EntityFrameworkCore.Database.Connection: Closed connection to database 'supportroom' on server 'tcp://localhost:5432' (0ms).
[2026-08-08 03:18:56.400 INF] [0HNNKNSO8HTMO:0000001A] Serilog.AspNetCore.RequestLoggingMiddleware: HTTP GET /api/sessions/99a673db-e420-4d37-85eb-df85f2b1d29d responded 200 in 15.3526 ms
[2026-08-08 03:18:56.401 DBG] [] Microsoft.EntityFrameworkCore.Infrastructure: 'ApplicationDbContext' disposed.
[2026-08-08 03:18:56.401 DBG] [] Microsoft.EntityFrameworkCore.Database.Connection: Disposing connection to database 'supportroom' on server 'tcp://localhost:5432'.
[2026-08-08 03:18:56.401 DBG] [] Microsoft.EntityFrameworkCore.Database.Connection: Disposed connection to database 'supportroom' on server 'tcp://localhost:5432' (0ms).
[2026-08-08 03:18:56.403 DBG] [0HNNKNSO8HTMN:00000005] Microsoft.EntityFrameworkCore.Infrastructure: Entity Framework Core 10.0.10 initialized 'ApplicationDbContext' using provider 'Npgsql.EntityFrameworkCore.PostgreSQL:10.0.3+5e912bf071068a44e5abbdab497b313ba99d3ee1' with options: None
[2026-08-08 03:18:56.404 DBG] [0HNNKNSO8HTMN:00000005] Microsoft.EntityFrameworkCore.Database.Connection: Creating DbConnection.
[2026-08-08 03:18:56.404 DBG] [0HNNKNSO8HTMN:00000005] Microsoft.EntityFrameworkCore.Database.Connection: Created DbConnection. (0ms).
[2026-08-08 03:18:56.405 DBG] [0HNNKNSO8HTMN:00000005] Microsoft.EntityFrameworkCore.Database.Connection: Opening connection to database 'supportroom' on server 'tcp://localhost:5432'.
[2026-08-08 03:18:56.405 DBG] [0HNNKNSO8HTMN:00000005] Microsoft.EntityFrameworkCore.Database.Connection: Opened connection to database 'supportroom' on server 'tcp://localhost:5432'.
[2026-08-08 03:18:56.405 DBG] [0HNNKNSO8HTMN:00000005] Microsoft.EntityFrameworkCore.Database.Command: Creating DbCommand for 'ExecuteReader'.
[2026-08-08 03:18:56.405 DBG] [0HNNKNSO8HTMN:00000005] Microsoft.EntityFrameworkCore.Database.Command: Created DbCommand for 'ExecuteReader' (0ms).
[2026-08-08 03:18:56.405 DBG] [0HNNKNSO8HTMN:00000005] Microsoft.EntityFrameworkCore.Database.Command: Initialized DbCommand for 'ExecuteReader' (0ms).
[2026-08-08 03:18:56.405 DBG] [0HNNKNSO8HTMN:00000005] Microsoft.EntityFrameworkCore.Database.Command: Executing DbCommand [Parameters=[@token='?'], CommandType='Text', CommandTimeout='30']
SELECT t."Id", t."CompletedAllSlides", t."CreateBy", t."CreateDate", t."DeleteBy", t."DeletedAt", t."EndedAt", t."ExpiresAt", t."IsDelete", t."LastSlideObjectId", t."LessonId", t."LessonSlug", t."SchoolName", t."StartedAt", t."Status", t."TeacherName", t."Token", t."UpdateBy", t."UpdateDate"
FROM "TrainingSession" AS t
WHERE t."Token" = @token
LIMIT 2
[2026-08-08 03:18:56.408 INF] [0HNNKNSO8HTMN:00000005] Microsoft.EntityFrameworkCore.Database.Command: Executed DbCommand (3ms) [Parameters=[@token='?'], CommandType='Text', CommandTimeout='30']
SELECT t."Id", t."CompletedAllSlides", t."CreateBy", t."CreateDate", t."DeleteBy", t."DeletedAt", t."EndedAt", t."ExpiresAt", t."IsDelete", t."LastSlideObjectId", t."LessonId", t."LessonSlug", t."SchoolName", t."StartedAt", t."Status", t."TeacherName", t."Token", t."UpdateBy", t."UpdateDate"
FROM "TrainingSession" AS t
WHERE t."Token" = @token
LIMIT 2
[2026-08-08 03:18:56.408 DBG] [0HNNKNSO8HTMN:00000005] Microsoft.EntityFrameworkCore.ChangeTracking: Context 'ApplicationDbContext' started tracking 'TrainingSession' entity. Consider using 'DbContextOptionsBuilder.EnableSensitiveDataLogging' to see key values.
[2026-08-08 03:18:56.408 DBG] [0HNNKNSO8HTMN:00000005] Microsoft.EntityFrameworkCore.Database.Command: Closing data reader to 'supportroom' on server 'tcp://localhost:5432'.
[2026-08-08 03:18:56.408 DBG] [0HNNKNSO8HTMN:00000005] Microsoft.EntityFrameworkCore.Database.Command: A data reader for 'supportroom' on server 'tcp://localhost:5432' is being disposed after spending 0ms reading results.
[2026-08-08 03:18:56.408 DBG] [0HNNKNSO8HTMN:00000005] Microsoft.EntityFrameworkCore.Database.Connection: Closing connection to database 'supportroom' on server 'tcp://localhost:5432'.
[2026-08-08 03:18:56.408 DBG] [0HNNKNSO8HTMN:00000005] Microsoft.EntityFrameworkCore.Database.Connection: Closed connection to database 'supportroom' on server 'tcp://localhost:5432' (0ms).
[2026-08-08 03:18:56.409 DBG] [0HNNKNSO8HTMN:00000005] Microsoft.EntityFrameworkCore.Database.Connection: Opening connection to database 'supportroom' on server 'tcp://localhost:5432'.
[2026-08-08 03:18:56.409 DBG] [0HNNKNSO8HTMN:00000005] Microsoft.EntityFrameworkCore.Database.Connection: Opened connection to database 'supportroom' on server 'tcp://localhost:5432'.
[2026-08-08 03:18:56.409 DBG] [0HNNKNSO8HTMN:00000005] Microsoft.EntityFrameworkCore.Database.Command: Creating DbCommand for 'ExecuteReader'.
[2026-08-08 03:18:56.409 DBG] [0HNNKNSO8HTMN:00000005] Microsoft.EntityFrameworkCore.Database.Command: Created DbCommand for 'ExecuteReader' (0ms).
[2026-08-08 03:18:56.409 DBG] [0HNNKNSO8HTMN:00000005] Microsoft.EntityFrameworkCore.Database.Command: Initialized DbCommand for 'ExecuteReader' (0ms).
[2026-08-08 03:18:56.409 DBG] [0HNNKNSO8HTMN:00000005] Microsoft.EntityFrameworkCore.Database.Command: Executing DbCommand [Parameters=[@slug='?'], CommandType='Text', CommandTimeout='30']
SELECT l."Id", l."BreathPauseMs", l."CreateBy", l."CreateDate", l."DeleteBy", l."DeletedAt", l."Description", l."FinalQuestionWaitMs", l."IntroWaitMs", l."IsActive", l."IsDelete", l."PresentationId", l."SlidesEmbedUrl", l."SlidesSourceUrl", l."Slug", l."Title", l."UpdateBy", l."UpdateDate", l."SlideConfigs"
FROM "LessonConfig" AS l
WHERE l."Slug" = @slug
LIMIT 2
[2026-08-08 03:18:56.412 INF] [0HNNKNSO8HTMN:00000005] Microsoft.EntityFrameworkCore.Database.Command: Executed DbCommand (3ms) [Parameters=[@slug='?'], CommandType='Text', CommandTimeout='30']
SELECT l."Id", l."BreathPauseMs", l."CreateBy", l."CreateDate", l."DeleteBy", l."DeletedAt", l."Description", l."FinalQuestionWaitMs", l."IntroWaitMs", l."IsActive", l."IsDelete", l."PresentationId", l."SlidesEmbedUrl", l."SlidesSourceUrl", l."Slug", l."Title", l."UpdateBy", l."UpdateDate", l."SlideConfigs"
FROM "LessonConfig" AS l
WHERE l."Slug" = @slug
LIMIT 2
[2026-08-08 03:18:56.412 DBG] [0HNNKNSO8HTMN:00000005] Microsoft.EntityFrameworkCore.ChangeTracking: Context 'ApplicationDbContext' started tracking 'LessonConfig' entity. Consider using 'DbContextOptionsBuilder.EnableSensitiveDataLogging' to see key values.
[2026-08-08 03:18:56.413 DBG] [0HNNKNSO8HTMN:00000005] Microsoft.EntityFrameworkCore.ChangeTracking: Context 'ApplicationDbContext' started tracking 'SlideConfig' entity. Consider using 'DbContextOptionsBuilder.EnableSensitiveDataLogging' to see key values.
[2026-08-08 03:18:56.413 DBG] [0HNNKNSO8HTMN:00000005] Microsoft.EntityFrameworkCore.ChangeTracking: Context 'ApplicationDbContext' started tracking 'SlideConfig' entity. Consider using 'DbContextOptionsBuilder.EnableSensitiveDataLogging' to see key values.
[2026-08-08 03:18:56.413 DBG] [0HNNKNSO8HTMN:00000005] Microsoft.EntityFrameworkCore.ChangeTracking: Context 'ApplicationDbContext' started tracking 'SlideConfig' entity. Consider using 'DbContextOptionsBuilder.EnableSensitiveDataLogging' to see key values.
[2026-08-08 03:18:56.413 DBG] [0HNNKNSO8HTMN:00000005] Microsoft.EntityFrameworkCore.ChangeTracking: Context 'ApplicationDbContext' started tracking 'SlideConfig' entity. Consider using 'DbContextOptionsBuilder.EnableSensitiveDataLogging' to see key values.
[2026-08-08 03:18:56.413 DBG] [0HNNKNSO8HTMN:00000005] Microsoft.EntityFrameworkCore.ChangeTracking: Context 'ApplicationDbContext' started tracking 'SlideConfig' entity. Consider using 'DbContextOptionsBuilder.EnableSensitiveDataLogging' to see key values.
[2026-08-08 03:18:56.413 DBG] [0HNNKNSO8HTMN:00000005] Microsoft.EntityFrameworkCore.ChangeTracking: Context 'ApplicationDbContext' started tracking 'SlideConfig' entity. Consider using 'DbContextOptionsBuilder.EnableSensitiveDataLogging' to see key values.
[2026-08-08 03:18:56.413 DBG] [0HNNKNSO8HTMN:00000005] Microsoft.EntityFrameworkCore.Database.Command: Closing data reader to 'supportroom' on server 'tcp://localhost:5432'.
[2026-08-08 03:18:56.413 DBG] [0HNNKNSO8HTMN:00000005] Microsoft.EntityFrameworkCore.Database.Command: A data reader for 'supportroom' on server 'tcp://localhost:5432' is being disposed after spending 0ms reading results.
[2026-08-08 03:18:56.413 DBG] [0HNNKNSO8HTMN:00000005] Microsoft.EntityFrameworkCore.Database.Connection: Closing connection to database 'supportroom' on server 'tcp://localhost:5432'.
[2026-08-08 03:18:56.413 DBG] [0HNNKNSO8HTMN:00000005] Microsoft.EntityFrameworkCore.Database.Connection: Closed connection to database 'supportroom' on server 'tcp://localhost:5432' (0ms).
[2026-08-08 03:18:56.414 INF] [0HNNKNSO8HTMN:00000005] Serilog.AspNetCore.RequestLoggingMiddleware: HTTP GET /api/sessions/99a673db-e420-4d37-85eb-df85f2b1d29d responded 200 in 12.5155 ms
[2026-08-08 03:18:56.415 DBG] [] Microsoft.EntityFrameworkCore.Infrastructure: 'ApplicationDbContext' disposed.
[2026-08-08 03:18:56.415 DBG] [] Microsoft.EntityFrameworkCore.Database.Connection: Disposing connection to database 'supportroom' on server 'tcp://localhost:5432'.
[2026-08-08 03:18:56.415 DBG] [] Microsoft.EntityFrameworkCore.Database.Connection: Disposed connection to database 'supportroom' on server 'tcp://localhost:5432' (0ms).
[2026-08-08 03:19:21.015 INF] [0HNNKNSO8HTMS:00000001] Serilog.AspNetCore.RequestLoggingMiddleware: HTTP GET /api/health responded 200 in 4.6796 ms
[2026-08-08 03:19:26.342 INF] [0HNNKNSO8HTMN:00000006] Serilog.AspNetCore.RequestLoggingMiddleware: HTTP OPTIONS /api/sessions responded 204 in 0.1790 ms
[2026-08-08 03:19:26.346 DBG] [0HNNKNSO8HTMN:00000007] Microsoft.EntityFrameworkCore.Infrastructure: Entity Framework Core 10.0.10 initialized 'ApplicationDbContext' using provider 'Npgsql.EntityFrameworkCore.PostgreSQL:10.0.3+5e912bf071068a44e5abbdab497b313ba99d3ee1' with options: None
[2026-08-08 03:19:26.348 DBG] [0HNNKNSO8HTMN:00000007] Microsoft.EntityFrameworkCore.Database.Connection: Creating DbConnection.
[2026-08-08 03:19:26.349 DBG] [0HNNKNSO8HTMN:00000007] Microsoft.EntityFrameworkCore.Database.Connection: Created DbConnection. (0ms).
[2026-08-08 03:19:26.349 DBG] [0HNNKNSO8HTMN:00000007] Microsoft.EntityFrameworkCore.Database.Connection: Opening connection to database 'supportroom' on server 'tcp://localhost:5432'.
[2026-08-08 03:19:26.349 DBG] [0HNNKNSO8HTMN:00000007] Microsoft.EntityFrameworkCore.Database.Connection: Opened connection to database 'supportroom' on server 'tcp://localhost:5432'.
[2026-08-08 03:19:26.349 DBG] [0HNNKNSO8HTMN:00000007] Microsoft.EntityFrameworkCore.Database.Command: Creating DbCommand for 'ExecuteReader'.
[2026-08-08 03:19:26.349 DBG] [0HNNKNSO8HTMN:00000007] Microsoft.EntityFrameworkCore.Database.Command: Created DbCommand for 'ExecuteReader' (0ms).
[2026-08-08 03:19:26.349 DBG] [0HNNKNSO8HTMN:00000007] Microsoft.EntityFrameworkCore.Database.Command: Initialized DbCommand for 'ExecuteReader' (0ms).
[2026-08-08 03:19:26.349 DBG] [0HNNKNSO8HTMN:00000007] Microsoft.EntityFrameworkCore.Database.Command: Executing DbCommand [Parameters=[@slug='?'], CommandType='Text', CommandTimeout='30']
SELECT l."Id", l."BreathPauseMs", l."CreateBy", l."CreateDate", l."DeleteBy", l."DeletedAt", l."Description", l."FinalQuestionWaitMs", l."IntroWaitMs", l."IsActive", l."IsDelete", l."PresentationId", l."SlidesEmbedUrl", l."SlidesSourceUrl", l."Slug", l."Title", l."UpdateBy", l."UpdateDate", l."SlideConfigs"
FROM "LessonConfig" AS l
WHERE l."Slug" = @slug
LIMIT 2
[2026-08-08 03:19:26.353 INF] [0HNNKNSO8HTMN:00000007] Microsoft.EntityFrameworkCore.Database.Command: Executed DbCommand (4ms) [Parameters=[@slug='?'], CommandType='Text', CommandTimeout='30']
SELECT l."Id", l."BreathPauseMs", l."CreateBy", l."CreateDate", l."DeleteBy", l."DeletedAt", l."Description", l."FinalQuestionWaitMs", l."IntroWaitMs", l."IsActive", l."IsDelete", l."PresentationId", l."SlidesEmbedUrl", l."SlidesSourceUrl", l."Slug", l."Title", l."UpdateBy", l."UpdateDate", l."SlideConfigs"
FROM "LessonConfig" AS l
WHERE l."Slug" = @slug
LIMIT 2
[2026-08-08 03:19:26.354 DBG] [0HNNKNSO8HTMN:00000007] Microsoft.EntityFrameworkCore.ChangeTracking: Context 'ApplicationDbContext' started tracking 'LessonConfig' entity. Consider using 'DbContextOptionsBuilder.EnableSensitiveDataLogging' to see key values.
[2026-08-08 03:19:26.354 DBG] [0HNNKNSO8HTMN:00000007] Microsoft.EntityFrameworkCore.ChangeTracking: Context 'ApplicationDbContext' started tracking 'SlideConfig' entity. Consider using 'DbContextOptionsBuilder.EnableSensitiveDataLogging' to see key values.
[2026-08-08 03:19:26.354 DBG] [0HNNKNSO8HTMN:00000007] Microsoft.EntityFrameworkCore.ChangeTracking: Context 'ApplicationDbContext' started tracking 'SlideConfig' entity. Consider using 'DbContextOptionsBuilder.EnableSensitiveDataLogging' to see key values.
[2026-08-08 03:19:26.354 DBG] [0HNNKNSO8HTMN:00000007] Microsoft.EntityFrameworkCore.ChangeTracking: Context 'ApplicationDbContext' started tracking 'SlideConfig' entity. Consider using 'DbContextOptionsBuilder.EnableSensitiveDataLogging' to see key values.
[2026-08-08 03:19:26.354 DBG] [0HNNKNSO8HTMN:00000007] Microsoft.EntityFrameworkCore.ChangeTracking: Context 'ApplicationDbContext' started tracking 'SlideConfig' entity. Consider using 'DbContextOptionsBuilder.EnableSensitiveDataLogging' to see key values.
[2026-08-08 03:19:26.354 DBG] [0HNNKNSO8HTMN:00000007] Microsoft.EntityFrameworkCore.ChangeTracking: Context 'ApplicationDbContext' started tracking 'SlideConfig' entity. Consider using 'DbContextOptionsBuilder.EnableSensitiveDataLogging' to see key values.
[2026-08-08 03:19:26.354 DBG] [0HNNKNSO8HTMN:00000007] Microsoft.EntityFrameworkCore.ChangeTracking: Context 'ApplicationDbContext' started tracking 'SlideConfig' entity. Consider using 'DbContextOptionsBuilder.EnableSensitiveDataLogging' to see key values.
[2026-08-08 03:19:26.354 DBG] [0HNNKNSO8HTMN:00000007] Microsoft.EntityFrameworkCore.Database.Command: Closing data reader to 'supportroom' on server 'tcp://localhost:5432'.
[2026-08-08 03:19:26.354 DBG] [0HNNKNSO8HTMN:00000007] Microsoft.EntityFrameworkCore.Database.Command: A data reader for 'supportroom' on server 'tcp://localhost:5432' is being disposed after spending 0ms reading results.
[2026-08-08 03:19:26.354 DBG] [0HNNKNSO8HTMN:00000007] Microsoft.EntityFrameworkCore.Database.Connection: Closing connection to database 'supportroom' on server 'tcp://localhost:5432'.
[2026-08-08 03:19:26.355 DBG] [0HNNKNSO8HTMN:00000007] Microsoft.EntityFrameworkCore.Database.Connection: Closed connection to database 'supportroom' on server 'tcp://localhost:5432' (0ms).
[2026-08-08 03:19:26.355 DBG] [0HNNKNSO8HTMN:00000007] Microsoft.EntityFrameworkCore.ChangeTracking: Context 'ApplicationDbContext' started tracking 'TrainingSession' entity. Consider using 'DbContextOptionsBuilder.EnableSensitiveDataLogging' to see key values.
[2026-08-08 03:19:26.355 DBG] [0HNNKNSO8HTMN:00000007] Microsoft.EntityFrameworkCore.Update: SaveChanges starting for 'ApplicationDbContext'.
[2026-08-08 03:19:26.355 DBG] [0HNNKNSO8HTMN:00000007] Microsoft.EntityFrameworkCore.ChangeTracking: DetectChanges starting for 'ApplicationDbContext'.
[2026-08-08 03:19:26.356 DBG] [0HNNKNSO8HTMN:00000007] Microsoft.EntityFrameworkCore.ChangeTracking: DetectChanges completed for 'ApplicationDbContext'.
[2026-08-08 03:19:26.357 DBG] [0HNNKNSO8HTMN:00000007] Microsoft.EntityFrameworkCore.Database.Connection: Opening connection to database 'supportroom' on server 'tcp://localhost:5432'.
[2026-08-08 03:19:26.357 DBG] [0HNNKNSO8HTMN:00000007] Microsoft.EntityFrameworkCore.Database.Connection: Opened connection to database 'supportroom' on server 'tcp://localhost:5432'.
[2026-08-08 03:19:26.357 DBG] [0HNNKNSO8HTMN:00000007] Microsoft.EntityFrameworkCore.Database.Command: Creating DbCommand for 'ExecuteReader'.
[2026-08-08 03:19:26.357 DBG] [0HNNKNSO8HTMN:00000007] Microsoft.EntityFrameworkCore.Database.Command: Created DbCommand for 'ExecuteReader' (0ms).
[2026-08-08 03:19:26.357 DBG] [0HNNKNSO8HTMN:00000007] Microsoft.EntityFrameworkCore.Database.Command: Initialized DbCommand for 'ExecuteReader' (0ms).
[2026-08-08 03:19:26.357 DBG] [0HNNKNSO8HTMN:00000007] Microsoft.EntityFrameworkCore.Database.Command: Executing DbCommand [Parameters=[@p0='?', @p1='?' (DbType = Boolean), @p2='?', @p3='?' (DbType = DateTime), @p4='?', @p5='?' (DbType = DateTime), @p6='?' (DbType = DateTime), @p7='?' (DbType = DateTime), @p8='?' (DbType = Boolean), @p9='?', @p10='?', @p11='?', @p12='?', @p13='?' (DbType = DateTime), @p14='?', @p15='?', @p16='?', @p17='?', @p18='?' (DbType = DateTime)], CommandType='Text', CommandTimeout='30']
INSERT INTO "TrainingSession" ("Id", "CompletedAllSlides", "CreateBy", "CreateDate", "DeleteBy", "DeletedAt", "EndedAt", "ExpiresAt", "IsDelete", "LastSlideObjectId", "LessonId", "LessonSlug", "SchoolName", "StartedAt", "Status", "TeacherName", "Token", "UpdateBy", "UpdateDate")
VALUES (@p0, @p1, @p2, @p3, @p4, @p5, @p6, @p7, @p8, @p9, @p10, @p11, @p12, @p13, @p14, @p15, @p16, @p17, @p18);
[2026-08-08 03:19:26.364 INF] [0HNNKNSO8HTMN:00000007] Microsoft.EntityFrameworkCore.Database.Command: Executed DbCommand (6ms) [Parameters=[@p0='?', @p1='?' (DbType = Boolean), @p2='?', @p3='?' (DbType = DateTime), @p4='?', @p5='?' (DbType = DateTime), @p6='?' (DbType = DateTime), @p7='?' (DbType = DateTime), @p8='?' (DbType = Boolean), @p9='?', @p10='?', @p11='?', @p12='?', @p13='?' (DbType = DateTime), @p14='?', @p15='?', @p16='?', @p17='?', @p18='?' (DbType = DateTime)], CommandType='Text', CommandTimeout='30']
INSERT INTO "TrainingSession" ("Id", "CompletedAllSlides", "CreateBy", "CreateDate", "DeleteBy", "DeletedAt", "EndedAt", "ExpiresAt", "IsDelete", "LastSlideObjectId", "LessonId", "LessonSlug", "SchoolName", "StartedAt", "Status", "TeacherName", "Token", "UpdateBy", "UpdateDate")
VALUES (@p0, @p1, @p2, @p3, @p4, @p5, @p6, @p7, @p8, @p9, @p10, @p11, @p12, @p13, @p14, @p15, @p16, @p17, @p18);
[2026-08-08 03:19:26.364 DBG] [0HNNKNSO8HTMN:00000007] Microsoft.EntityFrameworkCore.Database.Command: Closing data reader to 'supportroom' on server 'tcp://localhost:5432'.
[2026-08-08 03:19:26.364 DBG] [0HNNKNSO8HTMN:00000007] Microsoft.EntityFrameworkCore.Database.Command: A data reader for 'supportroom' on server 'tcp://localhost:5432' is being disposed after spending 0ms reading results.
[2026-08-08 03:19:26.364 DBG] [0HNNKNSO8HTMN:00000007] Microsoft.EntityFrameworkCore.Database.Connection: Closing connection to database 'supportroom' on server 'tcp://localhost:5432'.
[2026-08-08 03:19:26.364 DBG] [0HNNKNSO8HTMN:00000007] Microsoft.EntityFrameworkCore.Database.Connection: Closed connection to database 'supportroom' on server 'tcp://localhost:5432' (0ms).
[2026-08-08 03:19:26.364 DBG] [0HNNKNSO8HTMN:00000007] Microsoft.EntityFrameworkCore.ChangeTracking: An entity of type 'TrainingSession' tracked by 'ApplicationDbContext' changed state from 'Added' to 'Unchanged'. Consider using 'DbContextOptionsBuilder.EnableSensitiveDataLogging' to see key values.
[2026-08-08 03:19:26.364 DBG] [0HNNKNSO8HTMN:00000007] Microsoft.EntityFrameworkCore.Update: SaveChanges completed for 'ApplicationDbContext' with 1 entities written to the database.
[2026-08-08 03:19:26.364 INF] [0HNNKNSO8HTMN:00000007] SupportRoom.Application.Services.ITrainingSessionService: Session created: session-9b4e805a-1875-42ec-b6d2-c8768629ccfc lesson=login-mobile-test
[2026-08-08 03:19:26.365 INF] [0HNNKNSO8HTMN:00000007] Serilog.AspNetCore.RequestLoggingMiddleware: HTTP POST /api/sessions responded 201 in 20.2189 ms
[2026-08-08 03:19:26.365 DBG] [] Microsoft.EntityFrameworkCore.Infrastructure: 'ApplicationDbContext' disposed.
[2026-08-08 03:19:26.365 DBG] [] Microsoft.EntityFrameworkCore.Database.Connection: Disposing connection to database 'supportroom' on server 'tcp://localhost:5432'.
[2026-08-08 03:19:26.365 DBG] [] Microsoft.EntityFrameworkCore.Database.Connection: Disposed connection to database 'supportroom' on server 'tcp://localhost:5432' (0ms).
[2026-08-08 03:19:34.617 DBG] [0HNNKNSO8HTMN:00000008] Microsoft.EntityFrameworkCore.Infrastructure: Entity Framework Core 10.0.10 initialized 'ApplicationDbContext' using provider 'Npgsql.EntityFrameworkCore.PostgreSQL:10.0.3+5e912bf071068a44e5abbdab497b313ba99d3ee1' with options: None
[2026-08-08 03:19:34.618 DBG] [0HNNKNSO8HTMN:00000008] Microsoft.EntityFrameworkCore.Database.Connection: Creating DbConnection.
[2026-08-08 03:19:34.618 DBG] [0HNNKNSO8HTMN:00000008] Microsoft.EntityFrameworkCore.Database.Connection: Created DbConnection. (0ms).
[2026-08-08 03:19:34.618 DBG] [0HNNKNSO8HTMN:00000008] Microsoft.EntityFrameworkCore.Database.Connection: Opening connection to database 'supportroom' on server 'tcp://localhost:5432'.
[2026-08-08 03:19:34.618 DBG] [0HNNKNSO8HTMN:00000008] Microsoft.EntityFrameworkCore.Database.Connection: Opened connection to database 'supportroom' on server 'tcp://localhost:5432'.
[2026-08-08 03:19:34.618 DBG] [0HNNKNSO8HTMN:00000008] Microsoft.EntityFrameworkCore.Database.Command: Creating DbCommand for 'ExecuteReader'.
[2026-08-08 03:19:34.618 DBG] [0HNNKNSO8HTMN:00000008] Microsoft.EntityFrameworkCore.Database.Command: Created DbCommand for 'ExecuteReader' (0ms).
[2026-08-08 03:19:34.618 DBG] [0HNNKNSO8HTMN:00000008] Microsoft.EntityFrameworkCore.Database.Command: Initialized DbCommand for 'ExecuteReader' (0ms).
[2026-08-08 03:19:34.618 DBG] [0HNNKNSO8HTMN:00000008] Microsoft.EntityFrameworkCore.Database.Command: Executing DbCommand [Parameters=[@token='?'], CommandType='Text', CommandTimeout='30']
SELECT t."Id", t."CompletedAllSlides", t."CreateBy", t."CreateDate", t."DeleteBy", t."DeletedAt", t."EndedAt", t."ExpiresAt", t."IsDelete", t."LastSlideObjectId", t."LessonId", t."LessonSlug", t."SchoolName", t."StartedAt", t."Status", t."TeacherName", t."Token", t."UpdateBy", t."UpdateDate"
FROM "TrainingSession" AS t
WHERE t."Token" = @token
LIMIT 2
[2026-08-08 03:19:34.622 INF] [0HNNKNSO8HTMN:00000008] Microsoft.EntityFrameworkCore.Database.Command: Executed DbCommand (4ms) [Parameters=[@token='?'], CommandType='Text', CommandTimeout='30']
SELECT t."Id", t."CompletedAllSlides", t."CreateBy", t."CreateDate", t."DeleteBy", t."DeletedAt", t."EndedAt", t."ExpiresAt", t."IsDelete", t."LastSlideObjectId", t."LessonId", t."LessonSlug", t."SchoolName", t."StartedAt", t."Status", t."TeacherName", t."Token", t."UpdateBy", t."UpdateDate"
FROM "TrainingSession" AS t
WHERE t."Token" = @token
LIMIT 2
[2026-08-08 03:19:34.623 DBG] [0HNNKNSO8HTMN:00000008] Microsoft.EntityFrameworkCore.ChangeTracking: Context 'ApplicationDbContext' started tracking 'TrainingSession' entity. Consider using 'DbContextOptionsBuilder.EnableSensitiveDataLogging' to see key values.
[2026-08-08 03:19:34.623 DBG] [0HNNKNSO8HTMN:00000008] Microsoft.EntityFrameworkCore.Database.Command: Closing data reader to 'supportroom' on server 'tcp://localhost:5432'.
[2026-08-08 03:19:34.623 DBG] [0HNNKNSO8HTMN:00000008] Microsoft.EntityFrameworkCore.Database.Command: A data reader for 'supportroom' on server 'tcp://localhost:5432' is being disposed after spending 0ms reading results.
[2026-08-08 03:19:34.623 DBG] [0HNNKNSO8HTMN:00000008] Microsoft.EntityFrameworkCore.Database.Connection: Closing connection to database 'supportroom' on server 'tcp://localhost:5432'.
[2026-08-08 03:19:34.623 DBG] [0HNNKNSO8HTMN:00000008] Microsoft.EntityFrameworkCore.Database.Connection: Closed connection to database 'supportroom' on server 'tcp://localhost:5432' (0ms).
[2026-08-08 03:19:34.624 DBG] [0HNNKNSO8HTMN:00000008] Microsoft.EntityFrameworkCore.Database.Connection: Opening connection to database 'supportroom' on server 'tcp://localhost:5432'.
[2026-08-08 03:19:34.624 DBG] [0HNNKNSO8HTMN:00000008] Microsoft.EntityFrameworkCore.Database.Connection: Opened connection to database 'supportroom' on server 'tcp://localhost:5432'.
[2026-08-08 03:19:34.624 DBG] [0HNNKNSO8HTMN:00000008] Microsoft.EntityFrameworkCore.Database.Command: Creating DbCommand for 'ExecuteReader'.
[2026-08-08 03:19:34.624 DBG] [0HNNKNSO8HTMN:00000008] Microsoft.EntityFrameworkCore.Database.Command: Created DbCommand for 'ExecuteReader' (0ms).
[2026-08-08 03:19:34.624 DBG] [0HNNKNSO8HTMN:00000008] Microsoft.EntityFrameworkCore.Database.Command: Initialized DbCommand for 'ExecuteReader' (0ms).
[2026-08-08 03:19:34.624 DBG] [0HNNKNSO8HTMN:00000008] Microsoft.EntityFrameworkCore.Database.Command: Executing DbCommand [Parameters=[@slug='?'], CommandType='Text', CommandTimeout='30']
SELECT l."Id", l."BreathPauseMs", l."CreateBy", l."CreateDate", l."DeleteBy", l."DeletedAt", l."Description", l."FinalQuestionWaitMs", l."IntroWaitMs", l."IsActive", l."IsDelete", l."PresentationId", l."SlidesEmbedUrl", l."SlidesSourceUrl", l."Slug", l."Title", l."UpdateBy", l."UpdateDate", l."SlideConfigs"
FROM "LessonConfig" AS l
WHERE l."Slug" = @slug
LIMIT 2
[2026-08-08 03:19:34.627 INF] [0HNNKNSO8HTMN:00000008] Microsoft.EntityFrameworkCore.Database.Command: Executed DbCommand (3ms) [Parameters=[@slug='?'], CommandType='Text', CommandTimeout='30']
SELECT l."Id", l."BreathPauseMs", l."CreateBy", l."CreateDate", l."DeleteBy", l."DeletedAt", l."Description", l."FinalQuestionWaitMs", l."IntroWaitMs", l."IsActive", l."IsDelete", l."PresentationId", l."SlidesEmbedUrl", l."SlidesSourceUrl", l."Slug", l."Title", l."UpdateBy", l."UpdateDate", l."SlideConfigs"
FROM "LessonConfig" AS l
WHERE l."Slug" = @slug
LIMIT 2
[2026-08-08 03:19:34.628 DBG] [0HNNKNSO8HTMN:00000008] Microsoft.EntityFrameworkCore.ChangeTracking: Context 'ApplicationDbContext' started tracking 'LessonConfig' entity. Consider using 'DbContextOptionsBuilder.EnableSensitiveDataLogging' to see key values.
[2026-08-08 03:19:34.628 DBG] [0HNNKNSO8HTMN:00000008] Microsoft.EntityFrameworkCore.ChangeTracking: Context 'ApplicationDbContext' started tracking 'SlideConfig' entity. Consider using 'DbContextOptionsBuilder.EnableSensitiveDataLogging' to see key values.
[2026-08-08 03:19:34.628 DBG] [0HNNKNSO8HTMN:00000008] Microsoft.EntityFrameworkCore.ChangeTracking: Context 'ApplicationDbContext' started tracking 'SlideConfig' entity. Consider using 'DbContextOptionsBuilder.EnableSensitiveDataLogging' to see key values.
[2026-08-08 03:19:34.628 DBG] [0HNNKNSO8HTMN:00000008] Microsoft.EntityFrameworkCore.ChangeTracking: Context 'ApplicationDbContext' started tracking 'SlideConfig' entity. Consider using 'DbContextOptionsBuilder.EnableSensitiveDataLogging' to see key values.
[2026-08-08 03:19:34.628 DBG] [0HNNKNSO8HTMN:00000008] Microsoft.EntityFrameworkCore.ChangeTracking: Context 'ApplicationDbContext' started tracking 'SlideConfig' entity. Consider using 'DbContextOptionsBuilder.EnableSensitiveDataLogging' to see key values.
[2026-08-08 03:19:34.628 DBG] [0HNNKNSO8HTMN:00000008] Microsoft.EntityFrameworkCore.ChangeTracking: Context 'ApplicationDbContext' started tracking 'SlideConfig' entity. Consider using 'DbContextOptionsBuilder.EnableSensitiveDataLogging' to see key values.
[2026-08-08 03:19:34.628 DBG] [0HNNKNSO8HTMN:00000008] Microsoft.EntityFrameworkCore.ChangeTracking: Context 'ApplicationDbContext' started tracking 'SlideConfig' entity. Consider using 'DbContextOptionsBuilder.EnableSensitiveDataLogging' to see key values.
[2026-08-08 03:19:34.628 DBG] [0HNNKNSO8HTMN:00000008] Microsoft.EntityFrameworkCore.Database.Command: Closing data reader to 'supportroom' on server 'tcp://localhost:5432'.
[2026-08-08 03:19:34.628 DBG] [0HNNKNSO8HTMN:00000008] Microsoft.EntityFrameworkCore.Database.Command: A data reader for 'supportroom' on server 'tcp://localhost:5432' is being disposed after spending 0ms reading results.
[2026-08-08 03:19:34.628 DBG] [0HNNKNSO8HTMN:00000008] Microsoft.EntityFrameworkCore.Database.Connection: Closing connection to database 'supportroom' on server 'tcp://localhost:5432'.
[2026-08-08 03:19:34.628 DBG] [0HNNKNSO8HTMN:00000008] Microsoft.EntityFrameworkCore.Database.Connection: Closed connection to database 'supportroom' on server 'tcp://localhost:5432' (0ms).
[2026-08-08 03:19:34.629 INF] [0HNNKNSO8HTMN:00000008] Serilog.AspNetCore.RequestLoggingMiddleware: HTTP GET /api/sessions/30a9abe3-3fc2-4421-b725-887339663cc9 responded 200 in 12.5791 ms
[2026-08-08 03:19:34.629 DBG] [] Microsoft.EntityFrameworkCore.Infrastructure: 'ApplicationDbContext' disposed.
[2026-08-08 03:19:34.629 DBG] [] Microsoft.EntityFrameworkCore.Database.Connection: Disposing connection to database 'supportroom' on server 'tcp://localhost:5432'.
[2026-08-08 03:19:34.629 DBG] [] Microsoft.EntityFrameworkCore.Database.Connection: Disposed connection to database 'supportroom' on server 'tcp://localhost:5432' (0ms).
[2026-08-08 03:19:37.702 DBG] [0HNNKNSO8HTMN:00000009] Microsoft.EntityFrameworkCore.Infrastructure: Entity Framework Core 10.0.10 initialized 'ApplicationDbContext' using provider 'Npgsql.EntityFrameworkCore.PostgreSQL:10.0.3+5e912bf071068a44e5abbdab497b313ba99d3ee1' with options: None
[2026-08-08 03:19:37.704 DBG] [0HNNKNSO8HTMN:00000009] Microsoft.EntityFrameworkCore.Database.Connection: Creating DbConnection.
[2026-08-08 03:19:37.704 DBG] [0HNNKNSO8HTMN:00000009] Microsoft.EntityFrameworkCore.Database.Connection: Created DbConnection. (0ms).
[2026-08-08 03:19:37.704 DBG] [0HNNKNSO8HTMN:00000009] Microsoft.EntityFrameworkCore.Database.Connection: Opening connection to database 'supportroom' on server 'tcp://localhost:5432'.
[2026-08-08 03:19:37.704 DBG] [0HNNKNSO8HTMN:00000009] Microsoft.EntityFrameworkCore.Database.Connection: Opened connection to database 'supportroom' on server 'tcp://localhost:5432'.
[2026-08-08 03:19:37.704 DBG] [0HNNKNSO8HTMN:00000009] Microsoft.EntityFrameworkCore.Database.Command: Creating DbCommand for 'ExecuteReader'.
[2026-08-08 03:19:37.704 DBG] [0HNNKNSO8HTMN:00000009] Microsoft.EntityFrameworkCore.Database.Command: Created DbCommand for 'ExecuteReader' (0ms).
[2026-08-08 03:19:37.704 DBG] [0HNNKNSO8HTMN:00000009] Microsoft.EntityFrameworkCore.Database.Command: Initialized DbCommand for 'ExecuteReader' (0ms).
[2026-08-08 03:19:37.704 DBG] [0HNNKNSO8HTMN:00000009] Microsoft.EntityFrameworkCore.Database.Command: Executing DbCommand [Parameters=[@token='?'], CommandType='Text', CommandTimeout='30']
SELECT t."Id", t."CompletedAllSlides", t."CreateBy", t."CreateDate", t."DeleteBy", t."DeletedAt", t."EndedAt", t."ExpiresAt", t."IsDelete", t."LastSlideObjectId", t."LessonId", t."LessonSlug", t."SchoolName", t."StartedAt", t."Status", t."TeacherName", t."Token", t."UpdateBy", t."UpdateDate"
FROM "TrainingSession" AS t
WHERE t."Token" = @token
LIMIT 2
[2026-08-08 03:19:37.708 INF] [0HNNKNSO8HTMN:00000009] Microsoft.EntityFrameworkCore.Database.Command: Executed DbCommand (4ms) [Parameters=[@token='?'], CommandType='Text', CommandTimeout='30']
SELECT t."Id", t."CompletedAllSlides", t."CreateBy", t."CreateDate", t."DeleteBy", t."DeletedAt", t."EndedAt", t."ExpiresAt", t."IsDelete", t."LastSlideObjectId", t."LessonId", t."LessonSlug", t."SchoolName", t."StartedAt", t."Status", t."TeacherName", t."Token", t."UpdateBy", t."UpdateDate"
FROM "TrainingSession" AS t
WHERE t."Token" = @token
LIMIT 2
[2026-08-08 03:19:37.708 DBG] [0HNNKNSO8HTMN:00000009] Microsoft.EntityFrameworkCore.ChangeTracking: Context 'ApplicationDbContext' started tracking 'TrainingSession' entity. Consider using 'DbContextOptionsBuilder.EnableSensitiveDataLogging' to see key values.
[2026-08-08 03:19:37.708 DBG] [0HNNKNSO8HTMN:00000009] Microsoft.EntityFrameworkCore.Database.Command: Closing data reader to 'supportroom' on server 'tcp://localhost:5432'.
[2026-08-08 03:19:37.709 DBG] [0HNNKNSO8HTMN:00000009] Microsoft.EntityFrameworkCore.Database.Command: A data reader for 'supportroom' on server 'tcp://localhost:5432' is being disposed after spending 0ms reading results.
[2026-08-08 03:19:37.709 DBG] [0HNNKNSO8HTMN:00000009] Microsoft.EntityFrameworkCore.Database.Connection: Closing connection to database 'supportroom' on server 'tcp://localhost:5432'.
[2026-08-08 03:19:37.709 DBG] [0HNNKNSO8HTMN:00000009] Microsoft.EntityFrameworkCore.Database.Connection: Closed connection to database 'supportroom' on server 'tcp://localhost:5432' (0ms).
[2026-08-08 03:19:37.710 DBG] [0HNNKNSO8HTMN:00000009] Microsoft.EntityFrameworkCore.Database.Connection: Opening connection to database 'supportroom' on server 'tcp://localhost:5432'.
[2026-08-08 03:19:37.710 DBG] [0HNNKNSO8HTMN:00000009] Microsoft.EntityFrameworkCore.Database.Connection: Opened connection to database 'supportroom' on server 'tcp://localhost:5432'.
[2026-08-08 03:19:37.710 DBG] [0HNNKNSO8HTMN:00000009] Microsoft.EntityFrameworkCore.Database.Command: Creating DbCommand for 'ExecuteReader'.
[2026-08-08 03:19:37.710 DBG] [0HNNKNSO8HTMN:00000009] Microsoft.EntityFrameworkCore.Database.Command: Created DbCommand for 'ExecuteReader' (0ms).
[2026-08-08 03:19:37.710 DBG] [0HNNKNSO8HTMN:00000009] Microsoft.EntityFrameworkCore.Database.Command: Initialized DbCommand for 'ExecuteReader' (0ms).
[2026-08-08 03:19:37.710 DBG] [0HNNKNSO8HTMN:00000009] Microsoft.EntityFrameworkCore.Database.Command: Executing DbCommand [Parameters=[@slug='?'], CommandType='Text', CommandTimeout='30']
SELECT l."Id", l."BreathPauseMs", l."CreateBy", l."CreateDate", l."DeleteBy", l."DeletedAt", l."Description", l."FinalQuestionWaitMs", l."IntroWaitMs", l."IsActive", l."IsDelete", l."PresentationId", l."SlidesEmbedUrl", l."SlidesSourceUrl", l."Slug", l."Title", l."UpdateBy", l."UpdateDate", l."SlideConfigs"
FROM "LessonConfig" AS l
WHERE l."Slug" = @slug
LIMIT 2
[2026-08-08 03:19:37.713 INF] [0HNNKNSO8HTMN:00000009] Microsoft.EntityFrameworkCore.Database.Command: Executed DbCommand (3ms) [Parameters=[@slug='?'], CommandType='Text', CommandTimeout='30']
SELECT l."Id", l."BreathPauseMs", l."CreateBy", l."CreateDate", l."DeleteBy", l."DeletedAt", l."Description", l."FinalQuestionWaitMs", l."IntroWaitMs", l."IsActive", l."IsDelete", l."PresentationId", l."SlidesEmbedUrl", l."SlidesSourceUrl", l."Slug", l."Title", l."UpdateBy", l."UpdateDate", l."SlideConfigs"
FROM "LessonConfig" AS l
WHERE l."Slug" = @slug
LIMIT 2
[2026-08-08 03:19:37.713 DBG] [0HNNKNSO8HTMN:00000009] Microsoft.EntityFrameworkCore.ChangeTracking: Context 'ApplicationDbContext' started tracking 'LessonConfig' entity. Consider using 'DbContextOptionsBuilder.EnableSensitiveDataLogging' to see key values.
[2026-08-08 03:19:37.713 DBG] [0HNNKNSO8HTMN:00000009] Microsoft.EntityFrameworkCore.ChangeTracking: Context 'ApplicationDbContext' started tracking 'SlideConfig' entity. Consider using 'DbContextOptionsBuilder.EnableSensitiveDataLogging' to see key values.
[2026-08-08 03:19:37.713 DBG] [0HNNKNSO8HTMN:00000009] Microsoft.EntityFrameworkCore.ChangeTracking: Context 'ApplicationDbContext' started tracking 'SlideConfig' entity. Consider using 'DbContextOptionsBuilder.EnableSensitiveDataLogging' to see key values.
[2026-08-08 03:19:37.713 DBG] [0HNNKNSO8HTMN:00000009] Microsoft.EntityFrameworkCore.ChangeTracking: Context 'ApplicationDbContext' started tracking 'SlideConfig' entity. Consider using 'DbContextOptionsBuilder.EnableSensitiveDataLogging' to see key values.
[2026-08-08 03:19:37.713 DBG] [0HNNKNSO8HTMN:00000009] Microsoft.EntityFrameworkCore.ChangeTracking: Context 'ApplicationDbContext' started tracking 'SlideConfig' entity. Consider using 'DbContextOptionsBuilder.EnableSensitiveDataLogging' to see key values.
[2026-08-08 03:19:37.713 DBG] [0HNNKNSO8HTMN:00000009] Microsoft.EntityFrameworkCore.ChangeTracking: Context 'ApplicationDbContext' started tracking 'SlideConfig' entity. Consider using 'DbContextOptionsBuilder.EnableSensitiveDataLogging' to see key values.
[2026-08-08 03:19:37.714 DBG] [0HNNKNSO8HTMN:00000009] Microsoft.EntityFrameworkCore.ChangeTracking: Context 'ApplicationDbContext' started tracking 'SlideConfig' entity. Consider using 'DbContextOptionsBuilder.EnableSensitiveDataLogging' to see key values.
[2026-08-08 03:19:37.714 DBG] [0HNNKNSO8HTMN:00000009] Microsoft.EntityFrameworkCore.Database.Command: Closing data reader to 'supportroom' on server 'tcp://localhost:5432'.
[2026-08-08 03:19:37.714 DBG] [0HNNKNSO8HTMN:00000009] Microsoft.EntityFrameworkCore.Database.Command: A data reader for 'supportroom' on server 'tcp://localhost:5432' is being disposed after spending 0ms reading results.
[2026-08-08 03:19:37.714 DBG] [0HNNKNSO8HTMN:00000009] Microsoft.EntityFrameworkCore.Database.Connection: Closing connection to database 'supportroom' on server 'tcp://localhost:5432'.
[2026-08-08 03:19:37.714 DBG] [0HNNKNSO8HTMN:00000009] Microsoft.EntityFrameworkCore.Database.Connection: Closed connection to database 'supportroom' on server 'tcp://localhost:5432' (0ms).
[2026-08-08 03:19:37.714 INF] [0HNNKNSO8HTMN:00000009] Serilog.AspNetCore.RequestLoggingMiddleware: HTTP GET /api/sessions/30a9abe3-3fc2-4421-b725-887339663cc9 responded 200 in 13.5318 ms
[2026-08-08 03:19:37.714 DBG] [] Microsoft.EntityFrameworkCore.Infrastructure: 'ApplicationDbContext' disposed.
[2026-08-08 03:19:37.714 DBG] [] Microsoft.EntityFrameworkCore.Database.Connection: Disposing connection to database 'supportroom' on server 'tcp://localhost:5432'.
[2026-08-08 03:19:37.714 DBG] [] Microsoft.EntityFrameworkCore.Database.Connection: Disposed connection to database 'supportroom' on server 'tcp://localhost:5432' (0ms).
[2026-08-08 03:19:37.716 DBG] [0HNNKNSO8HTMO:0000001B] Microsoft.EntityFrameworkCore.Infrastructure: Entity Framework Core 10.0.10 initialized 'ApplicationDbContext' using provider 'Npgsql.EntityFrameworkCore.PostgreSQL:10.0.3+5e912bf071068a44e5abbdab497b313ba99d3ee1' with options: None
[2026-08-08 03:19:37.717 DBG] [0HNNKNSO8HTMO:0000001B] Microsoft.EntityFrameworkCore.Database.Connection: Creating DbConnection.
[2026-08-08 03:19:37.717 DBG] [0HNNKNSO8HTMO:0000001B] Microsoft.EntityFrameworkCore.Database.Connection: Created DbConnection. (0ms).
[2026-08-08 03:19:37.717 DBG] [0HNNKNSO8HTMO:0000001B] Microsoft.EntityFrameworkCore.Database.Connection: Opening connection to database 'supportroom' on server 'tcp://localhost:5432'.
[2026-08-08 03:19:37.717 DBG] [0HNNKNSO8HTMO:0000001B] Microsoft.EntityFrameworkCore.Database.Connection: Opened connection to database 'supportroom' on server 'tcp://localhost:5432'.
[2026-08-08 03:19:37.717 DBG] [0HNNKNSO8HTMO:0000001B] Microsoft.EntityFrameworkCore.Database.Command: Creating DbCommand for 'ExecuteReader'.
[2026-08-08 03:19:37.717 DBG] [0HNNKNSO8HTMO:0000001B] Microsoft.EntityFrameworkCore.Database.Command: Created DbCommand for 'ExecuteReader' (0ms).
[2026-08-08 03:19:37.717 DBG] [0HNNKNSO8HTMO:0000001B] Microsoft.EntityFrameworkCore.Database.Command: Initialized DbCommand for 'ExecuteReader' (0ms).
[2026-08-08 03:19:37.717 DBG] [0HNNKNSO8HTMO:0000001B] Microsoft.EntityFrameworkCore.Database.Command: Executing DbCommand [Parameters=[@token='?'], CommandType='Text', CommandTimeout='30']
SELECT t."Id", t."CompletedAllSlides", t."CreateBy", t."CreateDate", t."DeleteBy", t."DeletedAt", t."EndedAt", t."ExpiresAt", t."IsDelete", t."LastSlideObjectId", t."LessonId", t."LessonSlug", t."SchoolName", t."StartedAt", t."Status", t."TeacherName", t."Token", t."UpdateBy", t."UpdateDate"
FROM "TrainingSession" AS t
WHERE t."Token" = @token
LIMIT 2
[2026-08-08 03:19:37.719 INF] [0HNNKNSO8HTMO:0000001B] Microsoft.EntityFrameworkCore.Database.Command: Executed DbCommand (2ms) [Parameters=[@token='?'], CommandType='Text', CommandTimeout='30']
SELECT t."Id", t."CompletedAllSlides", t."CreateBy", t."CreateDate", t."DeleteBy", t."DeletedAt", t."EndedAt", t."ExpiresAt", t."IsDelete", t."LastSlideObjectId", t."LessonId", t."LessonSlug", t."SchoolName", t."StartedAt", t."Status", t."TeacherName", t."Token", t."UpdateBy", t."UpdateDate"
FROM "TrainingSession" AS t
WHERE t."Token" = @token
LIMIT 2
[2026-08-08 03:19:37.719 DBG] [0HNNKNSO8HTMO:0000001B] Microsoft.EntityFrameworkCore.ChangeTracking: Context 'ApplicationDbContext' started tracking 'TrainingSession' entity. Consider using 'DbContextOptionsBuilder.EnableSensitiveDataLogging' to see key values.
[2026-08-08 03:19:37.720 DBG] [0HNNKNSO8HTMO:0000001B] Microsoft.EntityFrameworkCore.Database.Command: Closing data reader to 'supportroom' on server 'tcp://localhost:5432'.
[2026-08-08 03:19:37.720 DBG] [0HNNKNSO8HTMO:0000001B] Microsoft.EntityFrameworkCore.Database.Command: A data reader for 'supportroom' on server 'tcp://localhost:5432' is being disposed after spending 0ms reading results.
[2026-08-08 03:19:37.720 DBG] [0HNNKNSO8HTMO:0000001B] Microsoft.EntityFrameworkCore.Database.Connection: Closing connection to database 'supportroom' on server 'tcp://localhost:5432'.
[2026-08-08 03:19:37.720 DBG] [0HNNKNSO8HTMO:0000001B] Microsoft.EntityFrameworkCore.Database.Connection: Closed connection to database 'supportroom' on server 'tcp://localhost:5432' (0ms).
[2026-08-08 03:19:37.720 DBG] [0HNNKNSO8HTMO:0000001B] Microsoft.EntityFrameworkCore.Database.Connection: Opening connection to database 'supportroom' on server 'tcp://localhost:5432'.
[2026-08-08 03:19:37.720 DBG] [0HNNKNSO8HTMO:0000001B] Microsoft.EntityFrameworkCore.Database.Connection: Opened connection to database 'supportroom' on server 'tcp://localhost:5432'.
[2026-08-08 03:19:37.720 DBG] [0HNNKNSO8HTMO:0000001B] Microsoft.EntityFrameworkCore.Database.Command: Creating DbCommand for 'ExecuteReader'.
[2026-08-08 03:19:37.720 DBG] [0HNNKNSO8HTMO:0000001B] Microsoft.EntityFrameworkCore.Database.Command: Created DbCommand for 'ExecuteReader' (0ms).
[2026-08-08 03:19:37.720 DBG] [0HNNKNSO8HTMO:0000001B] Microsoft.EntityFrameworkCore.Database.Command: Initialized DbCommand for 'ExecuteReader' (0ms).
[2026-08-08 03:19:37.721 DBG] [0HNNKNSO8HTMO:0000001B] Microsoft.EntityFrameworkCore.Database.Command: Executing DbCommand [Parameters=[@slug='?'], CommandType='Text', CommandTimeout='30']
SELECT l."Id", l."BreathPauseMs", l."CreateBy", l."CreateDate", l."DeleteBy", l."DeletedAt", l."Description", l."FinalQuestionWaitMs", l."IntroWaitMs", l."IsActive", l."IsDelete", l."PresentationId", l."SlidesEmbedUrl", l."SlidesSourceUrl", l."Slug", l."Title", l."UpdateBy", l."UpdateDate", l."SlideConfigs"
FROM "LessonConfig" AS l
WHERE l."Slug" = @slug
LIMIT 2
[2026-08-08 03:19:37.724 INF] [0HNNKNSO8HTMO:0000001B] Microsoft.EntityFrameworkCore.Database.Command: Executed DbCommand (3ms) [Parameters=[@slug='?'], CommandType='Text', CommandTimeout='30']
SELECT l."Id", l."BreathPauseMs", l."CreateBy", l."CreateDate", l."DeleteBy", l."DeletedAt", l."Description", l."FinalQuestionWaitMs", l."IntroWaitMs", l."IsActive", l."IsDelete", l."PresentationId", l."SlidesEmbedUrl", l."SlidesSourceUrl", l."Slug", l."Title", l."UpdateBy", l."UpdateDate", l."SlideConfigs"
FROM "LessonConfig" AS l
WHERE l."Slug" = @slug
LIMIT 2
[2026-08-08 03:19:37.724 DBG] [0HNNKNSO8HTMO:0000001B] Microsoft.EntityFrameworkCore.ChangeTracking: Context 'ApplicationDbContext' started tracking 'LessonConfig' entity. Consider using 'DbContextOptionsBuilder.EnableSensitiveDataLogging' to see key values.
[2026-08-08 03:19:37.724 DBG] [0HNNKNSO8HTMO:0000001B] Microsoft.EntityFrameworkCore.ChangeTracking: Context 'ApplicationDbContext' started tracking 'SlideConfig' entity. Consider using 'DbContextOptionsBuilder.EnableSensitiveDataLogging' to see key values.
[2026-08-08 03:19:37.724 DBG] [0HNNKNSO8HTMO:0000001B] Microsoft.EntityFrameworkCore.ChangeTracking: Context 'ApplicationDbContext' started tracking 'SlideConfig' entity. Consider using 'DbContextOptionsBuilder.EnableSensitiveDataLogging' to see key values.
[2026-08-08 03:19:37.724 DBG] [0HNNKNSO8HTMO:0000001B] Microsoft.EntityFrameworkCore.ChangeTracking: Context 'ApplicationDbContext' started tracking 'SlideConfig' entity. Consider using 'DbContextOptionsBuilder.EnableSensitiveDataLogging' to see key values.
[2026-08-08 03:19:37.724 DBG] [0HNNKNSO8HTMO:0000001B] Microsoft.EntityFrameworkCore.ChangeTracking: Context 'ApplicationDbContext' started tracking 'SlideConfig' entity. Consider using 'DbContextOptionsBuilder.EnableSensitiveDataLogging' to see key values.
[2026-08-08 03:19:37.724 DBG] [0HNNKNSO8HTMO:0000001B] Microsoft.EntityFrameworkCore.ChangeTracking: Context 'ApplicationDbContext' started tracking 'SlideConfig' entity. Consider using 'DbContextOptionsBuilder.EnableSensitiveDataLogging' to see key values.
[2026-08-08 03:19:37.724 DBG] [0HNNKNSO8HTMO:0000001B] Microsoft.EntityFrameworkCore.ChangeTracking: Context 'ApplicationDbContext' started tracking 'SlideConfig' entity. Consider using 'DbContextOptionsBuilder.EnableSensitiveDataLogging' to see key values.
[2026-08-08 03:19:37.724 DBG] [0HNNKNSO8HTMO:0000001B] Microsoft.EntityFrameworkCore.Database.Command: Closing data reader to 'supportroom' on server 'tcp://localhost:5432'.
[2026-08-08 03:19:37.724 DBG] [0HNNKNSO8HTMO:0000001B] Microsoft.EntityFrameworkCore.Database.Command: A data reader for 'supportroom' on server 'tcp://localhost:5432' is being disposed after spending 0ms reading results.
[2026-08-08 03:19:37.725 DBG] [0HNNKNSO8HTMO:0000001B] Microsoft.EntityFrameworkCore.Database.Connection: Closing connection to database 'supportroom' on server 'tcp://localhost:5432'.
[2026-08-08 03:19:37.725 DBG] [0HNNKNSO8HTMO:0000001B] Microsoft.EntityFrameworkCore.Database.Connection: Closed connection to database 'supportroom' on server 'tcp://localhost:5432' (0ms).
[2026-08-08 03:19:37.725 INF] [0HNNKNSO8HTMO:0000001B] Serilog.AspNetCore.RequestLoggingMiddleware: HTTP GET /api/sessions/30a9abe3-3fc2-4421-b725-887339663cc9 responded 200 in 9.4387 ms
[2026-08-08 03:19:37.725 DBG] [] Microsoft.EntityFrameworkCore.Infrastructure: 'ApplicationDbContext' disposed.
[2026-08-08 03:19:37.725 DBG] [] Microsoft.EntityFrameworkCore.Database.Connection: Disposing connection to database 'supportroom' on server 'tcp://localhost:5432'.
[2026-08-08 03:19:37.725 DBG] [] Microsoft.EntityFrameworkCore.Database.Connection: Disposed connection to database 'supportroom' on server 'tcp://localhost:5432' (0ms).
[2026-08-08 03:19:37.751 DBG] [0HNNKNSO8HTMO:0000001C] Microsoft.EntityFrameworkCore.Infrastructure: Entity Framework Core 10.0.10 initialized 'ApplicationDbContext' using provider 'Npgsql.EntityFrameworkCore.PostgreSQL:10.0.3+5e912bf071068a44e5abbdab497b313ba99d3ee1' with options: None
[2026-08-08 03:19:37.752 INF] [0HNNKNSO8HTMN:0000000A] Serilog.AspNetCore.RequestLoggingMiddleware: HTTP OPTIONS /api/sessions/30a9abe3-3fc2-4421-b725-887339663cc9 responded 204 in 0.0933 ms
[2026-08-08 03:19:37.752 DBG] [0HNNKNSO8HTMO:0000001C] Microsoft.EntityFrameworkCore.Database.Connection: Creating DbConnection.
[2026-08-08 03:19:37.752 DBG] [0HNNKNSO8HTMO:0000001C] Microsoft.EntityFrameworkCore.Database.Connection: Created DbConnection. (0ms).
[2026-08-08 03:19:37.752 DBG] [0HNNKNSO8HTMO:0000001C] Microsoft.EntityFrameworkCore.Database.Connection: Opening connection to database 'supportroom' on server 'tcp://localhost:5432'.
[2026-08-08 03:19:37.752 DBG] [0HNNKNSO8HTMO:0000001C] Microsoft.EntityFrameworkCore.Database.Connection: Opened connection to database 'supportroom' on server 'tcp://localhost:5432'.
[2026-08-08 03:19:37.752 DBG] [0HNNKNSO8HTMO:0000001C] Microsoft.EntityFrameworkCore.Database.Command: Creating DbCommand for 'ExecuteReader'.
[2026-08-08 03:19:37.752 DBG] [0HNNKNSO8HTMO:0000001C] Microsoft.EntityFrameworkCore.Database.Command: Created DbCommand for 'ExecuteReader' (0ms).
[2026-08-08 03:19:37.753 DBG] [0HNNKNSO8HTMO:0000001C] Microsoft.EntityFrameworkCore.Database.Command: Initialized DbCommand for 'ExecuteReader' (0ms).
[2026-08-08 03:19:37.753 DBG] [0HNNKNSO8HTMO:0000001C] Microsoft.EntityFrameworkCore.Database.Command: Executing DbCommand [Parameters=[@slug='?'], CommandType='Text', CommandTimeout='30']
SELECT l."Id", l."BreathPauseMs", l."CreateBy", l."CreateDate", l."DeleteBy", l."DeletedAt", l."Description", l."FinalQuestionWaitMs", l."IntroWaitMs", l."IsActive", l."IsDelete", l."PresentationId", l."SlidesEmbedUrl", l."SlidesSourceUrl", l."Slug", l."Title", l."UpdateBy", l."UpdateDate", l."SlideConfigs"
FROM "LessonConfig" AS l
WHERE l."Slug" = @slug
LIMIT 2
[2026-08-08 03:19:37.755 DBG] [0HNNKNSO8HTMN:0000000B] Microsoft.EntityFrameworkCore.Infrastructure: Entity Framework Core 10.0.10 initialized 'ApplicationDbContext' using provider 'Npgsql.EntityFrameworkCore.PostgreSQL:10.0.3+5e912bf071068a44e5abbdab497b313ba99d3ee1' with options: None
[2026-08-08 03:19:37.755 INF] [0HNNKNSO8HTMO:0000001C] Microsoft.EntityFrameworkCore.Database.Command: Executed DbCommand (3ms) [Parameters=[@slug='?'], CommandType='Text', CommandTimeout='30']
SELECT l."Id", l."BreathPauseMs", l."CreateBy", l."CreateDate", l."DeleteBy", l."DeletedAt", l."Description", l."FinalQuestionWaitMs", l."IntroWaitMs", l."IsActive", l."IsDelete", l."PresentationId", l."SlidesEmbedUrl", l."SlidesSourceUrl", l."Slug", l."Title", l."UpdateBy", l."UpdateDate", l."SlideConfigs"
FROM "LessonConfig" AS l
WHERE l."Slug" = @slug
LIMIT 2
[2026-08-08 03:19:37.756 DBG] [0HNNKNSO8HTMO:0000001C] Microsoft.EntityFrameworkCore.ChangeTracking: Context 'ApplicationDbContext' started tracking 'LessonConfig' entity. Consider using 'DbContextOptionsBuilder.EnableSensitiveDataLogging' to see key values.
[2026-08-08 03:19:37.756 DBG] [0HNNKNSO8HTMO:0000001C] Microsoft.EntityFrameworkCore.ChangeTracking: Context 'ApplicationDbContext' started tracking 'SlideConfig' entity. Consider using 'DbContextOptionsBuilder.EnableSensitiveDataLogging' to see key values.
[2026-08-08 03:19:37.756 DBG] [0HNNKNSO8HTMO:0000001C] Microsoft.EntityFrameworkCore.ChangeTracking: Context 'ApplicationDbContext' started tracking 'SlideConfig' entity. Consider using 'DbContextOptionsBuilder.EnableSensitiveDataLogging' to see key values.
[2026-08-08 03:19:37.756 DBG] [0HNNKNSO8HTMO:0000001C] Microsoft.EntityFrameworkCore.ChangeTracking: Context 'ApplicationDbContext' started tracking 'SlideConfig' entity. Consider using 'DbContextOptionsBuilder.EnableSensitiveDataLogging' to see key values.
[2026-08-08 03:19:37.756 DBG] [0HNNKNSO8HTMO:0000001C] Microsoft.EntityFrameworkCore.ChangeTracking: Context 'ApplicationDbContext' started tracking 'SlideConfig' entity. Consider using 'DbContextOptionsBuilder.EnableSensitiveDataLogging' to see key values.
[2026-08-08 03:19:37.756 DBG] [0HNNKNSO8HTMO:0000001C] Microsoft.EntityFrameworkCore.ChangeTracking: Context 'ApplicationDbContext' started tracking 'SlideConfig' entity. Consider using 'DbContextOptionsBuilder.EnableSensitiveDataLogging' to see key values.
[2026-08-08 03:19:37.756 DBG] [0HNNKNSO8HTMO:0000001C] Microsoft.EntityFrameworkCore.ChangeTracking: Context 'ApplicationDbContext' started tracking 'SlideConfig' entity. Consider using 'DbContextOptionsBuilder.EnableSensitiveDataLogging' to see key values.
[2026-08-08 03:19:37.756 DBG] [0HNNKNSO8HTMO:0000001C] Microsoft.EntityFrameworkCore.Database.Command: Closing data reader to 'supportroom' on server 'tcp://localhost:5432'.
[2026-08-08 03:19:37.756 DBG] [0HNNKNSO8HTMO:0000001C] Microsoft.EntityFrameworkCore.Database.Command: A data reader for 'supportroom' on server 'tcp://localhost:5432' is being disposed after spending 0ms reading results.
[2026-08-08 03:19:37.756 DBG] [0HNNKNSO8HTMO:0000001C] Microsoft.EntityFrameworkCore.Database.Connection: Closing connection to database 'supportroom' on server 'tcp://localhost:5432'.
[2026-08-08 03:19:37.756 DBG] [0HNNKNSO8HTMO:0000001C] Microsoft.EntityFrameworkCore.Database.Connection: Closed connection to database 'supportroom' on server 'tcp://localhost:5432' (0ms).
[2026-08-08 03:19:37.756 DBG] [0HNNKNSO8HTMN:0000000B] Microsoft.EntityFrameworkCore.Database.Connection: Creating DbConnection.
[2026-08-08 03:19:37.756 DBG] [0HNNKNSO8HTMN:0000000B] Microsoft.EntityFrameworkCore.Database.Connection: Created DbConnection. (0ms).
[2026-08-08 03:19:37.756 DBG] [0HNNKNSO8HTMN:0000000B] Microsoft.EntityFrameworkCore.Database.Connection: Opening connection to database 'supportroom' on server 'tcp://localhost:5432'.
[2026-08-08 03:19:37.756 DBG] [0HNNKNSO8HTMN:0000000B] Microsoft.EntityFrameworkCore.Database.Connection: Opened connection to database 'supportroom' on server 'tcp://localhost:5432'.
[2026-08-08 03:19:37.756 INF] [0HNNKNSO8HTMO:0000001C] Serilog.AspNetCore.RequestLoggingMiddleware: HTTP GET /api/lessons/login-mobile-test responded 200 in 6.0619 ms
[2026-08-08 03:19:37.756 DBG] [0HNNKNSO8HTMN:0000000B] Microsoft.EntityFrameworkCore.Database.Command: Creating DbCommand for 'ExecuteReader'.
[2026-08-08 03:19:37.756 DBG] [] Microsoft.EntityFrameworkCore.Infrastructure: 'ApplicationDbContext' disposed.
[2026-08-08 03:19:37.756 DBG] [0HNNKNSO8HTMN:0000000B] Microsoft.EntityFrameworkCore.Database.Command: Created DbCommand for 'ExecuteReader' (0ms).
[2026-08-08 03:19:37.756 DBG] [] Microsoft.EntityFrameworkCore.Database.Connection: Disposing connection to database 'supportroom' on server 'tcp://localhost:5432'.
[2026-08-08 03:19:37.756 DBG] [0HNNKNSO8HTMN:0000000B] Microsoft.EntityFrameworkCore.Database.Command: Initialized DbCommand for 'ExecuteReader' (0ms).
[2026-08-08 03:19:37.756 DBG] [] Microsoft.EntityFrameworkCore.Database.Connection: Disposed connection to database 'supportroom' on server 'tcp://localhost:5432' (0ms).
[2026-08-08 03:19:37.756 DBG] [0HNNKNSO8HTMN:0000000B] Microsoft.EntityFrameworkCore.Database.Command: Executing DbCommand [Parameters=[@token='?'], CommandType='Text', CommandTimeout='30']
SELECT t."Id", t."CompletedAllSlides", t."CreateBy", t."CreateDate", t."DeleteBy", t."DeletedAt", t."EndedAt", t."ExpiresAt", t."IsDelete", t."LastSlideObjectId", t."LessonId", t."LessonSlug", t."SchoolName", t."StartedAt", t."Status", t."TeacherName", t."Token", t."UpdateBy", t."UpdateDate"
FROM "TrainingSession" AS t
WHERE t."Token" = @token
LIMIT 2
[2026-08-08 03:19:37.759 INF] [0HNNKNSO8HTMN:0000000B] Microsoft.EntityFrameworkCore.Database.Command: Executed DbCommand (2ms) [Parameters=[@token='?'], CommandType='Text', CommandTimeout='30']
SELECT t."Id", t."CompletedAllSlides", t."CreateBy", t."CreateDate", t."DeleteBy", t."DeletedAt", t."EndedAt", t."ExpiresAt", t."IsDelete", t."LastSlideObjectId", t."LessonId", t."LessonSlug", t."SchoolName", t."StartedAt", t."Status", t."TeacherName", t."Token", t."UpdateBy", t."UpdateDate"
FROM "TrainingSession" AS t
WHERE t."Token" = @token
LIMIT 2
[2026-08-08 03:19:37.759 DBG] [0HNNKNSO8HTMN:0000000B] Microsoft.EntityFrameworkCore.ChangeTracking: Context 'ApplicationDbContext' started tracking 'TrainingSession' entity. Consider using 'DbContextOptionsBuilder.EnableSensitiveDataLogging' to see key values.
[2026-08-08 03:19:37.760 DBG] [0HNNKNSO8HTMN:0000000B] Microsoft.EntityFrameworkCore.Database.Command: Closing data reader to 'supportroom' on server 'tcp://localhost:5432'.
[2026-08-08 03:19:37.760 DBG] [0HNNKNSO8HTMN:0000000B] Microsoft.EntityFrameworkCore.Database.Command: A data reader for 'supportroom' on server 'tcp://localhost:5432' is being disposed after spending 0ms reading results.
[2026-08-08 03:19:37.760 DBG] [0HNNKNSO8HTMN:0000000B] Microsoft.EntityFrameworkCore.Database.Connection: Closing connection to database 'supportroom' on server 'tcp://localhost:5432'.
[2026-08-08 03:19:37.760 DBG] [0HNNKNSO8HTMN:0000000B] Microsoft.EntityFrameworkCore.Database.Connection: Closed connection to database 'supportroom' on server 'tcp://localhost:5432' (0ms).
[2026-08-08 03:19:37.760 DBG] [0HNNKNSO8HTMN:0000000B] Microsoft.EntityFrameworkCore.ChangeTracking: An entity of type 'TrainingSession' tracked by 'ApplicationDbContext' changed state from 'Unchanged' to 'Modified'. Consider using 'DbContextOptionsBuilder.EnableSensitiveDataLogging' to see key values.
[2026-08-08 03:19:37.760 DBG] [0HNNKNSO8HTMN:0000000B] Microsoft.EntityFrameworkCore.Update: SaveChanges starting for 'ApplicationDbContext'.
[2026-08-08 03:19:37.760 DBG] [0HNNKNSO8HTMN:0000000B] Microsoft.EntityFrameworkCore.ChangeTracking: DetectChanges starting for 'ApplicationDbContext'.
[2026-08-08 03:19:37.760 DBG] [0HNNKNSO8HTMN:0000000B] Microsoft.EntityFrameworkCore.ChangeTracking: DetectChanges completed for 'ApplicationDbContext'.
[2026-08-08 03:19:37.761 DBG] [0HNNKNSO8HTMN:0000000B] Microsoft.EntityFrameworkCore.Database.Connection: Opening connection to database 'supportroom' on server 'tcp://localhost:5432'.
[2026-08-08 03:19:37.761 DBG] [0HNNKNSO8HTMN:0000000B] Microsoft.EntityFrameworkCore.Database.Connection: Opened connection to database 'supportroom' on server 'tcp://localhost:5432'.
[2026-08-08 03:19:37.761 DBG] [0HNNKNSO8HTMN:0000000B] Microsoft.EntityFrameworkCore.Database.Command: Creating DbCommand for 'ExecuteReader'.
[2026-08-08 03:19:37.761 DBG] [0HNNKNSO8HTMN:0000000B] Microsoft.EntityFrameworkCore.Database.Command: Created DbCommand for 'ExecuteReader' (0ms).
[2026-08-08 03:19:37.761 DBG] [0HNNKNSO8HTMN:0000000B] Microsoft.EntityFrameworkCore.Database.Command: Initialized DbCommand for 'ExecuteReader' (0ms).
[2026-08-08 03:19:37.761 DBG] [0HNNKNSO8HTMN:0000000B] Microsoft.EntityFrameworkCore.Database.Command: Executing DbCommand [Parameters=[@p18='?', @p0='?' (DbType = Boolean), @p1='?', @p2='?' (DbType = DateTime), @p3='?', @p4='?' (DbType = DateTime), @p5='?' (DbType = DateTime), @p6='?' (DbType = DateTime), @p7='?' (DbType = Boolean), @p8='?', @p9='?', @p10='?', @p11='?', @p12='?' (DbType = DateTime), @p13='?', @p14='?', @p15='?', @p16='?', @p17='?' (DbType = DateTime)], CommandType='Text', CommandTimeout='30']
UPDATE "TrainingSession" SET "CompletedAllSlides" = @p0, "CreateBy" = @p1, "CreateDate" = @p2, "DeleteBy" = @p3, "DeletedAt" = @p4, "EndedAt" = @p5, "ExpiresAt" = @p6, "IsDelete" = @p7, "LastSlideObjectId" = @p8, "LessonId" = @p9, "LessonSlug" = @p10, "SchoolName" = @p11, "StartedAt" = @p12, "Status" = @p13, "TeacherName" = @p14, "Token" = @p15, "UpdateBy" = @p16, "UpdateDate" = @p17
WHERE "Id" = @p18;
[2026-08-08 03:19:37.766 INF] [0HNNKNSO8HTMN:0000000B] Microsoft.EntityFrameworkCore.Database.Command: Executed DbCommand (5ms) [Parameters=[@p18='?', @p0='?' (DbType = Boolean), @p1='?', @p2='?' (DbType = DateTime), @p3='?', @p4='?' (DbType = DateTime), @p5='?' (DbType = DateTime), @p6='?' (DbType = DateTime), @p7='?' (DbType = Boolean), @p8='?', @p9='?', @p10='?', @p11='?', @p12='?' (DbType = DateTime), @p13='?', @p14='?', @p15='?', @p16='?', @p17='?' (DbType = DateTime)], CommandType='Text', CommandTimeout='30']
UPDATE "TrainingSession" SET "CompletedAllSlides" = @p0, "CreateBy" = @p1, "CreateDate" = @p2, "DeleteBy" = @p3, "DeletedAt" = @p4, "EndedAt" = @p5, "ExpiresAt" = @p6, "IsDelete" = @p7, "LastSlideObjectId" = @p8, "LessonId" = @p9, "LessonSlug" = @p10, "SchoolName" = @p11, "StartedAt" = @p12, "Status" = @p13, "TeacherName" = @p14, "Token" = @p15, "UpdateBy" = @p16, "UpdateDate" = @p17
WHERE "Id" = @p18;
[2026-08-08 03:19:37.766 DBG] [0HNNKNSO8HTMN:0000000B] Microsoft.EntityFrameworkCore.Database.Command: Closing data reader to 'supportroom' on server 'tcp://localhost:5432'.
[2026-08-08 03:19:37.766 DBG] [0HNNKNSO8HTMN:0000000B] Microsoft.EntityFrameworkCore.Database.Command: A data reader for 'supportroom' on server 'tcp://localhost:5432' is being disposed after spending 0ms reading results.
[2026-08-08 03:19:37.766 DBG] [0HNNKNSO8HTMN:0000000B] Microsoft.EntityFrameworkCore.Database.Connection: Closing connection to database 'supportroom' on server 'tcp://localhost:5432'.
[2026-08-08 03:19:37.766 DBG] [0HNNKNSO8HTMN:0000000B] Microsoft.EntityFrameworkCore.Database.Connection: Closed connection to database 'supportroom' on server 'tcp://localhost:5432' (0ms).
[2026-08-08 03:19:37.766 DBG] [0HNNKNSO8HTMN:0000000B] Microsoft.EntityFrameworkCore.ChangeTracking: An entity of type 'TrainingSession' tracked by 'ApplicationDbContext' changed state from 'Modified' to 'Unchanged'. Consider using 'DbContextOptionsBuilder.EnableSensitiveDataLogging' to see key values.
[2026-08-08 03:19:37.767 DBG] [0HNNKNSO8HTMN:0000000B] Microsoft.EntityFrameworkCore.Update: SaveChanges completed for 'ApplicationDbContext' with 1 entities written to the database.
[2026-08-08 03:19:37.767 INF] [0HNNKNSO8HTMN:0000000B] SupportRoom.Application.Services.ITrainingSessionService: Session started: session-9b4e805a-1875-42ec-b6d2-c8768629ccfc
[2026-08-08 03:19:37.767 INF] [0HNNKNSO8HTMN:0000000B] Serilog.AspNetCore.RequestLoggingMiddleware: HTTP PATCH /api/sessions/30a9abe3-3fc2-4421-b725-887339663cc9 responded 200 in 12.1308 ms
[2026-08-08 03:19:37.767 DBG] [] Microsoft.EntityFrameworkCore.Infrastructure: 'ApplicationDbContext' disposed.
[2026-08-08 03:19:37.767 DBG] [] Microsoft.EntityFrameworkCore.Database.Connection: Disposing connection to database 'supportroom' on server 'tcp://localhost:5432'.
[2026-08-08 03:19:37.767 DBG] [] Microsoft.EntityFrameworkCore.Database.Connection: Disposed connection to database 'supportroom' on server 'tcp://localhost:5432' (0ms).
[2026-08-08 03:19:37.774 INF] [0HNNKNSO8HTMN:0000000C] Serilog.AspNetCore.RequestLoggingMiddleware: HTTP OPTIONS /hubs/session/negotiate responded 204 in 0.0881 ms
[2026-08-08 03:19:37.778 INF] [0HNNKNSO8HTMN:0000000D] Serilog.AspNetCore.RequestLoggingMiddleware: HTTP POST /hubs/session/negotiate responded 200 in 0.5755 ms
[2026-08-08 03:19:37.779 INF] [0HNNKNSO8HTMM:00000008] Serilog.AspNetCore.RequestLoggingMiddleware: HTTP OPTIONS /hubs/session/negotiate responded 204 in 0.0467 ms
[2026-08-08 03:19:37.780 DBG] [0HNNKNSO8HTMO:0000001D] Microsoft.EntityFrameworkCore.Infrastructure: Entity Framework Core 10.0.10 initialized 'ApplicationDbContext' using provider 'Npgsql.EntityFrameworkCore.PostgreSQL:10.0.3+5e912bf071068a44e5abbdab497b313ba99d3ee1' with options: None
[2026-08-08 03:19:37.780 DBG] [0HNNKNSO8HTMP:00000003] Microsoft.EntityFrameworkCore.Infrastructure: Entity Framework Core 10.0.10 initialized 'ApplicationDbContext' using provider 'Npgsql.EntityFrameworkCore.PostgreSQL:10.0.3+5e912bf071068a44e5abbdab497b313ba99d3ee1' with options: None
[2026-08-08 03:19:37.780 DBG] [0HNNKNSO8HTMO:0000001D] Microsoft.EntityFrameworkCore.Database.Connection: Creating DbConnection.
[2026-08-08 03:19:37.780 DBG] [0HNNKNSO8HTMP:00000003] Microsoft.EntityFrameworkCore.Database.Connection: Creating DbConnection.
[2026-08-08 03:19:37.781 DBG] [0HNNKNSO8HTMP:00000003] Microsoft.EntityFrameworkCore.Database.Connection: Created DbConnection. (0ms).
[2026-08-08 03:19:37.781 DBG] [0HNNKNSO8HTMO:0000001D] Microsoft.EntityFrameworkCore.Database.Connection: Created DbConnection. (0ms).
[2026-08-08 03:19:37.781 DBG] [0HNNKNSO8HTMP:00000003] Microsoft.EntityFrameworkCore.Database.Connection: Opening connection to database 'supportroom' on server 'tcp://localhost:5432'.
[2026-08-08 03:19:37.781 DBG] [0HNNKNSO8HTMO:0000001D] Microsoft.EntityFrameworkCore.Database.Connection: Opening connection to database 'supportroom' on server 'tcp://localhost:5432'.
[2026-08-08 03:19:37.781 DBG] [0HNNKNSO8HTMO:0000001D] Microsoft.EntityFrameworkCore.Database.Connection: Opened connection to database 'supportroom' on server 'tcp://localhost:5432'.
[2026-08-08 03:19:37.781 DBG] [0HNNKNSO8HTMP:00000003] Microsoft.EntityFrameworkCore.Database.Connection: Opened connection to database 'supportroom' on server 'tcp://localhost:5432'.
[2026-08-08 03:19:37.781 DBG] [0HNNKNSO8HTMO:0000001D] Microsoft.EntityFrameworkCore.Database.Command: Creating DbCommand for 'ExecuteReader'.
[2026-08-08 03:19:37.781 DBG] [0HNNKNSO8HTMP:00000003] Microsoft.EntityFrameworkCore.Database.Command: Creating DbCommand for 'ExecuteReader'.
[2026-08-08 03:19:37.781 DBG] [0HNNKNSO8HTMP:00000003] Microsoft.EntityFrameworkCore.Database.Command: Created DbCommand for 'ExecuteReader' (0ms).
[2026-08-08 03:19:37.781 DBG] [0HNNKNSO8HTMO:0000001D] Microsoft.EntityFrameworkCore.Database.Command: Created DbCommand for 'ExecuteReader' (0ms).
[2026-08-08 03:19:37.781 DBG] [0HNNKNSO8HTMP:00000003] Microsoft.EntityFrameworkCore.Database.Command: Initialized DbCommand for 'ExecuteReader' (0ms).
[2026-08-08 03:19:37.781 DBG] [0HNNKNSO8HTMO:0000001D] Microsoft.EntityFrameworkCore.Database.Command: Initialized DbCommand for 'ExecuteReader' (0ms).
[2026-08-08 03:19:37.781 DBG] [0HNNKNSO8HTMO:0000001D] Microsoft.EntityFrameworkCore.Database.Command: Executing DbCommand [Parameters=[@sessionId='?'], CommandType='Text', CommandTimeout='30']
SELECT c."Id", c."CreateBy", c."CreateDate", c."DeleteBy", c."DeletedAt", c."IsDelete", c."SenderName", c."SenderRole", c."SessionId", c."Text", c."UpdateBy", c."UpdateDate"
FROM "ChatMessage" AS c
WHERE c."SessionId" = @sessionId
ORDER BY c."CreateDate"
[2026-08-08 03:19:37.781 DBG] [0HNNKNSO8HTMP:00000003] Microsoft.EntityFrameworkCore.Database.Command: Executing DbCommand [Parameters=[@token='?'], CommandType='Text', CommandTimeout='30']
SELECT t."Id", t."CompletedAllSlides", t."CreateBy", t."CreateDate", t."DeleteBy", t."DeletedAt", t."EndedAt", t."ExpiresAt", t."IsDelete", t."LastSlideObjectId", t."LessonId", t."LessonSlug", t."SchoolName", t."StartedAt", t."Status", t."TeacherName", t."Token", t."UpdateBy", t."UpdateDate"
FROM "TrainingSession" AS t
WHERE t."Token" = @token
LIMIT 2
[2026-08-08 03:19:37.783 INF] [0HNNKNSO8HTMP:00000003] Microsoft.EntityFrameworkCore.Database.Command: Executed DbCommand (2ms) [Parameters=[@token='?'], CommandType='Text', CommandTimeout='30']
SELECT t."Id", t."CompletedAllSlides", t."CreateBy", t."CreateDate", t."DeleteBy", t."DeletedAt", t."EndedAt", t."ExpiresAt", t."IsDelete", t."LastSlideObjectId", t."LessonId", t."LessonSlug", t."SchoolName", t."StartedAt", t."Status", t."TeacherName", t."Token", t."UpdateBy", t."UpdateDate"
FROM "TrainingSession" AS t
WHERE t."Token" = @token
LIMIT 2
[2026-08-08 03:19:37.784 DBG] [0HNNKNSO8HTMP:00000003] Microsoft.EntityFrameworkCore.ChangeTracking: Context 'ApplicationDbContext' started tracking 'TrainingSession' entity. Consider using 'DbContextOptionsBuilder.EnableSensitiveDataLogging' to see key values.
[2026-08-08 03:19:37.784 INF] [0HNNKNSO8HTMM:00000009] Serilog.AspNetCore.RequestLoggingMiddleware: HTTP POST /hubs/session/negotiate responded 200 in 0.2402 ms
[2026-08-08 03:19:37.784 DBG] [0HNNKNSO8HTMP:00000003] Microsoft.EntityFrameworkCore.Database.Command: Closing data reader to 'supportroom' on server 'tcp://localhost:5432'.
[2026-08-08 03:19:37.784 DBG] [0HNNKNSO8HTMP:00000003] Microsoft.EntityFrameworkCore.Database.Command: A data reader for 'supportroom' on server 'tcp://localhost:5432' is being disposed after spending 0ms reading results.
[2026-08-08 03:19:37.784 DBG] [0HNNKNSO8HTMP:00000003] Microsoft.EntityFrameworkCore.Database.Connection: Closing connection to database 'supportroom' on server 'tcp://localhost:5432'.
[2026-08-08 03:19:37.784 DBG] [0HNNKNSO8HTMP:00000003] Microsoft.EntityFrameworkCore.Database.Connection: Closed connection to database 'supportroom' on server 'tcp://localhost:5432' (0ms).
[2026-08-08 03:19:37.784 DBG] [0HNNKNSO8HTMP:00000003] Microsoft.EntityFrameworkCore.ChangeTracking: An entity of type 'TrainingSession' tracked by 'ApplicationDbContext' changed state from 'Unchanged' to 'Modified'. Consider using 'DbContextOptionsBuilder.EnableSensitiveDataLogging' to see key values.
[2026-08-08 03:19:37.784 DBG] [0HNNKNSO8HTMP:00000003] Microsoft.EntityFrameworkCore.Update: SaveChanges starting for 'ApplicationDbContext'.
[2026-08-08 03:19:37.784 DBG] [0HNNKNSO8HTMP:00000003] Microsoft.EntityFrameworkCore.ChangeTracking: DetectChanges starting for 'ApplicationDbContext'.
[2026-08-08 03:19:37.784 DBG] [0HNNKNSO8HTMP:00000003] Microsoft.EntityFrameworkCore.ChangeTracking: DetectChanges completed for 'ApplicationDbContext'.
[2026-08-08 03:19:37.785 DBG] [0HNNKNSO8HTMP:00000003] Microsoft.EntityFrameworkCore.Database.Connection: Opening connection to database 'supportroom' on server 'tcp://localhost:5432'.
[2026-08-08 03:19:37.786 DBG] [0HNNKNSO8HTMP:00000003] Microsoft.EntityFrameworkCore.Database.Connection: Opened connection to database 'supportroom' on server 'tcp://localhost:5432'.
[2026-08-08 03:19:37.786 DBG] [0HNNKNSO8HTMP:00000003] Microsoft.EntityFrameworkCore.Database.Command: Creating DbCommand for 'ExecuteReader'.
[2026-08-08 03:19:37.786 DBG] [0HNNKNSO8HTMP:00000003] Microsoft.EntityFrameworkCore.Database.Command: Created DbCommand for 'ExecuteReader' (0ms).
[2026-08-08 03:19:37.786 INF] [0HNNKNSO8HTMO:0000001D] Microsoft.EntityFrameworkCore.Database.Command: Executed DbCommand (6ms) [Parameters=[@sessionId='?'], CommandType='Text', CommandTimeout='30']
SELECT c."Id", c."CreateBy", c."CreateDate", c."DeleteBy", c."DeletedAt", c."IsDelete", c."SenderName", c."SenderRole", c."SessionId", c."Text", c."UpdateBy", c."UpdateDate"
FROM "ChatMessage" AS c
WHERE c."SessionId" = @sessionId
ORDER BY c."CreateDate"
[2026-08-08 03:19:37.786 DBG] [0HNNKNSO8HTMP:00000003] Microsoft.EntityFrameworkCore.Database.Command: Initialized DbCommand for 'ExecuteReader' (0ms).
[2026-08-08 03:19:37.786 DBG] [0HNNKNSO8HTMO:0000001D] Microsoft.EntityFrameworkCore.Database.Command: Closing data reader to 'supportroom' on server 'tcp://localhost:5432'.
[2026-08-08 03:19:37.787 DBG] [0HNNKNSO8HTMP:00000003] Microsoft.EntityFrameworkCore.Database.Command: Executing DbCommand [Parameters=[@p18='?', @p0='?' (DbType = Boolean), @p1='?', @p2='?' (DbType = DateTime), @p3='?', @p4='?' (DbType = DateTime), @p5='?' (DbType = DateTime), @p6='?' (DbType = DateTime), @p7='?' (DbType = Boolean), @p8='?', @p9='?', @p10='?', @p11='?', @p12='?' (DbType = DateTime), @p13='?', @p14='?', @p15='?', @p16='?', @p17='?' (DbType = DateTime)], CommandType='Text', CommandTimeout='30']
UPDATE "TrainingSession" SET "CompletedAllSlides" = @p0, "CreateBy" = @p1, "CreateDate" = @p2, "DeleteBy" = @p3, "DeletedAt" = @p4, "EndedAt" = @p5, "ExpiresAt" = @p6, "IsDelete" = @p7, "LastSlideObjectId" = @p8, "LessonId" = @p9, "LessonSlug" = @p10, "SchoolName" = @p11, "StartedAt" = @p12, "Status" = @p13, "TeacherName" = @p14, "Token" = @p15, "UpdateBy" = @p16, "UpdateDate" = @p17
WHERE "Id" = @p18;
[2026-08-08 03:19:37.787 DBG] [0HNNKNSO8HTMO:0000001D] Microsoft.EntityFrameworkCore.Database.Command: A data reader for 'supportroom' on server 'tcp://localhost:5432' is being disposed after spending 0ms reading results.
[2026-08-08 03:19:37.787 DBG] [0HNNKNSO8HTMO:0000001D] Microsoft.EntityFrameworkCore.Database.Connection: Closing connection to database 'supportroom' on server 'tcp://localhost:5432'.
[2026-08-08 03:19:37.787 DBG] [0HNNKNSO8HTMO:0000001D] Microsoft.EntityFrameworkCore.Database.Connection: Closed connection to database 'supportroom' on server 'tcp://localhost:5432' (0ms).
[2026-08-08 03:19:37.787 INF] [0HNNKNSO8HTMO:0000001D] Serilog.AspNetCore.RequestLoggingMiddleware: HTTP GET /api/chat-messages responded 200 in 11.6705 ms
[2026-08-08 03:19:37.787 DBG] [] Microsoft.EntityFrameworkCore.Infrastructure: 'ApplicationDbContext' disposed.
[2026-08-08 03:19:37.787 DBG] [] Microsoft.EntityFrameworkCore.Database.Connection: Disposing connection to database 'supportroom' on server 'tcp://localhost:5432'.
[2026-08-08 03:19:37.787 DBG] [] Microsoft.EntityFrameworkCore.Database.Connection: Disposed connection to database 'supportroom' on server 'tcp://localhost:5432' (0ms).
[2026-08-08 03:19:37.791 DBG] [0HNNKNSO8HTMM:0000000A] Microsoft.EntityFrameworkCore.Infrastructure: Entity Framework Core 10.0.10 initialized 'ApplicationDbContext' using provider 'Npgsql.EntityFrameworkCore.PostgreSQL:10.0.3+5e912bf071068a44e5abbdab497b313ba99d3ee1' with options: None
[2026-08-08 03:19:37.792 INF] [0HNNKNSO8HTMP:00000003] Microsoft.EntityFrameworkCore.Database.Command: Executed DbCommand (6ms) [Parameters=[@p18='?', @p0='?' (DbType = Boolean), @p1='?', @p2='?' (DbType = DateTime), @p3='?', @p4='?' (DbType = DateTime), @p5='?' (DbType = DateTime), @p6='?' (DbType = DateTime), @p7='?' (DbType = Boolean), @p8='?', @p9='?', @p10='?', @p11='?', @p12='?' (DbType = DateTime), @p13='?', @p14='?', @p15='?', @p16='?', @p17='?' (DbType = DateTime)], CommandType='Text', CommandTimeout='30']
UPDATE "TrainingSession" SET "CompletedAllSlides" = @p0, "CreateBy" = @p1, "CreateDate" = @p2, "DeleteBy" = @p3, "DeletedAt" = @p4, "EndedAt" = @p5, "ExpiresAt" = @p6, "IsDelete" = @p7, "LastSlideObjectId" = @p8, "LessonId" = @p9, "LessonSlug" = @p10, "SchoolName" = @p11, "StartedAt" = @p12, "Status" = @p13, "TeacherName" = @p14, "Token" = @p15, "UpdateBy" = @p16, "UpdateDate" = @p17
WHERE "Id" = @p18;
[2026-08-08 03:19:37.793 DBG] [0HNNKNSO8HTMP:00000003] Microsoft.EntityFrameworkCore.Database.Command: Closing data reader to 'supportroom' on server 'tcp://localhost:5432'.
[2026-08-08 03:19:37.793 DBG] [0HNNKNSO8HTMP:00000003] Microsoft.EntityFrameworkCore.Database.Command: A data reader for 'supportroom' on server 'tcp://localhost:5432' is being disposed after spending 0ms reading results.
[2026-08-08 03:19:37.793 DBG] [0HNNKNSO8HTMP:00000003] Microsoft.EntityFrameworkCore.Database.Connection: Closing connection to database 'supportroom' on server 'tcp://localhost:5432'.
[2026-08-08 03:19:37.793 DBG] [0HNNKNSO8HTMP:00000003] Microsoft.EntityFrameworkCore.Database.Connection: Closed connection to database 'supportroom' on server 'tcp://localhost:5432' (0ms).
[2026-08-08 03:19:37.793 DBG] [0HNNKNSO8HTMP:00000003] Microsoft.EntityFrameworkCore.ChangeTracking: An entity of type 'TrainingSession' tracked by 'ApplicationDbContext' changed state from 'Modified' to 'Unchanged'. Consider using 'DbContextOptionsBuilder.EnableSensitiveDataLogging' to see key values.
[2026-08-08 03:19:37.793 DBG] [0HNNKNSO8HTMP:00000003] Microsoft.EntityFrameworkCore.Update: SaveChanges completed for 'ApplicationDbContext' with 1 entities written to the database.
[2026-08-08 03:19:37.793 DBG] [0HNNKNSO8HTMM:0000000A] Microsoft.EntityFrameworkCore.Database.Connection: Creating DbConnection.
[2026-08-08 03:19:37.793 INF] [0HNNKNSO8HTMP:00000003] SupportRoom.Application.Services.ITrainingSessionService: Session started: session-9b4e805a-1875-42ec-b6d2-c8768629ccfc
[2026-08-08 03:19:37.793 DBG] [0HNNKNSO8HTMM:0000000A] Microsoft.EntityFrameworkCore.Database.Connection: Created DbConnection. (0ms).
[2026-08-08 03:19:37.793 DBG] [0HNNKNSO8HTMM:0000000A] Microsoft.EntityFrameworkCore.Database.Connection: Opening connection to database 'supportroom' on server 'tcp://localhost:5432'.
[2026-08-08 03:19:37.793 DBG] [0HNNKNSO8HTMM:0000000A] Microsoft.EntityFrameworkCore.Database.Connection: Opened connection to database 'supportroom' on server 'tcp://localhost:5432'.
[2026-08-08 03:19:37.793 DBG] [0HNNKNSO8HTMM:0000000A] Microsoft.EntityFrameworkCore.Database.Command: Creating DbCommand for 'ExecuteReader'.
[2026-08-08 03:19:37.793 DBG] [0HNNKNSO8HTMM:0000000A] Microsoft.EntityFrameworkCore.Database.Command: Created DbCommand for 'ExecuteReader' (0ms).
[2026-08-08 03:19:37.793 DBG] [0HNNKNSO8HTMM:0000000A] Microsoft.EntityFrameworkCore.Database.Command: Initialized DbCommand for 'ExecuteReader' (0ms).
[2026-08-08 03:19:37.793 DBG] [0HNNKNSO8HTMM:0000000A] Microsoft.EntityFrameworkCore.Database.Command: Executing DbCommand [Parameters=[@sessionId='?'], CommandType='Text', CommandTimeout='30']
SELECT c."Id", c."CreateBy", c."CreateDate", c."DeleteBy", c."DeletedAt", c."IsDelete", c."SenderName", c."SenderRole", c."SessionId", c."Text", c."UpdateBy", c."UpdateDate"
FROM "ChatMessage" AS c
WHERE c."SessionId" = @sessionId
ORDER BY c."CreateDate"
[2026-08-08 03:19:37.793 INF] [0HNNKNSO8HTMP:00000003] Serilog.AspNetCore.RequestLoggingMiddleware: HTTP PATCH /api/sessions/30a9abe3-3fc2-4421-b725-887339663cc9 responded 200 in 14.6760 ms
[2026-08-08 03:19:37.793 DBG] [] Microsoft.EntityFrameworkCore.Infrastructure: 'ApplicationDbContext' disposed.
[2026-08-08 03:19:37.793 DBG] [] Microsoft.EntityFrameworkCore.Database.Connection: Disposing connection to database 'supportroom' on server 'tcp://localhost:5432'.
[2026-08-08 03:19:37.793 DBG] [] Microsoft.EntityFrameworkCore.Database.Connection: Disposed connection to database 'supportroom' on server 'tcp://localhost:5432' (0ms).
[2026-08-08 03:19:37.796 INF] [0HNNKNSO8HTMM:0000000A] Microsoft.EntityFrameworkCore.Database.Command: Executed DbCommand (3ms) [Parameters=[@sessionId='?'], CommandType='Text', CommandTimeout='30']
SELECT c."Id", c."CreateBy", c."CreateDate", c."DeleteBy", c."DeletedAt", c."IsDelete", c."SenderName", c."SenderRole", c."SessionId", c."Text", c."UpdateBy", c."UpdateDate"
FROM "ChatMessage" AS c
WHERE c."SessionId" = @sessionId
ORDER BY c."CreateDate"
[2026-08-08 03:19:37.796 DBG] [0HNNKNSO8HTMM:0000000A] Microsoft.EntityFrameworkCore.Database.Command: Closing data reader to 'supportroom' on server 'tcp://localhost:5432'.
[2026-08-08 03:19:37.796 DBG] [0HNNKNSO8HTMM:0000000A] Microsoft.EntityFrameworkCore.Database.Command: A data reader for 'supportroom' on server 'tcp://localhost:5432' is being disposed after spending 0ms reading results.
[2026-08-08 03:19:37.796 DBG] [0HNNKNSO8HTMM:0000000A] Microsoft.EntityFrameworkCore.Database.Connection: Closing connection to database 'supportroom' on server 'tcp://localhost:5432'.
[2026-08-08 03:19:37.796 DBG] [0HNNKNSO8HTMM:0000000A] Microsoft.EntityFrameworkCore.Database.Connection: Closed connection to database 'supportroom' on server 'tcp://localhost:5432' (0ms).
[2026-08-08 03:19:37.797 INF] [0HNNKNSO8HTMM:0000000A] Serilog.AspNetCore.RequestLoggingMiddleware: HTTP GET /api/chat-messages responded 200 in 7.6679 ms
[2026-08-08 03:19:37.797 DBG] [] Microsoft.EntityFrameworkCore.Infrastructure: 'ApplicationDbContext' disposed.
[2026-08-08 03:19:37.797 DBG] [] Microsoft.EntityFrameworkCore.Database.Connection: Disposing connection to database 'supportroom' on server 'tcp://localhost:5432'.
[2026-08-08 03:19:37.797 DBG] [] Microsoft.EntityFrameworkCore.Database.Connection: Disposed connection to database 'supportroom' on server 'tcp://localhost:5432' (0ms).
[2026-08-08 03:19:37.805 INF] [0HNNKNSO8HTMM:0000000B] Serilog.AspNetCore.RequestLoggingMiddleware: HTTP OPTIONS /api/tts responded 204 in 0.8121 ms
[2026-08-08 03:19:37.807 INF] [0HNNKNSO8HTMP:00000004] Serilog.AspNetCore.RequestLoggingMiddleware: HTTP OPTIONS /api/tts responded 204 in 0.0977 ms
[2026-08-08 03:19:37.812 INF] [0HNNKNSO8HTMP:00000005] Serilog.AspNetCore.RequestLoggingMiddleware: HTTP POST /api/tts responded 200 in 0.8797 ms
[2026-08-08 03:19:37.813 INF] [0HNNKNSO8HTMM:0000000C] Serilog.AspNetCore.RequestLoggingMiddleware: HTTP POST /api/tts responded 200 in 4.8092 ms
[2026-08-08 03:19:37.886 INF] [0HNNKNSO8HTMP:00000006] Serilog.AspNetCore.RequestLoggingMiddleware: HTTP POST /api/tts responded 200 in 0.6906 ms
[2026-08-08 03:19:37.889 DBG] [0HNNKNSO8HTMT:00000001] Microsoft.EntityFrameworkCore.Infrastructure: Entity Framework Core 10.0.10 initialized 'ApplicationDbContext' using provider 'Npgsql.EntityFrameworkCore.PostgreSQL:10.0.3+5e912bf071068a44e5abbdab497b313ba99d3ee1' with options: None
[2026-08-08 03:19:37.889 DBG] [0HNNKNSO8HTMT:00000001] Microsoft.EntityFrameworkCore.Database.Connection: Creating DbConnection.
[2026-08-08 03:19:37.889 DBG] [0HNNKNSO8HTMT:00000001] Microsoft.EntityFrameworkCore.Database.Connection: Created DbConnection. (0ms).
[2026-08-08 03:19:37.889 DBG] [0HNNKNSO8HTMT:00000001] Microsoft.EntityFrameworkCore.Database.Connection: Opening connection to database 'supportroom' on server 'tcp://localhost:5432'.
[2026-08-08 03:19:37.889 DBG] [0HNNKNSO8HTMT:00000001] Microsoft.EntityFrameworkCore.Database.Connection: Opened connection to database 'supportroom' on server 'tcp://localhost:5432'.
[2026-08-08 03:19:37.889 DBG] [0HNNKNSO8HTMT:00000001] Microsoft.EntityFrameworkCore.Database.Command: Creating DbCommand for 'ExecuteReader'.
[2026-08-08 03:19:37.889 DBG] [0HNNKNSO8HTMT:00000001] Microsoft.EntityFrameworkCore.Database.Command: Created DbCommand for 'ExecuteReader' (0ms).
[2026-08-08 03:19:37.889 DBG] [0HNNKNSO8HTMT:00000001] Microsoft.EntityFrameworkCore.Database.Command: Initialized DbCommand for 'ExecuteReader' (0ms).
[2026-08-08 03:19:37.889 DBG] [0HNNKNSO8HTMT:00000001] Microsoft.EntityFrameworkCore.Database.Command: Executing DbCommand [Parameters=[@token='?'], CommandType='Text', CommandTimeout='30']
SELECT t."Id", t."CompletedAllSlides", t."CreateBy", t."CreateDate", t."DeleteBy", t."DeletedAt", t."EndedAt", t."ExpiresAt", t."IsDelete", t."LastSlideObjectId", t."LessonId", t."LessonSlug", t."SchoolName", t."StartedAt", t."Status", t."TeacherName", t."Token", t."UpdateBy", t."UpdateDate"
FROM "TrainingSession" AS t
WHERE t."Token" = @token
LIMIT 2
[2026-08-08 03:19:37.891 INF] [0HNNKNSO8HTMT:00000001] Microsoft.EntityFrameworkCore.Database.Command: Executed DbCommand (2ms) [Parameters=[@token='?'], CommandType='Text', CommandTimeout='30']
SELECT t."Id", t."CompletedAllSlides", t."CreateBy", t."CreateDate", t."DeleteBy", t."DeletedAt", t."EndedAt", t."ExpiresAt", t."IsDelete", t."LastSlideObjectId", t."LessonId", t."LessonSlug", t."SchoolName", t."StartedAt", t."Status", t."TeacherName", t."Token", t."UpdateBy", t."UpdateDate"
FROM "TrainingSession" AS t
WHERE t."Token" = @token
LIMIT 2
[2026-08-08 03:19:37.891 DBG] [0HNNKNSO8HTMT:00000001] Microsoft.EntityFrameworkCore.ChangeTracking: Context 'ApplicationDbContext' started tracking 'TrainingSession' entity. Consider using 'DbContextOptionsBuilder.EnableSensitiveDataLogging' to see key values.
[2026-08-08 03:19:37.891 DBG] [0HNNKNSO8HTMT:00000001] Microsoft.EntityFrameworkCore.Database.Command: Closing data reader to 'supportroom' on server 'tcp://localhost:5432'.
[2026-08-08 03:19:37.891 DBG] [0HNNKNSO8HTMT:00000001] Microsoft.EntityFrameworkCore.Database.Command: A data reader for 'supportroom' on server 'tcp://localhost:5432' is being disposed after spending 0ms reading results.
[2026-08-08 03:19:37.891 DBG] [0HNNKNSO8HTMT:00000001] Microsoft.EntityFrameworkCore.Database.Connection: Closing connection to database 'supportroom' on server 'tcp://localhost:5432'.
[2026-08-08 03:19:37.891 DBG] [0HNNKNSO8HTMT:00000001] Microsoft.EntityFrameworkCore.Database.Connection: Closed connection to database 'supportroom' on server 'tcp://localhost:5432' (0ms).
[2026-08-08 03:19:37.892 DBG] [0HNNKNSO8HTMT:00000001] Microsoft.EntityFrameworkCore.Infrastructure: 'ApplicationDbContext' disposed.
[2026-08-08 03:19:37.892 DBG] [0HNNKNSO8HTMT:00000001] Microsoft.EntityFrameworkCore.Database.Connection: Disposing connection to database 'supportroom' on server 'tcp://localhost:5432'.
[2026-08-08 03:19:37.892 DBG] [0HNNKNSO8HTMT:00000001] Microsoft.EntityFrameworkCore.Database.Connection: Disposed connection to database 'supportroom' on server 'tcp://localhost:5432' (0ms).
[2026-08-08 03:19:37.918 INF] [0HNNKNSO8HTMP:00000007] Serilog.AspNetCore.RequestLoggingMiddleware: HTTP POST /api/tts responded 200 in 0.7113 ms
[2026-08-08 03:19:37.923 INF] [0HNNKNSO8HTMP:00000008] Serilog.AspNetCore.RequestLoggingMiddleware: HTTP POST /api/tts responded 200 in 0.8732 ms
[2026-08-08 03:19:37.932 INF] [0HNNKNSO8HTMP:00000009] Serilog.AspNetCore.RequestLoggingMiddleware: HTTP POST /api/tts responded 200 in 4.8731 ms
[2026-08-08 03:19:37.940 INF] [0HNNKNSO8HTMP:0000000A] Serilog.AspNetCore.RequestLoggingMiddleware: HTTP POST /api/tts responded 200 in 0.7290 ms
[2026-08-08 03:19:37.945 INF] [0HNNKNSO8HTMP:0000000B] Serilog.AspNetCore.RequestLoggingMiddleware: HTTP POST /api/tts responded 200 in 0.8231 ms
[2026-08-08 03:19:37.950 INF] [0HNNKNSO8HTMP:0000000C] Serilog.AspNetCore.RequestLoggingMiddleware: HTTP POST /api/tts responded 200 in 0.4800 ms
[2026-08-08 03:19:37.955 INF] [0HNNKNSO8HTMP:0000000D] Serilog.AspNetCore.RequestLoggingMiddleware: HTTP POST /api/tts responded 200 in 0.6260 ms
[2026-08-08 03:19:37.959 INF] [0HNNKNSO8HTMP:0000000E] Serilog.AspNetCore.RequestLoggingMiddleware: HTTP POST /api/tts responded 200 in 0.7247 ms
[2026-08-08 03:19:37.965 INF] [0HNNKNSO8HTMP:0000000F] Serilog.AspNetCore.RequestLoggingMiddleware: HTTP POST /api/tts responded 200 in 0.5422 ms
[2026-08-08 03:19:46.950 INF] [0HNNKNSO8HTMT:00000001] Serilog.AspNetCore.RequestLoggingMiddleware: HTTP GET /hubs/session responded 101 in 9128.0618 ms
[2026-08-08 03:19:49.051 DBG] [0HNNKNSO8HTMU:00000001] Microsoft.EntityFrameworkCore.Infrastructure: Entity Framework Core 10.0.10 initialized 'ApplicationDbContext' using provider 'Npgsql.EntityFrameworkCore.PostgreSQL:10.0.3+5e912bf071068a44e5abbdab497b313ba99d3ee1' with options: None
[2026-08-08 03:19:49.051 DBG] [0HNNKNSO8HTMU:00000001] Microsoft.EntityFrameworkCore.Database.Connection: Creating DbConnection.
[2026-08-08 03:19:49.052 DBG] [0HNNKNSO8HTMU:00000001] Microsoft.EntityFrameworkCore.Database.Connection: Created DbConnection. (0ms).
[2026-08-08 03:19:49.052 DBG] [0HNNKNSO8HTMU:00000001] Microsoft.EntityFrameworkCore.Database.Connection: Opening connection to database 'supportroom' on server 'tcp://localhost:5432'.
[2026-08-08 03:19:49.052 DBG] [0HNNKNSO8HTMU:00000001] Microsoft.EntityFrameworkCore.Database.Connection: Opened connection to database 'supportroom' on server 'tcp://localhost:5432'.
[2026-08-08 03:19:49.052 DBG] [0HNNKNSO8HTMU:00000001] Microsoft.EntityFrameworkCore.Database.Command: Creating DbCommand for 'ExecuteReader'.
[2026-08-08 03:19:49.052 DBG] [0HNNKNSO8HTMU:00000001] Microsoft.EntityFrameworkCore.Database.Command: Created DbCommand for 'ExecuteReader' (0ms).
[2026-08-08 03:19:49.052 DBG] [0HNNKNSO8HTMU:00000001] Microsoft.EntityFrameworkCore.Database.Command: Initialized DbCommand for 'ExecuteReader' (0ms).
[2026-08-08 03:19:49.052 DBG] [0HNNKNSO8HTMU:00000001] Microsoft.EntityFrameworkCore.Database.Command: Executing DbCommand [Parameters=[], CommandType='Text', CommandTimeout='30']
SELECT t."Id", t."CompletedAllSlides", t."CreateBy", t."CreateDate", t."DeleteBy", t."DeletedAt", t."EndedAt", t."ExpiresAt", t."IsDelete", t."LastSlideObjectId", t."LessonId", t."LessonSlug", t."SchoolName", t."StartedAt", t."Status", t."TeacherName", t."Token", t."UpdateBy", t."UpdateDate"
FROM "TrainingSession" AS t
ORDER BY t."CreateDate" DESC
[2026-08-08 03:19:49.055 INF] [0HNNKNSO8HTMU:00000001] Microsoft.EntityFrameworkCore.Database.Command: Executed DbCommand (3ms) [Parameters=[], CommandType='Text', CommandTimeout='30']
SELECT t."Id", t."CompletedAllSlides", t."CreateBy", t."CreateDate", t."DeleteBy", t."DeletedAt", t."EndedAt", t."ExpiresAt", t."IsDelete", t."LastSlideObjectId", t."LessonId", t."LessonSlug", t."SchoolName", t."StartedAt", t."Status", t."TeacherName", t."Token", t."UpdateBy", t."UpdateDate"
FROM "TrainingSession" AS t
ORDER BY t."CreateDate" DESC
[2026-08-08 03:19:49.055 DBG] [0HNNKNSO8HTMU:00000001] Microsoft.EntityFrameworkCore.ChangeTracking: Context 'ApplicationDbContext' started tracking 'TrainingSession' entity. Consider using 'DbContextOptionsBuilder.EnableSensitiveDataLogging' to see key values.
[2026-08-08 03:19:49.055 DBG] [0HNNKNSO8HTMU:00000001] Microsoft.EntityFrameworkCore.ChangeTracking: Context 'ApplicationDbContext' started tracking 'TrainingSession' entity. Consider using 'DbContextOptionsBuilder.EnableSensitiveDataLogging' to see key values.
[2026-08-08 03:19:49.055 DBG] [0HNNKNSO8HTMU:00000001] Microsoft.EntityFrameworkCore.ChangeTracking: Context 'ApplicationDbContext' started tracking 'TrainingSession' entity. Consider using 'DbContextOptionsBuilder.EnableSensitiveDataLogging' to see key values.
[2026-08-08 03:19:49.055 DBG] [0HNNKNSO8HTMU:00000001] Microsoft.EntityFrameworkCore.ChangeTracking: Context 'ApplicationDbContext' started tracking 'TrainingSession' entity. Consider using 'DbContextOptionsBuilder.EnableSensitiveDataLogging' to see key values.
[2026-08-08 03:19:49.055 DBG] [0HNNKNSO8HTMU:00000001] Microsoft.EntityFrameworkCore.Database.Command: Closing data reader to 'supportroom' on server 'tcp://localhost:5432'.
[2026-08-08 03:19:49.055 DBG] [0HNNKNSO8HTMU:00000001] Microsoft.EntityFrameworkCore.Database.Command: A data reader for 'supportroom' on server 'tcp://localhost:5432' is being disposed after spending 0ms reading results.
[2026-08-08 03:19:49.055 DBG] [0HNNKNSO8HTMU:00000001] Microsoft.EntityFrameworkCore.Database.Connection: Closing connection to database 'supportroom' on server 'tcp://localhost:5432'.
[2026-08-08 03:19:49.055 DBG] [0HNNKNSO8HTMU:00000001] Microsoft.EntityFrameworkCore.Database.Connection: Closed connection to database 'supportroom' on server 'tcp://localhost:5432' (0ms).
[2026-08-08 03:19:49.056 INF] [0HNNKNSO8HTMU:00000001] Serilog.AspNetCore.RequestLoggingMiddleware: HTTP GET /api/sessions responded 200 in 6.2932 ms
[2026-08-08 03:19:49.057 DBG] [] Microsoft.EntityFrameworkCore.Infrastructure: 'ApplicationDbContext' disposed.
[2026-08-08 03:19:49.057 DBG] [] Microsoft.EntityFrameworkCore.Database.Connection: Disposing connection to database 'supportroom' on server 'tcp://localhost:5432'.
[2026-08-08 03:19:49.057 DBG] [] Microsoft.EntityFrameworkCore.Database.Connection: Disposed connection to database 'supportroom' on server 'tcp://localhost:5432' (0ms).
[2026-08-08 03:19:49.059 DBG] [0HNNKNSO8HTMV:00000001] Microsoft.EntityFrameworkCore.Infrastructure: Entity Framework Core 10.0.10 initialized 'ApplicationDbContext' using provider 'Npgsql.EntityFrameworkCore.PostgreSQL:10.0.3+5e912bf071068a44e5abbdab497b313ba99d3ee1' with options: None
[2026-08-08 03:19:49.060 DBG] [0HNNKNSO8HTMV:00000001] Microsoft.EntityFrameworkCore.Database.Connection: Creating DbConnection.
[2026-08-08 03:19:49.060 DBG] [0HNNKNSO8HTMV:00000001] Microsoft.EntityFrameworkCore.Database.Connection: Created DbConnection. (0ms).
[2026-08-08 03:19:49.060 DBG] [0HNNKNSO8HTMV:00000001] Microsoft.EntityFrameworkCore.Database.Connection: Opening connection to database 'supportroom' on server 'tcp://localhost:5432'.
[2026-08-08 03:19:49.060 DBG] [0HNNKNSO8HTMV:00000001] Microsoft.EntityFrameworkCore.Database.Connection: Opened connection to database 'supportroom' on server 'tcp://localhost:5432'.
[2026-08-08 03:19:49.060 DBG] [0HNNKNSO8HTMV:00000001] Microsoft.EntityFrameworkCore.Database.Command: Creating DbCommand for 'ExecuteReader'.
[2026-08-08 03:19:49.060 DBG] [0HNNKNSO8HTMV:00000001] Microsoft.EntityFrameworkCore.Database.Command: Created DbCommand for 'ExecuteReader' (0ms).
[2026-08-08 03:19:49.060 DBG] [0HNNKNSO8HTMV:00000001] Microsoft.EntityFrameworkCore.Database.Command: Initialized DbCommand for 'ExecuteReader' (0ms).
[2026-08-08 03:19:49.060 DBG] [0HNNKNSO8HTMV:00000001] Microsoft.EntityFrameworkCore.Database.Command: Executing DbCommand [Parameters=[], CommandType='Text', CommandTimeout='30']
SELECT t."Id", t."CompletedAllSlides", t."CreateBy", t."CreateDate", t."DeleteBy", t."DeletedAt", t."EndedAt", t."ExpiresAt", t."IsDelete", t."LastSlideObjectId", t."LessonId", t."LessonSlug", t."SchoolName", t."StartedAt", t."Status", t."TeacherName", t."Token", t."UpdateBy", t."UpdateDate"
FROM "TrainingSession" AS t
ORDER BY t."CreateDate" DESC
[2026-08-08 03:19:49.062 INF] [0HNNKNSO8HTMV:00000001] Microsoft.EntityFrameworkCore.Database.Command: Executed DbCommand (2ms) [Parameters=[], CommandType='Text', CommandTimeout='30']
SELECT t."Id", t."CompletedAllSlides", t."CreateBy", t."CreateDate", t."DeleteBy", t."DeletedAt", t."EndedAt", t."ExpiresAt", t."IsDelete", t."LastSlideObjectId", t."LessonId", t."LessonSlug", t."SchoolName", t."StartedAt", t."Status", t."TeacherName", t."Token", t."UpdateBy", t."UpdateDate"
FROM "TrainingSession" AS t
ORDER BY t."CreateDate" DESC
[2026-08-08 03:19:49.062 DBG] [0HNNKNSO8HTMV:00000001] Microsoft.EntityFrameworkCore.ChangeTracking: Context 'ApplicationDbContext' started tracking 'TrainingSession' entity. Consider using 'DbContextOptionsBuilder.EnableSensitiveDataLogging' to see key values.
[2026-08-08 03:19:49.062 DBG] [0HNNKNSO8HTMV:00000001] Microsoft.EntityFrameworkCore.ChangeTracking: Context 'ApplicationDbContext' started tracking 'TrainingSession' entity. Consider using 'DbContextOptionsBuilder.EnableSensitiveDataLogging' to see key values.
[2026-08-08 03:19:49.062 DBG] [0HNNKNSO8HTMV:00000001] Microsoft.EntityFrameworkCore.ChangeTracking: Context 'ApplicationDbContext' started tracking 'TrainingSession' entity. Consider using 'DbContextOptionsBuilder.EnableSensitiveDataLogging' to see key values.
[2026-08-08 03:19:49.062 DBG] [0HNNKNSO8HTMV:00000001] Microsoft.EntityFrameworkCore.ChangeTracking: Context 'ApplicationDbContext' started tracking 'TrainingSession' entity. Consider using 'DbContextOptionsBuilder.EnableSensitiveDataLogging' to see key values.
[2026-08-08 03:19:49.062 DBG] [0HNNKNSO8HTMV:00000001] Microsoft.EntityFrameworkCore.Database.Command: Closing data reader to 'supportroom' on server 'tcp://localhost:5432'.
[2026-08-08 03:19:49.062 DBG] [0HNNKNSO8HTMV:00000001] Microsoft.EntityFrameworkCore.Database.Command: A data reader for 'supportroom' on server 'tcp://localhost:5432' is being disposed after spending 0ms reading results.
[2026-08-08 03:19:49.062 DBG] [0HNNKNSO8HTMV:00000001] Microsoft.EntityFrameworkCore.Database.Connection: Closing connection to database 'supportroom' on server 'tcp://localhost:5432'.
[2026-08-08 03:19:49.062 DBG] [0HNNKNSO8HTMV:00000001] Microsoft.EntityFrameworkCore.Database.Connection: Closed connection to database 'supportroom' on server 'tcp://localhost:5432' (0ms).
[2026-08-08 03:19:49.062 INF] [0HNNKNSO8HTMV:00000001] Serilog.AspNetCore.RequestLoggingMiddleware: HTTP GET /api/sessions responded 200 in 3.5661 ms
[2026-08-08 03:19:49.063 DBG] [] Microsoft.EntityFrameworkCore.Infrastructure: 'ApplicationDbContext' disposed.
[2026-08-08 03:19:49.063 DBG] [] Microsoft.EntityFrameworkCore.Database.Connection: Disposing connection to database 'supportroom' on server 'tcp://localhost:5432'.
[2026-08-08 03:19:49.063 DBG] [] Microsoft.EntityFrameworkCore.Database.Connection: Disposed connection to database 'supportroom' on server 'tcp://localhost:5432' (0ms).
[2026-08-08 03:19:52.666 DBG] [0HNNKNSO8HTMV:00000002] Microsoft.EntityFrameworkCore.Infrastructure: Entity Framework Core 10.0.10 initialized 'ApplicationDbContext' using provider 'Npgsql.EntityFrameworkCore.PostgreSQL:10.0.3+5e912bf071068a44e5abbdab497b313ba99d3ee1' with options: None
[2026-08-08 03:19:52.667 DBG] [0HNNKNSO8HTMV:00000002] Microsoft.EntityFrameworkCore.Database.Connection: Creating DbConnection.
[2026-08-08 03:19:52.667 DBG] [0HNNKNSO8HTMV:00000002] Microsoft.EntityFrameworkCore.Database.Connection: Created DbConnection. (0ms).
[2026-08-08 03:19:52.667 DBG] [0HNNKNSO8HTMV:00000002] Microsoft.EntityFrameworkCore.Database.Connection: Opening connection to database 'supportroom' on server 'tcp://localhost:5432'.
[2026-08-08 03:19:52.667 DBG] [0HNNKNSO8HTMV:00000002] Microsoft.EntityFrameworkCore.Database.Connection: Opened connection to database 'supportroom' on server 'tcp://localhost:5432'.
[2026-08-08 03:19:52.667 DBG] [0HNNKNSO8HTMV:00000002] Microsoft.EntityFrameworkCore.Database.Command: Creating DbCommand for 'ExecuteReader'.
[2026-08-08 03:19:52.667 DBG] [0HNNKNSO8HTMV:00000002] Microsoft.EntityFrameworkCore.Database.Command: Created DbCommand for 'ExecuteReader' (0ms).
[2026-08-08 03:19:52.667 DBG] [0HNNKNSO8HTMV:00000002] Microsoft.EntityFrameworkCore.Database.Command: Initialized DbCommand for 'ExecuteReader' (0ms).
[2026-08-08 03:19:52.667 DBG] [0HNNKNSO8HTMV:00000002] Microsoft.EntityFrameworkCore.Database.Command: Executing DbCommand [Parameters=[], CommandType='Text', CommandTimeout='30']
SELECT l."Id", l."BreathPauseMs", l."CreateBy", l."CreateDate", l."DeleteBy", l."DeletedAt", l."Description", l."FinalQuestionWaitMs", l."IntroWaitMs", l."IsActive", l."IsDelete", l."PresentationId", l."SlidesEmbedUrl", l."SlidesSourceUrl", l."Slug", l."Title", l."UpdateBy", l."UpdateDate", l."SlideConfigs"
FROM "LessonConfig" AS l
[2026-08-08 03:19:52.669 INF] [0HNNKNSO8HTMV:00000002] Microsoft.EntityFrameworkCore.Database.Command: Executed DbCommand (3ms) [Parameters=[], CommandType='Text', CommandTimeout='30']
SELECT l."Id", l."BreathPauseMs", l."CreateBy", l."CreateDate", l."DeleteBy", l."DeletedAt", l."Description", l."FinalQuestionWaitMs", l."IntroWaitMs", l."IsActive", l."IsDelete", l."PresentationId", l."SlidesEmbedUrl", l."SlidesSourceUrl", l."Slug", l."Title", l."UpdateBy", l."UpdateDate", l."SlideConfigs"
FROM "LessonConfig" AS l
[2026-08-08 03:19:52.670 DBG] [0HNNKNSO8HTMV:00000002] Microsoft.EntityFrameworkCore.ChangeTracking: Context 'ApplicationDbContext' started tracking 'LessonConfig' entity. Consider using 'DbContextOptionsBuilder.EnableSensitiveDataLogging' to see key values.
[2026-08-08 03:19:52.670 DBG] [0HNNKNSO8HTMV:00000002] Microsoft.EntityFrameworkCore.ChangeTracking: Context 'ApplicationDbContext' started tracking 'SlideConfig' entity. Consider using 'DbContextOptionsBuilder.EnableSensitiveDataLogging' to see key values.
[2026-08-08 03:19:52.670 DBG] [0HNNKNSO8HTMV:00000002] Microsoft.EntityFrameworkCore.ChangeTracking: Context 'ApplicationDbContext' started tracking 'SlideConfig' entity. Consider using 'DbContextOptionsBuilder.EnableSensitiveDataLogging' to see key values.
[2026-08-08 03:19:52.670 DBG] [0HNNKNSO8HTMV:00000002] Microsoft.EntityFrameworkCore.ChangeTracking: Context 'ApplicationDbContext' started tracking 'SlideConfig' entity. Consider using 'DbContextOptionsBuilder.EnableSensitiveDataLogging' to see key values.
[2026-08-08 03:19:52.670 DBG] [0HNNKNSO8HTMV:00000002] Microsoft.EntityFrameworkCore.ChangeTracking: Context 'ApplicationDbContext' started tracking 'SlideConfig' entity. Consider using 'DbContextOptionsBuilder.EnableSensitiveDataLogging' to see key values.
[2026-08-08 03:19:52.670 DBG] [0HNNKNSO8HTMV:00000002] Microsoft.EntityFrameworkCore.ChangeTracking: Context 'ApplicationDbContext' started tracking 'SlideConfig' entity. Consider using 'DbContextOptionsBuilder.EnableSensitiveDataLogging' to see key values.
[2026-08-08 03:19:52.670 DBG] [0HNNKNSO8HTMV:00000002] Microsoft.EntityFrameworkCore.ChangeTracking: Context 'ApplicationDbContext' started tracking 'SlideConfig' entity. Consider using 'DbContextOptionsBuilder.EnableSensitiveDataLogging' to see key values.
[2026-08-08 03:19:52.670 DBG] [0HNNKNSO8HTMV:00000002] Microsoft.EntityFrameworkCore.Database.Command: Closing data reader to 'supportroom' on server 'tcp://localhost:5432'.
[2026-08-08 03:19:52.670 DBG] [0HNNKNSO8HTMV:00000002] Microsoft.EntityFrameworkCore.Database.Command: A data reader for 'supportroom' on server 'tcp://localhost:5432' is being disposed after spending 0ms reading results.
[2026-08-08 03:19:52.670 DBG] [0HNNKNSO8HTMV:00000002] Microsoft.EntityFrameworkCore.Database.Connection: Closing connection to database 'supportroom' on server 'tcp://localhost:5432'.
[2026-08-08 03:19:52.670 DBG] [0HNNKNSO8HTMV:00000002] Microsoft.EntityFrameworkCore.Database.Connection: Closed connection to database 'supportroom' on server 'tcp://localhost:5432' (0ms).
[2026-08-08 03:19:52.671 INF] [0HNNKNSO8HTMV:00000002] Serilog.AspNetCore.RequestLoggingMiddleware: HTTP GET /api/lessons responded 200 in 5.2780 ms
[2026-08-08 03:19:52.671 DBG] [] Microsoft.EntityFrameworkCore.Infrastructure: 'ApplicationDbContext' disposed.
[2026-08-08 03:19:52.671 DBG] [] Microsoft.EntityFrameworkCore.Database.Connection: Disposing connection to database 'supportroom' on server 'tcp://localhost:5432'.
[2026-08-08 03:19:52.671 DBG] [] Microsoft.EntityFrameworkCore.Database.Connection: Disposed connection to database 'supportroom' on server 'tcp://localhost:5432' (0ms).
[2026-08-08 03:19:52.673 DBG] [0HNNKNSO8HTMU:00000002] Microsoft.EntityFrameworkCore.Infrastructure: Entity Framework Core 10.0.10 initialized 'ApplicationDbContext' using provider 'Npgsql.EntityFrameworkCore.PostgreSQL:10.0.3+5e912bf071068a44e5abbdab497b313ba99d3ee1' with options: None
[2026-08-08 03:19:52.673 DBG] [0HNNKNSO8HTMU:00000002] Microsoft.EntityFrameworkCore.Database.Connection: Creating DbConnection.
[2026-08-08 03:19:52.673 DBG] [0HNNKNSO8HTMU:00000002] Microsoft.EntityFrameworkCore.Database.Connection: Created DbConnection. (0ms).
[2026-08-08 03:19:52.673 DBG] [0HNNKNSO8HTMU:00000002] Microsoft.EntityFrameworkCore.Database.Connection: Opening connection to database 'supportroom' on server 'tcp://localhost:5432'.
[2026-08-08 03:19:52.673 DBG] [0HNNKNSO8HTMU:00000002] Microsoft.EntityFrameworkCore.Database.Connection: Opened connection to database 'supportroom' on server 'tcp://localhost:5432'.
[2026-08-08 03:19:52.673 DBG] [0HNNKNSO8HTMU:00000002] Microsoft.EntityFrameworkCore.Database.Command: Creating DbCommand for 'ExecuteReader'.
[2026-08-08 03:19:52.673 DBG] [0HNNKNSO8HTMU:00000002] Microsoft.EntityFrameworkCore.Database.Command: Created DbCommand for 'ExecuteReader' (0ms).
[2026-08-08 03:19:52.673 DBG] [0HNNKNSO8HTMU:00000002] Microsoft.EntityFrameworkCore.Database.Command: Initialized DbCommand for 'ExecuteReader' (0ms).
[2026-08-08 03:19:52.673 DBG] [0HNNKNSO8HTMU:00000002] Microsoft.EntityFrameworkCore.Database.Command: Executing DbCommand [Parameters=[], CommandType='Text', CommandTimeout='30']
SELECT l."Id", l."BreathPauseMs", l."CreateBy", l."CreateDate", l."DeleteBy", l."DeletedAt", l."Description", l."FinalQuestionWaitMs", l."IntroWaitMs", l."IsActive", l."IsDelete", l."PresentationId", l."SlidesEmbedUrl", l."SlidesSourceUrl", l."Slug", l."Title", l."UpdateBy", l."UpdateDate", l."SlideConfigs"
FROM "LessonConfig" AS l
[2026-08-08 03:19:52.675 INF] [0HNNKNSO8HTMU:00000002] Microsoft.EntityFrameworkCore.Database.Command: Executed DbCommand (2ms) [Parameters=[], CommandType='Text', CommandTimeout='30']
SELECT l."Id", l."BreathPauseMs", l."CreateBy", l."CreateDate", l."DeleteBy", l."DeletedAt", l."Description", l."FinalQuestionWaitMs", l."IntroWaitMs", l."IsActive", l."IsDelete", l."PresentationId", l."SlidesEmbedUrl", l."SlidesSourceUrl", l."Slug", l."Title", l."UpdateBy", l."UpdateDate", l."SlideConfigs"
FROM "LessonConfig" AS l
[2026-08-08 03:19:52.676 DBG] [0HNNKNSO8HTMU:00000002] Microsoft.EntityFrameworkCore.ChangeTracking: Context 'ApplicationDbContext' started tracking 'LessonConfig' entity. Consider using 'DbContextOptionsBuilder.EnableSensitiveDataLogging' to see key values.
[2026-08-08 03:19:52.676 DBG] [0HNNKNSO8HTMU:00000002] Microsoft.EntityFrameworkCore.ChangeTracking: Context 'ApplicationDbContext' started tracking 'SlideConfig' entity. Consider using 'DbContextOptionsBuilder.EnableSensitiveDataLogging' to see key values.
[2026-08-08 03:19:52.676 DBG] [0HNNKNSO8HTMU:00000002] Microsoft.EntityFrameworkCore.ChangeTracking: Context 'ApplicationDbContext' started tracking 'SlideConfig' entity. Consider using 'DbContextOptionsBuilder.EnableSensitiveDataLogging' to see key values.
[2026-08-08 03:19:52.676 DBG] [0HNNKNSO8HTMU:00000002] Microsoft.EntityFrameworkCore.ChangeTracking: Context 'ApplicationDbContext' started tracking 'SlideConfig' entity. Consider using 'DbContextOptionsBuilder.EnableSensitiveDataLogging' to see key values.
[2026-08-08 03:19:52.676 DBG] [0HNNKNSO8HTMU:00000002] Microsoft.EntityFrameworkCore.ChangeTracking: Context 'ApplicationDbContext' started tracking 'SlideConfig' entity. Consider using 'DbContextOptionsBuilder.EnableSensitiveDataLogging' to see key values.
[2026-08-08 03:19:52.676 DBG] [0HNNKNSO8HTMU:00000002] Microsoft.EntityFrameworkCore.ChangeTracking: Context 'ApplicationDbContext' started tracking 'SlideConfig' entity. Consider using 'DbContextOptionsBuilder.EnableSensitiveDataLogging' to see key values.
[2026-08-08 03:19:52.676 DBG] [0HNNKNSO8HTMU:00000002] Microsoft.EntityFrameworkCore.ChangeTracking: Context 'ApplicationDbContext' started tracking 'SlideConfig' entity. Consider using 'DbContextOptionsBuilder.EnableSensitiveDataLogging' to see key values.
[2026-08-08 03:19:52.676 DBG] [0HNNKNSO8HTMU:00000002] Microsoft.EntityFrameworkCore.Database.Command: Closing data reader to 'supportroom' on server 'tcp://localhost:5432'.
[2026-08-08 03:19:52.676 DBG] [0HNNKNSO8HTMU:00000002] Microsoft.EntityFrameworkCore.Database.Command: A data reader for 'supportroom' on server 'tcp://localhost:5432' is being disposed after spending 0ms reading results.
[2026-08-08 03:19:52.676 DBG] [0HNNKNSO8HTMU:00000002] Microsoft.EntityFrameworkCore.Database.Connection: Closing connection to database 'supportroom' on server 'tcp://localhost:5432'.
[2026-08-08 03:19:52.676 DBG] [0HNNKNSO8HTMU:00000002] Microsoft.EntityFrameworkCore.Database.Connection: Closed connection to database 'supportroom' on server 'tcp://localhost:5432' (0ms).
[2026-08-08 03:19:52.676 INF] [0HNNKNSO8HTMU:00000002] Serilog.AspNetCore.RequestLoggingMiddleware: HTTP GET /api/lessons responded 200 in 4.0087 ms
[2026-08-08 03:19:52.676 DBG] [] Microsoft.EntityFrameworkCore.Infrastructure: 'ApplicationDbContext' disposed.
[2026-08-08 03:19:52.676 DBG] [] Microsoft.EntityFrameworkCore.Database.Connection: Disposing connection to database 'supportroom' on server 'tcp://localhost:5432'.
[2026-08-08 03:19:52.676 DBG] [] Microsoft.EntityFrameworkCore.Database.Connection: Disposed connection to database 'supportroom' on server 'tcp://localhost:5432' (0ms).
[2026-08-08 03:19:57.156 DBG] [0HNNKNSO8HTMU:00000003] Microsoft.EntityFrameworkCore.Infrastructure: Entity Framework Core 10.0.10 initialized 'ApplicationDbContext' using provider 'Npgsql.EntityFrameworkCore.PostgreSQL:10.0.3+5e912bf071068a44e5abbdab497b313ba99d3ee1' with options: None
[2026-08-08 03:19:57.156 DBG] [0HNNKNSO8HTMU:00000003] Microsoft.EntityFrameworkCore.Database.Connection: Creating DbConnection.
[2026-08-08 03:19:57.156 DBG] [0HNNKNSO8HTMU:00000003] Microsoft.EntityFrameworkCore.Database.Connection: Created DbConnection. (0ms).
[2026-08-08 03:19:57.157 DBG] [0HNNKNSO8HTMU:00000003] Microsoft.EntityFrameworkCore.Database.Connection: Opening connection to database 'supportroom' on server 'tcp://localhost:5432'.
[2026-08-08 03:19:57.157 DBG] [0HNNKNSO8HTMU:00000003] Microsoft.EntityFrameworkCore.Database.Connection: Opened connection to database 'supportroom' on server 'tcp://localhost:5432'.
[2026-08-08 03:19:57.157 DBG] [0HNNKNSO8HTMU:00000003] Microsoft.EntityFrameworkCore.Database.Command: Creating DbCommand for 'ExecuteReader'.
[2026-08-08 03:19:57.157 DBG] [0HNNKNSO8HTMU:00000003] Microsoft.EntityFrameworkCore.Database.Command: Created DbCommand for 'ExecuteReader' (0ms).
[2026-08-08 03:19:57.157 DBG] [0HNNKNSO8HTMU:00000003] Microsoft.EntityFrameworkCore.Database.Command: Initialized DbCommand for 'ExecuteReader' (0ms).
[2026-08-08 03:19:57.157 DBG] [0HNNKNSO8HTMU:00000003] Microsoft.EntityFrameworkCore.Database.Command: Executing DbCommand [Parameters=[], CommandType='Text', CommandTimeout='30']
SELECT l."Id", l."BreathPauseMs", l."CreateBy", l."CreateDate", l."DeleteBy", l."DeletedAt", l."Description", l."FinalQuestionWaitMs", l."IntroWaitMs", l."IsActive", l."IsDelete", l."PresentationId", l."SlidesEmbedUrl", l."SlidesSourceUrl", l."Slug", l."Title", l."UpdateBy", l."UpdateDate", l."SlideConfigs"
FROM "LessonConfig" AS l
[2026-08-08 03:19:57.160 INF] [0HNNKNSO8HTMU:00000003] Microsoft.EntityFrameworkCore.Database.Command: Executed DbCommand (3ms) [Parameters=[], CommandType='Text', CommandTimeout='30']
SELECT l."Id", l."BreathPauseMs", l."CreateBy", l."CreateDate", l."DeleteBy", l."DeletedAt", l."Description", l."FinalQuestionWaitMs", l."IntroWaitMs", l."IsActive", l."IsDelete", l."PresentationId", l."SlidesEmbedUrl", l."SlidesSourceUrl", l."Slug", l."Title", l."UpdateBy", l."UpdateDate", l."SlideConfigs"
FROM "LessonConfig" AS l
[2026-08-08 03:19:57.160 DBG] [0HNNKNSO8HTMU:00000003] Microsoft.EntityFrameworkCore.ChangeTracking: Context 'ApplicationDbContext' started tracking 'LessonConfig' entity. Consider using 'DbContextOptionsBuilder.EnableSensitiveDataLogging' to see key values.
[2026-08-08 03:19:57.160 DBG] [0HNNKNSO8HTMU:00000003] Microsoft.EntityFrameworkCore.ChangeTracking: Context 'ApplicationDbContext' started tracking 'SlideConfig' entity. Consider using 'DbContextOptionsBuilder.EnableSensitiveDataLogging' to see key values.
[2026-08-08 03:19:57.160 DBG] [0HNNKNSO8HTMU:00000003] Microsoft.EntityFrameworkCore.ChangeTracking: Context 'ApplicationDbContext' started tracking 'SlideConfig' entity. Consider using 'DbContextOptionsBuilder.EnableSensitiveDataLogging' to see key values.
[2026-08-08 03:19:57.160 DBG] [0HNNKNSO8HTMU:00000003] Microsoft.EntityFrameworkCore.ChangeTracking: Context 'ApplicationDbContext' started tracking 'SlideConfig' entity. Consider using 'DbContextOptionsBuilder.EnableSensitiveDataLogging' to see key values.
[2026-08-08 03:19:57.160 DBG] [0HNNKNSO8HTMU:00000003] Microsoft.EntityFrameworkCore.ChangeTracking: Context 'ApplicationDbContext' started tracking 'SlideConfig' entity. Consider using 'DbContextOptionsBuilder.EnableSensitiveDataLogging' to see key values.
[2026-08-08 03:19:57.160 DBG] [0HNNKNSO8HTMU:00000003] Microsoft.EntityFrameworkCore.ChangeTracking: Context 'ApplicationDbContext' started tracking 'SlideConfig' entity. Consider using 'DbContextOptionsBuilder.EnableSensitiveDataLogging' to see key values.
[2026-08-08 03:19:57.161 DBG] [0HNNKNSO8HTMU:00000003] Microsoft.EntityFrameworkCore.ChangeTracking: Context 'ApplicationDbContext' started tracking 'SlideConfig' entity. Consider using 'DbContextOptionsBuilder.EnableSensitiveDataLogging' to see key values.
[2026-08-08 03:19:57.161 DBG] [0HNNKNSO8HTMU:00000003] Microsoft.EntityFrameworkCore.Database.Command: Closing data reader to 'supportroom' on server 'tcp://localhost:5432'.
[2026-08-08 03:19:57.161 DBG] [0HNNKNSO8HTMU:00000003] Microsoft.EntityFrameworkCore.Database.Command: A data reader for 'supportroom' on server 'tcp://localhost:5432' is being disposed after spending 0ms reading results.
[2026-08-08 03:19:57.161 DBG] [0HNNKNSO8HTMU:00000003] Microsoft.EntityFrameworkCore.Database.Connection: Closing connection to database 'supportroom' on server 'tcp://localhost:5432'.
[2026-08-08 03:19:57.161 DBG] [0HNNKNSO8HTMU:00000003] Microsoft.EntityFrameworkCore.Database.Connection: Closed connection to database 'supportroom' on server 'tcp://localhost:5432' (0ms).
[2026-08-08 03:19:57.161 INF] [0HNNKNSO8HTMU:00000003] Serilog.AspNetCore.RequestLoggingMiddleware: HTTP GET /api/lessons responded 200 in 5.9455 ms
[2026-08-08 03:19:57.161 DBG] [] Microsoft.EntityFrameworkCore.Infrastructure: 'ApplicationDbContext' disposed.
[2026-08-08 03:19:57.161 DBG] [] Microsoft.EntityFrameworkCore.Database.Connection: Disposing connection to database 'supportroom' on server 'tcp://localhost:5432'.
[2026-08-08 03:19:57.161 DBG] [] Microsoft.EntityFrameworkCore.Database.Connection: Disposed connection to database 'supportroom' on server 'tcp://localhost:5432' (0ms).
[2026-08-08 03:19:57.163 DBG] [0HNNKNSO8HTMV:00000003] Microsoft.EntityFrameworkCore.Infrastructure: Entity Framework Core 10.0.10 initialized 'ApplicationDbContext' using provider 'Npgsql.EntityFrameworkCore.PostgreSQL:10.0.3+5e912bf071068a44e5abbdab497b313ba99d3ee1' with options: None
[2026-08-08 03:19:57.164 DBG] [0HNNKNSO8HTMV:00000003] Microsoft.EntityFrameworkCore.Database.Connection: Creating DbConnection.
[2026-08-08 03:19:57.164 DBG] [0HNNKNSO8HTMV:00000003] Microsoft.EntityFrameworkCore.Database.Connection: Created DbConnection. (0ms).
[2026-08-08 03:19:57.164 DBG] [0HNNKNSO8HTMV:00000003] Microsoft.EntityFrameworkCore.Database.Connection: Opening connection to database 'supportroom' on server 'tcp://localhost:5432'.
[2026-08-08 03:19:57.164 DBG] [0HNNKNSO8HTMV:00000003] Microsoft.EntityFrameworkCore.Database.Connection: Opened connection to database 'supportroom' on server 'tcp://localhost:5432'.
[2026-08-08 03:19:57.164 DBG] [0HNNKNSO8HTMV:00000003] Microsoft.EntityFrameworkCore.Database.Command: Creating DbCommand for 'ExecuteReader'.
[2026-08-08 03:19:57.164 DBG] [0HNNKNSO8HTMV:00000003] Microsoft.EntityFrameworkCore.Database.Command: Created DbCommand for 'ExecuteReader' (0ms).
[2026-08-08 03:19:57.164 DBG] [0HNNKNSO8HTMV:00000003] Microsoft.EntityFrameworkCore.Database.Command: Initialized DbCommand for 'ExecuteReader' (0ms).
[2026-08-08 03:19:57.164 DBG] [0HNNKNSO8HTMV:00000003] Microsoft.EntityFrameworkCore.Database.Command: Executing DbCommand [Parameters=[], CommandType='Text', CommandTimeout='30']
SELECT l."Id", l."BreathPauseMs", l."CreateBy", l."CreateDate", l."DeleteBy", l."DeletedAt", l."Description", l."FinalQuestionWaitMs", l."IntroWaitMs", l."IsActive", l."IsDelete", l."PresentationId", l."SlidesEmbedUrl", l."SlidesSourceUrl", l."Slug", l."Title", l."UpdateBy", l."UpdateDate", l."SlideConfigs"
FROM "LessonConfig" AS l
[2026-08-08 03:19:57.166 INF] [0HNNKNSO8HTMV:00000003] Microsoft.EntityFrameworkCore.Database.Command: Executed DbCommand (2ms) [Parameters=[], CommandType='Text', CommandTimeout='30']
SELECT l."Id", l."BreathPauseMs", l."CreateBy", l."CreateDate", l."DeleteBy", l."DeletedAt", l."Description", l."FinalQuestionWaitMs", l."IntroWaitMs", l."IsActive", l."IsDelete", l."PresentationId", l."SlidesEmbedUrl", l."SlidesSourceUrl", l."Slug", l."Title", l."UpdateBy", l."UpdateDate", l."SlideConfigs"
FROM "LessonConfig" AS l
[2026-08-08 03:19:57.166 DBG] [0HNNKNSO8HTMV:00000003] Microsoft.EntityFrameworkCore.ChangeTracking: Context 'ApplicationDbContext' started tracking 'LessonConfig' entity. Consider using 'DbContextOptionsBuilder.EnableSensitiveDataLogging' to see key values.
[2026-08-08 03:19:57.167 DBG] [0HNNKNSO8HTMV:00000003] Microsoft.EntityFrameworkCore.ChangeTracking: Context 'ApplicationDbContext' started tracking 'SlideConfig' entity. Consider using 'DbContextOptionsBuilder.EnableSensitiveDataLogging' to see key values.
[2026-08-08 03:19:57.167 DBG] [0HNNKNSO8HTMV:00000003] Microsoft.EntityFrameworkCore.ChangeTracking: Context 'ApplicationDbContext' started tracking 'SlideConfig' entity. Consider using 'DbContextOptionsBuilder.EnableSensitiveDataLogging' to see key values.
[2026-08-08 03:19:57.167 DBG] [0HNNKNSO8HTMV:00000003] Microsoft.EntityFrameworkCore.ChangeTracking: Context 'ApplicationDbContext' started tracking 'SlideConfig' entity. Consider using 'DbContextOptionsBuilder.EnableSensitiveDataLogging' to see key values.
[2026-08-08 03:19:57.167 DBG] [0HNNKNSO8HTMV:00000003] Microsoft.EntityFrameworkCore.ChangeTracking: Context 'ApplicationDbContext' started tracking 'SlideConfig' entity. Consider using 'DbContextOptionsBuilder.EnableSensitiveDataLogging' to see key values.
[2026-08-08 03:19:57.167 DBG] [0HNNKNSO8HTMV:00000003] Microsoft.EntityFrameworkCore.ChangeTracking: Context 'ApplicationDbContext' started tracking 'SlideConfig' entity. Consider using 'DbContextOptionsBuilder.EnableSensitiveDataLogging' to see key values.
[2026-08-08 03:19:57.167 DBG] [0HNNKNSO8HTMV:00000003] Microsoft.EntityFrameworkCore.ChangeTracking: Context 'ApplicationDbContext' started tracking 'SlideConfig' entity. Consider using 'DbContextOptionsBuilder.EnableSensitiveDataLogging' to see key values.
[2026-08-08 03:19:57.167 DBG] [0HNNKNSO8HTMV:00000003] Microsoft.EntityFrameworkCore.Database.Command: Closing data reader to 'supportroom' on server 'tcp://localhost:5432'.
[2026-08-08 03:19:57.167 DBG] [0HNNKNSO8HTMV:00000003] Microsoft.EntityFrameworkCore.Database.Command: A data reader for 'supportroom' on server 'tcp://localhost:5432' is being disposed after spending 0ms reading results.
[2026-08-08 03:19:57.167 DBG] [0HNNKNSO8HTMV:00000003] Microsoft.EntityFrameworkCore.Database.Connection: Closing connection to database 'supportroom' on server 'tcp://localhost:5432'.
[2026-08-08 03:19:57.167 DBG] [0HNNKNSO8HTMV:00000003] Microsoft.EntityFrameworkCore.Database.Connection: Closed connection to database 'supportroom' on server 'tcp://localhost:5432' (0ms).
[2026-08-08 03:19:57.167 INF] [0HNNKNSO8HTMV:00000003] Serilog.AspNetCore.RequestLoggingMiddleware: HTTP GET /api/lessons responded 200 in 4.6659 ms
[2026-08-08 03:19:57.167 DBG] [] Microsoft.EntityFrameworkCore.Infrastructure: 'ApplicationDbContext' disposed.
[2026-08-08 03:19:57.167 DBG] [] Microsoft.EntityFrameworkCore.Database.Connection: Disposing connection to database 'supportroom' on server 'tcp://localhost:5432'.
[2026-08-08 03:19:57.167 DBG] [] Microsoft.EntityFrameworkCore.Database.Connection: Disposed connection to database 'supportroom' on server 'tcp://localhost:5432' (0ms).
[2026-08-08 03:19:57.205 DBG] [0HNNKNSO8HTMV:00000004] Microsoft.EntityFrameworkCore.Infrastructure: Entity Framework Core 10.0.10 initialized 'ApplicationDbContext' using provider 'Npgsql.EntityFrameworkCore.PostgreSQL:10.0.3+5e912bf071068a44e5abbdab497b313ba99d3ee1' with options: None
[2026-08-08 03:19:57.207 DBG] [0HNNKNSO8HTMV:00000004] Microsoft.EntityFrameworkCore.Database.Connection: Creating DbConnection.
[2026-08-08 03:19:57.208 DBG] [0HNNKNSO8HTMV:00000004] Microsoft.EntityFrameworkCore.Database.Connection: Created DbConnection. (0ms).
[2026-08-08 03:19:57.208 DBG] [0HNNKNSO8HTMV:00000004] Microsoft.EntityFrameworkCore.Database.Connection: Opening connection to database 'supportroom' on server 'tcp://localhost:5432'.
[2026-08-08 03:19:57.208 DBG] [0HNNKNSO8HTMV:00000004] Microsoft.EntityFrameworkCore.Database.Connection: Opened connection to database 'supportroom' on server 'tcp://localhost:5432'.
[2026-08-08 03:19:57.208 DBG] [0HNNKNSO8HTMV:00000004] Microsoft.EntityFrameworkCore.Database.Command: Creating DbCommand for 'ExecuteReader'.
[2026-08-08 03:19:57.208 DBG] [0HNNKNSO8HTMV:00000004] Microsoft.EntityFrameworkCore.Database.Command: Created DbCommand for 'ExecuteReader' (0ms).
[2026-08-08 03:19:57.208 DBG] [0HNNKNSO8HTMV:00000004] Microsoft.EntityFrameworkCore.Database.Command: Initialized DbCommand for 'ExecuteReader' (0ms).
[2026-08-08 03:19:57.208 DBG] [0HNNKNSO8HTMV:00000004] Microsoft.EntityFrameworkCore.Database.Command: Executing DbCommand [Parameters=[@slug='?'], CommandType='Text', CommandTimeout='30']
SELECT l."Id", l."BreathPauseMs", l."CreateBy", l."CreateDate", l."DeleteBy", l."DeletedAt", l."Description", l."FinalQuestionWaitMs", l."IntroWaitMs", l."IsActive", l."IsDelete", l."PresentationId", l."SlidesEmbedUrl", l."SlidesSourceUrl", l."Slug", l."Title", l."UpdateBy", l."UpdateDate", l."SlideConfigs"
FROM "LessonConfig" AS l
WHERE l."Slug" = @slug
LIMIT 2
[2026-08-08 03:19:57.211 INF] [0HNNKNSO8HTMV:00000004] Microsoft.EntityFrameworkCore.Database.Command: Executed DbCommand (3ms) [Parameters=[@slug='?'], CommandType='Text', CommandTimeout='30']
SELECT l."Id", l."BreathPauseMs", l."CreateBy", l."CreateDate", l."DeleteBy", l."DeletedAt", l."Description", l."FinalQuestionWaitMs", l."IntroWaitMs", l."IsActive", l."IsDelete", l."PresentationId", l."SlidesEmbedUrl", l."SlidesSourceUrl", l."Slug", l."Title", l."UpdateBy", l."UpdateDate", l."SlideConfigs"
FROM "LessonConfig" AS l
WHERE l."Slug" = @slug
LIMIT 2
[2026-08-08 03:19:57.211 DBG] [0HNNKNSO8HTMV:00000004] Microsoft.EntityFrameworkCore.ChangeTracking: Context 'ApplicationDbContext' started tracking 'LessonConfig' entity. Consider using 'DbContextOptionsBuilder.EnableSensitiveDataLogging' to see key values.
[2026-08-08 03:19:57.211 DBG] [0HNNKNSO8HTMV:00000004] Microsoft.EntityFrameworkCore.ChangeTracking: Context 'ApplicationDbContext' started tracking 'SlideConfig' entity. Consider using 'DbContextOptionsBuilder.EnableSensitiveDataLogging' to see key values.
[2026-08-08 03:19:57.211 DBG] [0HNNKNSO8HTMV:00000004] Microsoft.EntityFrameworkCore.ChangeTracking: Context 'ApplicationDbContext' started tracking 'SlideConfig' entity. Consider using 'DbContextOptionsBuilder.EnableSensitiveDataLogging' to see key values.
[2026-08-08 03:19:57.211 DBG] [0HNNKNSO8HTMV:00000004] Microsoft.EntityFrameworkCore.ChangeTracking: Context 'ApplicationDbContext' started tracking 'SlideConfig' entity. Consider using 'DbContextOptionsBuilder.EnableSensitiveDataLogging' to see key values.
[2026-08-08 03:19:57.211 DBG] [0HNNKNSO8HTMV:00000004] Microsoft.EntityFrameworkCore.ChangeTracking: Context 'ApplicationDbContext' started tracking 'SlideConfig' entity. Consider using 'DbContextOptionsBuilder.EnableSensitiveDataLogging' to see key values.
[2026-08-08 03:19:57.211 DBG] [0HNNKNSO8HTMV:00000004] Microsoft.EntityFrameworkCore.ChangeTracking: Context 'ApplicationDbContext' started tracking 'SlideConfig' entity. Consider using 'DbContextOptionsBuilder.EnableSensitiveDataLogging' to see key values.
[2026-08-08 03:19:57.211 DBG] [0HNNKNSO8HTMV:00000004] Microsoft.EntityFrameworkCore.ChangeTracking: Context 'ApplicationDbContext' started tracking 'SlideConfig' entity. Consider using 'DbContextOptionsBuilder.EnableSensitiveDataLogging' to see key values.
[2026-08-08 03:19:57.211 DBG] [0HNNKNSO8HTMV:00000004] Microsoft.EntityFrameworkCore.Database.Command: Closing data reader to 'supportroom' on server 'tcp://localhost:5432'.
[2026-08-08 03:19:57.211 DBG] [0HNNKNSO8HTMV:00000004] Microsoft.EntityFrameworkCore.Database.Command: A data reader for 'supportroom' on server 'tcp://localhost:5432' is being disposed after spending 0ms reading results.
[2026-08-08 03:19:57.211 DBG] [0HNNKNSO8HTMV:00000004] Microsoft.EntityFrameworkCore.Database.Connection: Closing connection to database 'supportroom' on server 'tcp://localhost:5432'.
[2026-08-08 03:19:57.212 DBG] [0HNNKNSO8HTMV:00000004] Microsoft.EntityFrameworkCore.Database.Connection: Closed connection to database 'supportroom' on server 'tcp://localhost:5432' (0ms).
[2026-08-08 03:19:57.214 DBG] [0HNNKNSO8HTMV:00000004] Microsoft.EntityFrameworkCore.Query: Compiling query expression: 
'DbSet<DocumentResource>()
    .Where(x => x.LessonId == @lessonId)
    .OrderByDescending(x => x.CreateDate)'
[2026-08-08 03:19:57.224 DBG] [0HNNKNSO8HTMV:00000004] Microsoft.EntityFrameworkCore.Query: Generated query execution expression: 
'queryContext => SingleQueryingEnumerable.Create<DocumentResource>(
    relationalQueryContext: (RelationalQueryContext)queryContext, 
    relationalCommandResolver: parameters => [LIFTABLE Constant: RelationalCommandCache.QueryExpression(
        Projection Mapping:
            EmptyProjectionMember -> Dictionary<IPropertyBase, int> { [Property: DocumentResource.Id (string) Required PK AfterSave:Throw, 0], [Property: DocumentResource.ContentType (string) Required, 1], [Property: DocumentResource.CreateBy (string), 2], [Property: DocumentResource.CreateDate (DateTime) Required, 3], [Property: DocumentResource.DeleteBy (string), 4], [Property: DocumentResource.DeletedAt (DateTime?), 5], [Property: DocumentResource.FileName (string) Required, 6], [Property: DocumentResource.IndexedChunkCount (int) Required, 7], [Property: DocumentResource.IndexingStatus (string) Required, 8], [Property: DocumentResource.IsDelete (bool) Required, 9], [Property: DocumentResource.LessonId (string) Index, 10], [Property: DocumentResource.ObsBucket (string) Required, 11], [Property: DocumentResource.ObsKey (string) Required, 12], [Property: DocumentResource.SizeBytes (long) Required, 13], [Property: DocumentResource.UpdateBy (string), 14], [Property: DocumentResource.UpdateDate (DateTime?), 15] }
        SELECT d.Id, d.ContentType, d.CreateBy, d.CreateDate, d.DeleteBy, d.DeletedAt, d.FileName, d.IndexedChunkCount, d.IndexingStatus, d.IsDelete, d.LessonId, d.ObsBucket, d.ObsKey, d.SizeBytes, d.UpdateBy, d.UpdateDate
        FROM DocumentResource AS d
        WHERE d.LessonId == @lessonId
        ORDER BY d.CreateDate DESC) | Resolver: c => new RelationalCommandCache(
        c.Dependencies.MemoryCache, 
        c.RelationalDependencies.QuerySqlGeneratorFactory, 
        c.RelationalDependencies.RelationalParameterBasedSqlProcessorFactory, 
        Projection Mapping:
            EmptyProjectionMember -> Dictionary<IPropertyBase, int> { [Property: DocumentResource.Id (string) Required PK AfterSave:Throw, 0], [Property: DocumentResource.ContentType (string) Required, 1], [Property: DocumentResource.CreateBy (string), 2], [Property: DocumentResource.CreateDate (DateTime) Required, 3], [Property: DocumentResource.DeleteBy (string), 4], [Property: DocumentResource.DeletedAt (DateTime?), 5], [Property: DocumentResource.FileName (string) Required, 6], [Property: DocumentResource.IndexedChunkCount (int) Required, 7], [Property: DocumentResource.IndexingStatus (string) Required, 8], [Property: DocumentResource.IsDelete (bool) Required, 9], [Property: DocumentResource.LessonId (string) Index, 10], [Property: DocumentResource.ObsBucket (string) Required, 11], [Property: DocumentResource.ObsKey (string) Required, 12], [Property: DocumentResource.SizeBytes (long) Required, 13], [Property: DocumentResource.UpdateBy (string), 14], [Property: DocumentResource.UpdateDate (DateTime?), 15] }
        SELECT d.Id, d.ContentType, d.CreateBy, d.CreateDate, d.DeleteBy, d.DeletedAt, d.FileName, d.IndexedChunkCount, d.IndexingStatus, d.IsDelete, d.LessonId, d.ObsBucket, d.ObsKey, d.SizeBytes, d.UpdateBy, d.UpdateDate
        FROM DocumentResource AS d
        WHERE d.LessonId == @lessonId
        ORDER BY d.CreateDate DESC, 
        False, 
        Parameter
    )].GetRelationalCommandTemplate(parameters), 
    readerColumns: null, 
    shaper: (queryContext, dataReader, resultContext, resultCoordinator) => 
    {
        DocumentResource entity;
        entity = 
        {
            MaterializationContext materializationContext1;
            IEntityType entityType1;
            DocumentResource instance1;
            InternalEntityEntry entry1;
            bool hasNullKey1;
            materializationContext1 = new MaterializationContext(
                [LIFTABLE Constant: ValueBuffer | Resolver: _ => (object)ValueBuffer.Empty], 
                queryContext.Context
            );
            instance1 = default(DocumentResource);
            entry1 = queryContext.TryGetEntry(
                key: [LIFTABLE Constant: Key: DocumentResource.Id PK | Resolver: c => c.Dependencies.Model.FindEntityType("SupportRoom.Domain.Entities.DocumentResource").FindPrimaryKey()], 
                keyValues: new object[]{ (object)dataReader.GetString(0) }, 
                throwOnNullKey: True, 
                hasNullKey: hasNullKey1);
            !(hasNullKey1) ? entry1 != default(InternalEntityEntry) ? 
            {
                entityType1 = entry1.EntityType;
                return instance1 = (DocumentResource)entry1.Entity;
            } : 
            {
                ISnapshot shadowSnapshot1;
                shadowSnapshot1 = [LIFTABLE Constant: Snapshot | Resolver: _ => Snapshot.Empty];
                entityType1 = [LIFTABLE Constant: EntityType: DocumentResource | Resolver: namelessParameter{0} => namelessParameter{0}.Dependencies.Model.FindEntityType("SupportRoom.Domain.Entities.DocumentResource")];
                instance1 = switch (entityType1)
                {
                    case [LIFTABLE Constant: EntityType: DocumentResource | Resolver: namelessParameter{1} => namelessParameter{1}.Dependencies.Model.FindEntityType("SupportRoom.Domain.Entities.DocumentResource")]: 
                        {
                            return 
                            {
                                DocumentResource instance;
                                instance = new DocumentResource();
                                instance.<Id>k__BackingField = dataReader.GetString(0);
                                instance.<ContentType>k__BackingField = dataReader.GetString(1);
                                instance.<CreateBy>k__BackingField = dataReader.IsDBNull(2) ? default(string) : dataReader.GetString(2);
                                instance.<CreateDate>k__BackingField = dataReader.GetDateTime(3);
                                instance.<DeleteBy>k__BackingField = dataReader.IsDBNull(4) ? default(string) : dataReader.GetString(4);
                                instance.<DeletedAt>k__BackingField = dataReader.IsDBNull(5) ? default(DateTime?) : (DateTime?)dataReader.GetDateTime(5);
                                instance.<FileName>k__BackingField = dataReader.GetString(6);
                                instance.<IndexedChunkCount>k__BackingField = dataReader.GetInt32(7);
                                instance.<IndexingStatus>k__BackingField = dataReader.GetString(8);
                                instance.<IsDelete>k__BackingField = dataReader.GetBoolean(9);
                                instance.<LessonId>k__BackingField = dataReader.IsDBNull(10) ? default(string) : dataReader.GetString(10);
                                instance.<ObsBucket>k__BackingField = dataReader.GetString(11);
                                instance.<ObsKey>k__BackingField = dataReader.GetString(12);
                                instance.<SizeBytes>k__BackingField = dataReader.GetInt64(13);
                                instance.<UpdateBy>k__BackingField = dataReader.IsDBNull(14) ? default(string) : dataReader.GetString(14);
                                instance.<UpdateDate>k__BackingField = dataReader.IsDBNull(15) ? default(DateTime?) : (DateTime?)dataReader.GetDateTime(15);
                                (instance is IInjectableService) ? ((IInjectableService)instance).Injected(
                                    context: materializationContext1.Context, 
                                    entity: instance, 
                                    queryTrackingBehavior: TrackAll, 
                                    structuralType: [LIFTABLE Constant: EntityType: DocumentResource | Resolver: namelessParameter{2} => namelessParameter{2}.Dependencies.Model.FindEntityType("SupportRoom.Domain.Entities.DocumentResource")]) : default(void);
                                return instance;
                            }}
                    default: 
                        default(DocumentResource)
                }
                ;
                entry1 = entityType1 == default(IEntityType) ? default(InternalEntityEntry) : queryContext.StartTracking(
                    entityType: entityType1, 
                    entity: instance1, 
                    snapshot: shadowSnapshot1);
                return instance1;
            } : default(void);
            return instance1;
        };
        return entity;
    }, 
    contextType: SupportRoom.Providers.Data.Data.ApplicationDbContext, 
    standAloneStateManager: False, 
    detailedErrorsEnabled: False, 
    threadSafetyChecksEnabled: True)'
[2026-08-08 03:19:57.235 DBG] [0HNNKNSO8HTMV:00000004] Microsoft.EntityFrameworkCore.Database.Connection: Opening connection to database 'supportroom' on server 'tcp://localhost:5432'.
[2026-08-08 03:19:57.235 DBG] [0HNNKNSO8HTMV:00000004] Microsoft.EntityFrameworkCore.Database.Connection: Opened connection to database 'supportroom' on server 'tcp://localhost:5432'.
[2026-08-08 03:19:57.235 DBG] [0HNNKNSO8HTMV:00000004] Microsoft.EntityFrameworkCore.Database.Command: Creating DbCommand for 'ExecuteReader'.
[2026-08-08 03:19:57.235 DBG] [0HNNKNSO8HTMV:00000004] Microsoft.EntityFrameworkCore.Database.Command: Created DbCommand for 'ExecuteReader' (0ms).
[2026-08-08 03:19:57.235 DBG] [0HNNKNSO8HTMV:00000004] Microsoft.EntityFrameworkCore.Database.Command: Initialized DbCommand for 'ExecuteReader' (0ms).
[2026-08-08 03:19:57.235 DBG] [0HNNKNSO8HTMV:00000004] Microsoft.EntityFrameworkCore.Database.Command: Executing DbCommand [Parameters=[@lessonId='?'], CommandType='Text', CommandTimeout='30']
SELECT d."Id", d."ContentType", d."CreateBy", d."CreateDate", d."DeleteBy", d."DeletedAt", d."FileName", d."IndexedChunkCount", d."IndexingStatus", d."IsDelete", d."LessonId", d."ObsBucket", d."ObsKey", d."SizeBytes", d."UpdateBy", d."UpdateDate"
FROM "DocumentResource" AS d
WHERE d."LessonId" = @lessonId
ORDER BY d."CreateDate" DESC
[2026-08-08 03:19:57.240 INF] [0HNNKNSO8HTMV:00000004] Microsoft.EntityFrameworkCore.Database.Command: Executed DbCommand (5ms) [Parameters=[@lessonId='?'], CommandType='Text', CommandTimeout='30']
SELECT d."Id", d."ContentType", d."CreateBy", d."CreateDate", d."DeleteBy", d."DeletedAt", d."FileName", d."IndexedChunkCount", d."IndexingStatus", d."IsDelete", d."LessonId", d."ObsBucket", d."ObsKey", d."SizeBytes", d."UpdateBy", d."UpdateDate"
FROM "DocumentResource" AS d
WHERE d."LessonId" = @lessonId
ORDER BY d."CreateDate" DESC
[2026-08-08 03:19:57.241 DBG] [0HNNKNSO8HTMV:00000004] Microsoft.EntityFrameworkCore.Database.Command: Closing data reader to 'supportroom' on server 'tcp://localhost:5432'.
[2026-08-08 03:19:57.241 DBG] [0HNNKNSO8HTMV:00000004] Microsoft.EntityFrameworkCore.Database.Command: A data reader for 'supportroom' on server 'tcp://localhost:5432' is being disposed after spending 0ms reading results.
[2026-08-08 03:19:57.241 DBG] [0HNNKNSO8HTMV:00000004] Microsoft.EntityFrameworkCore.Database.Connection: Closing connection to database 'supportroom' on server 'tcp://localhost:5432'.
[2026-08-08 03:19:57.241 DBG] [0HNNKNSO8HTMV:00000004] Microsoft.EntityFrameworkCore.Database.Connection: Closed connection to database 'supportroom' on server 'tcp://localhost:5432' (0ms).
[2026-08-08 03:19:57.241 INF] [0HNNKNSO8HTMV:00000004] Serilog.AspNetCore.RequestLoggingMiddleware: HTTP GET /api/documents responded 200 in 40.7171 ms
[2026-08-08 03:19:57.241 DBG] [] Microsoft.EntityFrameworkCore.Infrastructure: 'ApplicationDbContext' disposed.
[2026-08-08 03:19:57.241 DBG] [] Microsoft.EntityFrameworkCore.Database.Connection: Disposing connection to database 'supportroom' on server 'tcp://localhost:5432'.
[2026-08-08 03:19:57.241 DBG] [] Microsoft.EntityFrameworkCore.Database.Connection: Disposed connection to database 'supportroom' on server 'tcp://localhost:5432' (0ms).
[2026-08-08 03:19:57.242 DBG] [0HNNKNSO8HTMU:00000004] Microsoft.EntityFrameworkCore.Infrastructure: Entity Framework Core 10.0.10 initialized 'ApplicationDbContext' using provider 'Npgsql.EntityFrameworkCore.PostgreSQL:10.0.3+5e912bf071068a44e5abbdab497b313ba99d3ee1' with options: None
[2026-08-08 03:19:57.243 DBG] [0HNNKNSO8HTMU:00000004] Microsoft.EntityFrameworkCore.Database.Connection: Creating DbConnection.
[2026-08-08 03:19:57.243 DBG] [0HNNKNSO8HTMU:00000004] Microsoft.EntityFrameworkCore.Database.Connection: Created DbConnection. (0ms).
[2026-08-08 03:19:57.243 DBG] [0HNNKNSO8HTMU:00000004] Microsoft.EntityFrameworkCore.Database.Connection: Opening connection to database 'supportroom' on server 'tcp://localhost:5432'.
[2026-08-08 03:19:57.243 DBG] [0HNNKNSO8HTMU:00000004] Microsoft.EntityFrameworkCore.Database.Connection: Opened connection to database 'supportroom' on server 'tcp://localhost:5432'.
[2026-08-08 03:19:57.243 DBG] [0HNNKNSO8HTMU:00000004] Microsoft.EntityFrameworkCore.Database.Command: Creating DbCommand for 'ExecuteReader'.
[2026-08-08 03:19:57.243 DBG] [0HNNKNSO8HTMU:00000004] Microsoft.EntityFrameworkCore.Database.Command: Created DbCommand for 'ExecuteReader' (0ms).
[2026-08-08 03:19:57.243 DBG] [0HNNKNSO8HTMU:00000004] Microsoft.EntityFrameworkCore.Database.Command: Initialized DbCommand for 'ExecuteReader' (0ms).
[2026-08-08 03:19:57.243 DBG] [0HNNKNSO8HTMU:00000004] Microsoft.EntityFrameworkCore.Database.Command: Executing DbCommand [Parameters=[@slug='?'], CommandType='Text', CommandTimeout='30']
SELECT l."Id", l."BreathPauseMs", l."CreateBy", l."CreateDate", l."DeleteBy", l."DeletedAt", l."Description", l."FinalQuestionWaitMs", l."IntroWaitMs", l."IsActive", l."IsDelete", l."PresentationId", l."SlidesEmbedUrl", l."SlidesSourceUrl", l."Slug", l."Title", l."UpdateBy", l."UpdateDate", l."SlideConfigs"
FROM "LessonConfig" AS l
WHERE l."Slug" = @slug
LIMIT 2
[2026-08-08 03:19:57.246 INF] [0HNNKNSO8HTMU:00000004] Microsoft.EntityFrameworkCore.Database.Command: Executed DbCommand (2ms) [Parameters=[@slug='?'], CommandType='Text', CommandTimeout='30']
SELECT l."Id", l."BreathPauseMs", l."CreateBy", l."CreateDate", l."DeleteBy", l."DeletedAt", l."Description", l."FinalQuestionWaitMs", l."IntroWaitMs", l."IsActive", l."IsDelete", l."PresentationId", l."SlidesEmbedUrl", l."SlidesSourceUrl", l."Slug", l."Title", l."UpdateBy", l."UpdateDate", l."SlideConfigs"
FROM "LessonConfig" AS l
WHERE l."Slug" = @slug
LIMIT 2
[2026-08-08 03:19:57.246 DBG] [0HNNKNSO8HTMU:00000004] Microsoft.EntityFrameworkCore.ChangeTracking: Context 'ApplicationDbContext' started tracking 'LessonConfig' entity. Consider using 'DbContextOptionsBuilder.EnableSensitiveDataLogging' to see key values.
[2026-08-08 03:19:57.246 DBG] [0HNNKNSO8HTMU:00000004] Microsoft.EntityFrameworkCore.ChangeTracking: Context 'ApplicationDbContext' started tracking 'SlideConfig' entity. Consider using 'DbContextOptionsBuilder.EnableSensitiveDataLogging' to see key values.
[2026-08-08 03:19:57.246 DBG] [0HNNKNSO8HTMU:00000004] Microsoft.EntityFrameworkCore.ChangeTracking: Context 'ApplicationDbContext' started tracking 'SlideConfig' entity. Consider using 'DbContextOptionsBuilder.EnableSensitiveDataLogging' to see key values.
[2026-08-08 03:19:57.246 DBG] [0HNNKNSO8HTMU:00000004] Microsoft.EntityFrameworkCore.ChangeTracking: Context 'ApplicationDbContext' started tracking 'SlideConfig' entity. Consider using 'DbContextOptionsBuilder.EnableSensitiveDataLogging' to see key values.
[2026-08-08 03:19:57.246 DBG] [0HNNKNSO8HTMU:00000004] Microsoft.EntityFrameworkCore.ChangeTracking: Context 'ApplicationDbContext' started tracking 'SlideConfig' entity. Consider using 'DbContextOptionsBuilder.EnableSensitiveDataLogging' to see key values.
[2026-08-08 03:19:57.246 DBG] [0HNNKNSO8HTMU:00000004] Microsoft.EntityFrameworkCore.ChangeTracking: Context 'ApplicationDbContext' started tracking 'SlideConfig' entity. Consider using 'DbContextOptionsBuilder.EnableSensitiveDataLogging' to see key values.
[2026-08-08 03:19:57.246 DBG] [0HNNKNSO8HTMU:00000004] Microsoft.EntityFrameworkCore.ChangeTracking: Context 'ApplicationDbContext' started tracking 'SlideConfig' entity. Consider using 'DbContextOptionsBuilder.EnableSensitiveDataLogging' to see key values.
[2026-08-08 03:19:57.246 DBG] [0HNNKNSO8HTMU:00000004] Microsoft.EntityFrameworkCore.Database.Command: Closing data reader to 'supportroom' on server 'tcp://localhost:5432'.
[2026-08-08 03:19:57.246 DBG] [0HNNKNSO8HTMU:00000004] Microsoft.EntityFrameworkCore.Database.Command: A data reader for 'supportroom' on server 'tcp://localhost:5432' is being disposed after spending 0ms reading results.
[2026-08-08 03:19:57.246 DBG] [0HNNKNSO8HTMU:00000004] Microsoft.EntityFrameworkCore.Database.Connection: Closing connection to database 'supportroom' on server 'tcp://localhost:5432'.
[2026-08-08 03:19:57.246 DBG] [0HNNKNSO8HTMU:00000004] Microsoft.EntityFrameworkCore.Database.Connection: Closed connection to database 'supportroom' on server 'tcp://localhost:5432' (0ms).
[2026-08-08 03:19:57.247 DBG] [0HNNKNSO8HTMU:00000004] Microsoft.EntityFrameworkCore.Database.Connection: Opening connection to database 'supportroom' on server 'tcp://localhost:5432'.
[2026-08-08 03:19:57.247 DBG] [0HNNKNSO8HTMU:00000004] Microsoft.EntityFrameworkCore.Database.Connection: Opened connection to database 'supportroom' on server 'tcp://localhost:5432'.
[2026-08-08 03:19:57.247 DBG] [0HNNKNSO8HTMU:00000004] Microsoft.EntityFrameworkCore.Database.Command: Creating DbCommand for 'ExecuteReader'.
[2026-08-08 03:19:57.247 DBG] [0HNNKNSO8HTMU:00000004] Microsoft.EntityFrameworkCore.Database.Command: Created DbCommand for 'ExecuteReader' (0ms).
[2026-08-08 03:19:57.247 DBG] [0HNNKNSO8HTMU:00000004] Microsoft.EntityFrameworkCore.Database.Command: Initialized DbCommand for 'ExecuteReader' (0ms).
[2026-08-08 03:19:57.247 DBG] [0HNNKNSO8HTMU:00000004] Microsoft.EntityFrameworkCore.Database.Command: Executing DbCommand [Parameters=[@lessonId='?'], CommandType='Text', CommandTimeout='30']
SELECT d."Id", d."ContentType", d."CreateBy", d."CreateDate", d."DeleteBy", d."DeletedAt", d."FileName", d."IndexedChunkCount", d."IndexingStatus", d."IsDelete", d."LessonId", d."ObsBucket", d."ObsKey", d."SizeBytes", d."UpdateBy", d."UpdateDate"
FROM "DocumentResource" AS d
WHERE d."LessonId" = @lessonId
ORDER BY d."CreateDate" DESC
[2026-08-08 03:19:57.250 INF] [0HNNKNSO8HTMU:00000004] Microsoft.EntityFrameworkCore.Database.Command: Executed DbCommand (3ms) [Parameters=[@lessonId='?'], CommandType='Text', CommandTimeout='30']
SELECT d."Id", d."ContentType", d."CreateBy", d."CreateDate", d."DeleteBy", d."DeletedAt", d."FileName", d."IndexedChunkCount", d."IndexingStatus", d."IsDelete", d."LessonId", d."ObsBucket", d."ObsKey", d."SizeBytes", d."UpdateBy", d."UpdateDate"
FROM "DocumentResource" AS d
WHERE d."LessonId" = @lessonId
ORDER BY d."CreateDate" DESC
[2026-08-08 03:19:57.250 DBG] [0HNNKNSO8HTMU:00000004] Microsoft.EntityFrameworkCore.Database.Command: Closing data reader to 'supportroom' on server 'tcp://localhost:5432'.
[2026-08-08 03:19:57.250 DBG] [0HNNKNSO8HTMU:00000004] Microsoft.EntityFrameworkCore.Database.Command: A data reader for 'supportroom' on server 'tcp://localhost:5432' is being disposed after spending 0ms reading results.
[2026-08-08 03:19:57.250 DBG] [0HNNKNSO8HTMU:00000004] Microsoft.EntityFrameworkCore.Database.Connection: Closing connection to database 'supportroom' on server 'tcp://localhost:5432'.
[2026-08-08 03:19:57.250 DBG] [0HNNKNSO8HTMU:00000004] Microsoft.EntityFrameworkCore.Database.Connection: Closed connection to database 'supportroom' on server 'tcp://localhost:5432' (0ms).
[2026-08-08 03:19:57.250 INF] [0HNNKNSO8HTMU:00000004] Serilog.AspNetCore.RequestLoggingMiddleware: HTTP GET /api/documents responded 200 in 7.9880 ms
[2026-08-08 03:19:57.250 DBG] [] Microsoft.EntityFrameworkCore.Infrastructure: 'ApplicationDbContext' disposed.
[2026-08-08 03:19:57.250 DBG] [] Microsoft.EntityFrameworkCore.Database.Connection: Disposing connection to database 'supportroom' on server 'tcp://localhost:5432'.
[2026-08-08 03:19:57.250 DBG] [] Microsoft.EntityFrameworkCore.Database.Connection: Disposed connection to database 'supportroom' on server 'tcp://localhost:5432' (0ms).
[2026-08-08 03:20:10.271 DBG] [0HNNKNSO8HTMU:00000005] Microsoft.EntityFrameworkCore.Infrastructure: Entity Framework Core 10.0.10 initialized 'ApplicationDbContext' using provider 'Npgsql.EntityFrameworkCore.PostgreSQL:10.0.3+5e912bf071068a44e5abbdab497b313ba99d3ee1' with options: None
[2026-08-08 03:20:10.328 DBG] [0HNNKNSO8HTMU:00000005] Microsoft.EntityFrameworkCore.Database.Connection: Creating DbConnection.
[2026-08-08 03:20:10.328 DBG] [0HNNKNSO8HTMU:00000005] Microsoft.EntityFrameworkCore.Database.Connection: Created DbConnection. (0ms).
[2026-08-08 03:20:10.328 DBG] [0HNNKNSO8HTMU:00000005] Microsoft.EntityFrameworkCore.Database.Connection: Opening connection to database 'supportroom' on server 'tcp://localhost:5432'.
[2026-08-08 03:20:10.328 DBG] [0HNNKNSO8HTMU:00000005] Microsoft.EntityFrameworkCore.Database.Connection: Opened connection to database 'supportroom' on server 'tcp://localhost:5432'.
[2026-08-08 03:20:10.328 DBG] [0HNNKNSO8HTMU:00000005] Microsoft.EntityFrameworkCore.Database.Command: Creating DbCommand for 'ExecuteReader'.
[2026-08-08 03:20:10.328 DBG] [0HNNKNSO8HTMU:00000005] Microsoft.EntityFrameworkCore.Database.Command: Created DbCommand for 'ExecuteReader' (0ms).
[2026-08-08 03:20:10.328 DBG] [0HNNKNSO8HTMU:00000005] Microsoft.EntityFrameworkCore.Database.Command: Initialized DbCommand for 'ExecuteReader' (0ms).
[2026-08-08 03:20:10.328 DBG] [0HNNKNSO8HTMU:00000005] Microsoft.EntityFrameworkCore.Database.Command: Executing DbCommand [Parameters=[@slug='?'], CommandType='Text', CommandTimeout='30']
SELECT l."Id", l."BreathPauseMs", l."CreateBy", l."CreateDate", l."DeleteBy", l."DeletedAt", l."Description", l."FinalQuestionWaitMs", l."IntroWaitMs", l."IsActive", l."IsDelete", l."PresentationId", l."SlidesEmbedUrl", l."SlidesSourceUrl", l."Slug", l."Title", l."UpdateBy", l."UpdateDate", l."SlideConfigs"
FROM "LessonConfig" AS l
WHERE l."Slug" = @slug
LIMIT 2
[2026-08-08 03:20:10.330 INF] [0HNNKNSO8HTMU:00000005] Microsoft.EntityFrameworkCore.Database.Command: Executed DbCommand (2ms) [Parameters=[@slug='?'], CommandType='Text', CommandTimeout='30']
SELECT l."Id", l."BreathPauseMs", l."CreateBy", l."CreateDate", l."DeleteBy", l."DeletedAt", l."Description", l."FinalQuestionWaitMs", l."IntroWaitMs", l."IsActive", l."IsDelete", l."PresentationId", l."SlidesEmbedUrl", l."SlidesSourceUrl", l."Slug", l."Title", l."UpdateBy", l."UpdateDate", l."SlideConfigs"
FROM "LessonConfig" AS l
WHERE l."Slug" = @slug
LIMIT 2
[2026-08-08 03:20:10.330 DBG] [0HNNKNSO8HTMU:00000005] Microsoft.EntityFrameworkCore.ChangeTracking: Context 'ApplicationDbContext' started tracking 'LessonConfig' entity. Consider using 'DbContextOptionsBuilder.EnableSensitiveDataLogging' to see key values.
[2026-08-08 03:20:10.330 DBG] [0HNNKNSO8HTMU:00000005] Microsoft.EntityFrameworkCore.ChangeTracking: Context 'ApplicationDbContext' started tracking 'SlideConfig' entity. Consider using 'DbContextOptionsBuilder.EnableSensitiveDataLogging' to see key values.
[2026-08-08 03:20:10.330 DBG] [0HNNKNSO8HTMU:00000005] Microsoft.EntityFrameworkCore.ChangeTracking: Context 'ApplicationDbContext' started tracking 'SlideConfig' entity. Consider using 'DbContextOptionsBuilder.EnableSensitiveDataLogging' to see key values.
[2026-08-08 03:20:10.330 DBG] [0HNNKNSO8HTMU:00000005] Microsoft.EntityFrameworkCore.ChangeTracking: Context 'ApplicationDbContext' started tracking 'SlideConfig' entity. Consider using 'DbContextOptionsBuilder.EnableSensitiveDataLogging' to see key values.
[2026-08-08 03:20:10.330 DBG] [0HNNKNSO8HTMU:00000005] Microsoft.EntityFrameworkCore.ChangeTracking: Context 'ApplicationDbContext' started tracking 'SlideConfig' entity. Consider using 'DbContextOptionsBuilder.EnableSensitiveDataLogging' to see key values.
[2026-08-08 03:20:10.330 DBG] [0HNNKNSO8HTMU:00000005] Microsoft.EntityFrameworkCore.ChangeTracking: Context 'ApplicationDbContext' started tracking 'SlideConfig' entity. Consider using 'DbContextOptionsBuilder.EnableSensitiveDataLogging' to see key values.
[2026-08-08 03:20:10.330 DBG] [0HNNKNSO8HTMU:00000005] Microsoft.EntityFrameworkCore.ChangeTracking: Context 'ApplicationDbContext' started tracking 'SlideConfig' entity. Consider using 'DbContextOptionsBuilder.EnableSensitiveDataLogging' to see key values.
[2026-08-08 03:20:10.331 DBG] [0HNNKNSO8HTMU:00000005] Microsoft.EntityFrameworkCore.Database.Command: Closing data reader to 'supportroom' on server 'tcp://localhost:5432'.
[2026-08-08 03:20:10.331 DBG] [0HNNKNSO8HTMU:00000005] Microsoft.EntityFrameworkCore.Database.Command: A data reader for 'supportroom' on server 'tcp://localhost:5432' is being disposed after spending 0ms reading results.
[2026-08-08 03:20:10.331 DBG] [0HNNKNSO8HTMU:00000005] Microsoft.EntityFrameworkCore.Database.Connection: Closing connection to database 'supportroom' on server 'tcp://localhost:5432'.
[2026-08-08 03:20:10.331 DBG] [0HNNKNSO8HTMU:00000005] Microsoft.EntityFrameworkCore.Database.Connection: Closed connection to database 'supportroom' on server 'tcp://localhost:5432' (0ms).
[2026-08-08 03:20:10.340 DBG] [0HNNKNSO8HTMU:00000005] Microsoft.EntityFrameworkCore.ChangeTracking: Context 'ApplicationDbContext' started tracking 'DocumentResource' entity. Consider using 'DbContextOptionsBuilder.EnableSensitiveDataLogging' to see key values.
[2026-08-08 03:20:10.340 DBG] [0HNNKNSO8HTMU:00000005] Microsoft.EntityFrameworkCore.Update: SaveChanges starting for 'ApplicationDbContext'.
[2026-08-08 03:20:10.340 DBG] [0HNNKNSO8HTMU:00000005] Microsoft.EntityFrameworkCore.ChangeTracking: DetectChanges starting for 'ApplicationDbContext'.
[2026-08-08 03:20:10.367 DBG] [0HNNKNSO8HTMU:00000005] Microsoft.EntityFrameworkCore.ChangeTracking: DetectChanges completed for 'ApplicationDbContext'.
[2026-08-08 03:20:10.370 DBG] [0HNNKNSO8HTMU:00000005] Microsoft.EntityFrameworkCore.Database.Connection: Opening connection to database 'supportroom' on server 'tcp://localhost:5432'.
[2026-08-08 03:20:10.370 DBG] [0HNNKNSO8HTMU:00000005] Microsoft.EntityFrameworkCore.Database.Connection: Opened connection to database 'supportroom' on server 'tcp://localhost:5432'.
[2026-08-08 03:20:10.370 DBG] [0HNNKNSO8HTMU:00000005] Microsoft.EntityFrameworkCore.Database.Command: Creating DbCommand for 'ExecuteReader'.
[2026-08-08 03:20:10.370 DBG] [0HNNKNSO8HTMU:00000005] Microsoft.EntityFrameworkCore.Database.Command: Created DbCommand for 'ExecuteReader' (0ms).
[2026-08-08 03:20:10.370 DBG] [0HNNKNSO8HTMU:00000005] Microsoft.EntityFrameworkCore.Database.Command: Initialized DbCommand for 'ExecuteReader' (0ms).
[2026-08-08 03:20:10.370 DBG] [0HNNKNSO8HTMU:00000005] Microsoft.EntityFrameworkCore.Database.Command: Executing DbCommand [Parameters=[@p0='?', @p1='?', @p2='?', @p3='?' (DbType = DateTime), @p4='?', @p5='?' (DbType = DateTime), @p6='?', @p7='?' (DbType = Int32), @p8='?', @p9='?' (DbType = Boolean), @p10='?', @p11='?', @p12='?', @p13='?' (DbType = Int64), @p14='?', @p15='?' (DbType = DateTime)], CommandType='Text', CommandTimeout='30']
INSERT INTO "DocumentResource" ("Id", "ContentType", "CreateBy", "CreateDate", "DeleteBy", "DeletedAt", "FileName", "IndexedChunkCount", "IndexingStatus", "IsDelete", "LessonId", "ObsBucket", "ObsKey", "SizeBytes", "UpdateBy", "UpdateDate")
VALUES (@p0, @p1, @p2, @p3, @p4, @p5, @p6, @p7, @p8, @p9, @p10, @p11, @p12, @p13, @p14, @p15);
[2026-08-08 03:20:10.377 INF] [0HNNKNSO8HTMU:00000005] Microsoft.EntityFrameworkCore.Database.Command: Executed DbCommand (7ms) [Parameters=[@p0='?', @p1='?', @p2='?', @p3='?' (DbType = DateTime), @p4='?', @p5='?' (DbType = DateTime), @p6='?', @p7='?' (DbType = Int32), @p8='?', @p9='?' (DbType = Boolean), @p10='?', @p11='?', @p12='?', @p13='?' (DbType = Int64), @p14='?', @p15='?' (DbType = DateTime)], CommandType='Text', CommandTimeout='30']
INSERT INTO "DocumentResource" ("Id", "ContentType", "CreateBy", "CreateDate", "DeleteBy", "DeletedAt", "FileName", "IndexedChunkCount", "IndexingStatus", "IsDelete", "LessonId", "ObsBucket", "ObsKey", "SizeBytes", "UpdateBy", "UpdateDate")
VALUES (@p0, @p1, @p2, @p3, @p4, @p5, @p6, @p7, @p8, @p9, @p10, @p11, @p12, @p13, @p14, @p15);
[2026-08-08 03:20:10.377 DBG] [0HNNKNSO8HTMU:00000005] Microsoft.EntityFrameworkCore.Database.Command: Closing data reader to 'supportroom' on server 'tcp://localhost:5432'.
[2026-08-08 03:20:10.377 DBG] [0HNNKNSO8HTMU:00000005] Microsoft.EntityFrameworkCore.Database.Command: A data reader for 'supportroom' on server 'tcp://localhost:5432' is being disposed after spending 0ms reading results.
[2026-08-08 03:20:10.378 DBG] [0HNNKNSO8HTMU:00000005] Microsoft.EntityFrameworkCore.Database.Connection: Closing connection to database 'supportroom' on server 'tcp://localhost:5432'.
[2026-08-08 03:20:10.378 DBG] [0HNNKNSO8HTMU:00000005] Microsoft.EntityFrameworkCore.Database.Connection: Closed connection to database 'supportroom' on server 'tcp://localhost:5432' (0ms).
[2026-08-08 03:20:10.378 DBG] [0HNNKNSO8HTMU:00000005] Microsoft.EntityFrameworkCore.ChangeTracking: An entity of type 'DocumentResource' tracked by 'ApplicationDbContext' changed state from 'Added' to 'Unchanged'. Consider using 'DbContextOptionsBuilder.EnableSensitiveDataLogging' to see key values.
[2026-08-08 03:20:10.378 DBG] [0HNNKNSO8HTMU:00000005] Microsoft.EntityFrameworkCore.Update: SaveChanges completed for 'ApplicationDbContext' with 1 entities written to the database.
[2026-08-08 03:20:11.317 INF] [0HNNKNSO8HTMU:00000005] SupportRoom.Application.Services.IKnowledgeIndexingService: Indexed 9 chunks into knowledge namespace login-mobile-test
[2026-08-08 03:20:11.317 DBG] [0HNNKNSO8HTMU:00000005] Microsoft.EntityFrameworkCore.ChangeTracking: An entity of type 'DocumentResource' tracked by 'ApplicationDbContext' changed state from 'Unchanged' to 'Modified'. Consider using 'DbContextOptionsBuilder.EnableSensitiveDataLogging' to see key values.
[2026-08-08 03:20:11.317 DBG] [0HNNKNSO8HTMU:00000005] Microsoft.EntityFrameworkCore.Update: SaveChanges starting for 'ApplicationDbContext'.
[2026-08-08 03:20:11.317 DBG] [0HNNKNSO8HTMU:00000005] Microsoft.EntityFrameworkCore.ChangeTracking: DetectChanges starting for 'ApplicationDbContext'.
[2026-08-08 03:20:11.318 DBG] [0HNNKNSO8HTMU:00000005] Microsoft.EntityFrameworkCore.ChangeTracking: DetectChanges completed for 'ApplicationDbContext'.
[2026-08-08 03:20:11.318 DBG] [0HNNKNSO8HTMU:00000005] Microsoft.EntityFrameworkCore.Database.Connection: Opening connection to database 'supportroom' on server 'tcp://localhost:5432'.
[2026-08-08 03:20:11.318 DBG] [0HNNKNSO8HTMU:00000005] Microsoft.EntityFrameworkCore.Database.Connection: Opened connection to database 'supportroom' on server 'tcp://localhost:5432'.
[2026-08-08 03:20:11.318 DBG] [0HNNKNSO8HTMU:00000005] Microsoft.EntityFrameworkCore.Database.Command: Creating DbCommand for 'ExecuteReader'.
[2026-08-08 03:20:11.318 DBG] [0HNNKNSO8HTMU:00000005] Microsoft.EntityFrameworkCore.Database.Command: Created DbCommand for 'ExecuteReader' (0ms).
[2026-08-08 03:20:11.318 DBG] [0HNNKNSO8HTMU:00000005] Microsoft.EntityFrameworkCore.Database.Command: Initialized DbCommand for 'ExecuteReader' (0ms).
[2026-08-08 03:20:11.318 DBG] [0HNNKNSO8HTMU:00000005] Microsoft.EntityFrameworkCore.Database.Command: Executing DbCommand [Parameters=[@p15='?', @p0='?', @p1='?', @p2='?' (DbType = DateTime), @p3='?', @p4='?' (DbType = DateTime), @p5='?', @p6='?' (DbType = Int32), @p7='?', @p8='?' (DbType = Boolean), @p9='?', @p10='?', @p11='?', @p12='?' (DbType = Int64), @p13='?', @p14='?' (DbType = DateTime)], CommandType='Text', CommandTimeout='30']
UPDATE "DocumentResource" SET "ContentType" = @p0, "CreateBy" = @p1, "CreateDate" = @p2, "DeleteBy" = @p3, "DeletedAt" = @p4, "FileName" = @p5, "IndexedChunkCount" = @p6, "IndexingStatus" = @p7, "IsDelete" = @p8, "LessonId" = @p9, "ObsBucket" = @p10, "ObsKey" = @p11, "SizeBytes" = @p12, "UpdateBy" = @p13, "UpdateDate" = @p14
WHERE "Id" = @p15;
[2026-08-08 03:20:11.322 INF] [0HNNKNSO8HTMU:00000005] Microsoft.EntityFrameworkCore.Database.Command: Executed DbCommand (4ms) [Parameters=[@p15='?', @p0='?', @p1='?', @p2='?' (DbType = DateTime), @p3='?', @p4='?' (DbType = DateTime), @p5='?', @p6='?' (DbType = Int32), @p7='?', @p8='?' (DbType = Boolean), @p9='?', @p10='?', @p11='?', @p12='?' (DbType = Int64), @p13='?', @p14='?' (DbType = DateTime)], CommandType='Text', CommandTimeout='30']
UPDATE "DocumentResource" SET "ContentType" = @p0, "CreateBy" = @p1, "CreateDate" = @p2, "DeleteBy" = @p3, "DeletedAt" = @p4, "FileName" = @p5, "IndexedChunkCount" = @p6, "IndexingStatus" = @p7, "IsDelete" = @p8, "LessonId" = @p9, "ObsBucket" = @p10, "ObsKey" = @p11, "SizeBytes" = @p12, "UpdateBy" = @p13, "UpdateDate" = @p14
WHERE "Id" = @p15;
[2026-08-08 03:20:11.322 DBG] [0HNNKNSO8HTMU:00000005] Microsoft.EntityFrameworkCore.Database.Command: Closing data reader to 'supportroom' on server 'tcp://localhost:5432'.
[2026-08-08 03:20:11.322 DBG] [0HNNKNSO8HTMU:00000005] Microsoft.EntityFrameworkCore.Database.Command: A data reader for 'supportroom' on server 'tcp://localhost:5432' is being disposed after spending 0ms reading results.
[2026-08-08 03:20:11.322 DBG] [0HNNKNSO8HTMU:00000005] Microsoft.EntityFrameworkCore.Database.Connection: Closing connection to database 'supportroom' on server 'tcp://localhost:5432'.
[2026-08-08 03:20:11.322 DBG] [0HNNKNSO8HTMU:00000005] Microsoft.EntityFrameworkCore.Database.Connection: Closed connection to database 'supportroom' on server 'tcp://localhost:5432' (0ms).
[2026-08-08 03:20:11.322 DBG] [0HNNKNSO8HTMU:00000005] Microsoft.EntityFrameworkCore.ChangeTracking: An entity of type 'DocumentResource' tracked by 'ApplicationDbContext' changed state from 'Modified' to 'Unchanged'. Consider using 'DbContextOptionsBuilder.EnableSensitiveDataLogging' to see key values.
[2026-08-08 03:20:11.322 DBG] [0HNNKNSO8HTMU:00000005] Microsoft.EntityFrameworkCore.Update: SaveChanges completed for 'ApplicationDbContext' with 1 entities written to the database.
[2026-08-08 03:20:11.323 INF] [0HNNKNSO8HTMU:00000005] SupportRoom.Application.Services.IDocumentResourceService: Document uploaded: doc-0ddf549f-03d0-4f02-893c-c3e4d94aa213 status=indexed chunks=9 namespace=login-mobile-test
[2026-08-08 03:20:11.335 INF] [0HNNKNSO8HTMU:00000005] Serilog.AspNetCore.RequestLoggingMiddleware: HTTP POST /api/documents responded 200 in 1091.5974 ms
[2026-08-08 03:20:11.337 DBG] [] Microsoft.EntityFrameworkCore.Infrastructure: 'ApplicationDbContext' disposed.
[2026-08-08 03:20:11.337 DBG] [] Microsoft.EntityFrameworkCore.Database.Connection: Disposing connection to database 'supportroom' on server 'tcp://localhost:5432'.
[2026-08-08 03:20:11.337 DBG] [] Microsoft.EntityFrameworkCore.Database.Connection: Disposed connection to database 'supportroom' on server 'tcp://localhost:5432' (0ms).
[2026-08-08 03:20:11.340 DBG] [0HNNKNSO8HTMU:00000006] Microsoft.EntityFrameworkCore.Infrastructure: Entity Framework Core 10.0.10 initialized 'ApplicationDbContext' using provider 'Npgsql.EntityFrameworkCore.PostgreSQL:10.0.3+5e912bf071068a44e5abbdab497b313ba99d3ee1' with options: None
[2026-08-08 03:20:11.341 DBG] [0HNNKNSO8HTMU:00000006] Microsoft.EntityFrameworkCore.Database.Connection: Creating DbConnection.
[2026-08-08 03:20:11.341 DBG] [0HNNKNSO8HTMU:00000006] Microsoft.EntityFrameworkCore.Database.Connection: Created DbConnection. (0ms).
[2026-08-08 03:20:11.341 DBG] [0HNNKNSO8HTMU:00000006] Microsoft.EntityFrameworkCore.Database.Connection: Opening connection to database 'supportroom' on server 'tcp://localhost:5432'.
[2026-08-08 03:20:11.341 DBG] [0HNNKNSO8HTMU:00000006] Microsoft.EntityFrameworkCore.Database.Connection: Opened connection to database 'supportroom' on server 'tcp://localhost:5432'.
[2026-08-08 03:20:11.341 DBG] [0HNNKNSO8HTMU:00000006] Microsoft.EntityFrameworkCore.Database.Command: Creating DbCommand for 'ExecuteReader'.
[2026-08-08 03:20:11.341 DBG] [0HNNKNSO8HTMU:00000006] Microsoft.EntityFrameworkCore.Database.Command: Created DbCommand for 'ExecuteReader' (0ms).
[2026-08-08 03:20:11.341 DBG] [0HNNKNSO8HTMU:00000006] Microsoft.EntityFrameworkCore.Database.Command: Initialized DbCommand for 'ExecuteReader' (0ms).
[2026-08-08 03:20:11.341 DBG] [0HNNKNSO8HTMU:00000006] Microsoft.EntityFrameworkCore.Database.Command: Executing DbCommand [Parameters=[@slug='?'], CommandType='Text', CommandTimeout='30']
SELECT l."Id", l."BreathPauseMs", l."CreateBy", l."CreateDate", l."DeleteBy", l."DeletedAt", l."Description", l."FinalQuestionWaitMs", l."IntroWaitMs", l."IsActive", l."IsDelete", l."PresentationId", l."SlidesEmbedUrl", l."SlidesSourceUrl", l."Slug", l."Title", l."UpdateBy", l."UpdateDate", l."SlideConfigs"
FROM "LessonConfig" AS l
WHERE l."Slug" = @slug
LIMIT 2
[2026-08-08 03:20:11.343 INF] [0HNNKNSO8HTMU:00000006] Microsoft.EntityFrameworkCore.Database.Command: Executed DbCommand (2ms) [Parameters=[@slug='?'], CommandType='Text', CommandTimeout='30']
SELECT l."Id", l."BreathPauseMs", l."CreateBy", l."CreateDate", l."DeleteBy", l."DeletedAt", l."Description", l."FinalQuestionWaitMs", l."IntroWaitMs", l."IsActive", l."IsDelete", l."PresentationId", l."SlidesEmbedUrl", l."SlidesSourceUrl", l."Slug", l."Title", l."UpdateBy", l."UpdateDate", l."SlideConfigs"
FROM "LessonConfig" AS l
WHERE l."Slug" = @slug
LIMIT 2
[2026-08-08 03:20:11.343 DBG] [0HNNKNSO8HTMU:00000006] Microsoft.EntityFrameworkCore.ChangeTracking: Context 'ApplicationDbContext' started tracking 'LessonConfig' entity. Consider using 'DbContextOptionsBuilder.EnableSensitiveDataLogging' to see key values.
[2026-08-08 03:20:11.343 DBG] [0HNNKNSO8HTMU:00000006] Microsoft.EntityFrameworkCore.ChangeTracking: Context 'ApplicationDbContext' started tracking 'SlideConfig' entity. Consider using 'DbContextOptionsBuilder.EnableSensitiveDataLogging' to see key values.
[2026-08-08 03:20:11.343 DBG] [0HNNKNSO8HTMU:00000006] Microsoft.EntityFrameworkCore.ChangeTracking: Context 'ApplicationDbContext' started tracking 'SlideConfig' entity. Consider using 'DbContextOptionsBuilder.EnableSensitiveDataLogging' to see key values.
[2026-08-08 03:20:11.343 DBG] [0HNNKNSO8HTMU:00000006] Microsoft.EntityFrameworkCore.ChangeTracking: Context 'ApplicationDbContext' started tracking 'SlideConfig' entity. Consider using 'DbContextOptionsBuilder.EnableSensitiveDataLogging' to see key values.
[2026-08-08 03:20:11.343 DBG] [0HNNKNSO8HTMU:00000006] Microsoft.EntityFrameworkCore.ChangeTracking: Context 'ApplicationDbContext' started tracking 'SlideConfig' entity. Consider using 'DbContextOptionsBuilder.EnableSensitiveDataLogging' to see key values.
[2026-08-08 03:20:11.343 DBG] [0HNNKNSO8HTMU:00000006] Microsoft.EntityFrameworkCore.ChangeTracking: Context 'ApplicationDbContext' started tracking 'SlideConfig' entity. Consider using 'DbContextOptionsBuilder.EnableSensitiveDataLogging' to see key values.
[2026-08-08 03:20:11.343 DBG] [0HNNKNSO8HTMU:00000006] Microsoft.EntityFrameworkCore.ChangeTracking: Context 'ApplicationDbContext' started tracking 'SlideConfig' entity. Consider using 'DbContextOptionsBuilder.EnableSensitiveDataLogging' to see key values.
[2026-08-08 03:20:11.343 DBG] [0HNNKNSO8HTMU:00000006] Microsoft.EntityFrameworkCore.Database.Command: Closing data reader to 'supportroom' on server 'tcp://localhost:5432'.
[2026-08-08 03:20:11.343 DBG] [0HNNKNSO8HTMU:00000006] Microsoft.EntityFrameworkCore.Database.Command: A data reader for 'supportroom' on server 'tcp://localhost:5432' is being disposed after spending 0ms reading results.
[2026-08-08 03:20:11.343 DBG] [0HNNKNSO8HTMU:00000006] Microsoft.EntityFrameworkCore.Database.Connection: Closing connection to database 'supportroom' on server 'tcp://localhost:5432'.
[2026-08-08 03:20:11.343 DBG] [0HNNKNSO8HTMU:00000006] Microsoft.EntityFrameworkCore.Database.Connection: Closed connection to database 'supportroom' on server 'tcp://localhost:5432' (0ms).
[2026-08-08 03:20:11.344 DBG] [0HNNKNSO8HTMU:00000006] Microsoft.EntityFrameworkCore.Database.Connection: Opening connection to database 'supportroom' on server 'tcp://localhost:5432'.
[2026-08-08 03:20:11.344 DBG] [0HNNKNSO8HTMU:00000006] Microsoft.EntityFrameworkCore.Database.Connection: Opened connection to database 'supportroom' on server 'tcp://localhost:5432'.
[2026-08-08 03:20:11.344 DBG] [0HNNKNSO8HTMU:00000006] Microsoft.EntityFrameworkCore.Database.Command: Creating DbCommand for 'ExecuteReader'.
[2026-08-08 03:20:11.344 DBG] [0HNNKNSO8HTMU:00000006] Microsoft.EntityFrameworkCore.Database.Command: Created DbCommand for 'ExecuteReader' (0ms).
[2026-08-08 03:20:11.344 DBG] [0HNNKNSO8HTMU:00000006] Microsoft.EntityFrameworkCore.Database.Command: Initialized DbCommand for 'ExecuteReader' (0ms).
[2026-08-08 03:20:11.344 DBG] [0HNNKNSO8HTMU:00000006] Microsoft.EntityFrameworkCore.Database.Command: Executing DbCommand [Parameters=[@lessonId='?'], CommandType='Text', CommandTimeout='30']
SELECT d."Id", d."ContentType", d."CreateBy", d."CreateDate", d."DeleteBy", d."DeletedAt", d."FileName", d."IndexedChunkCount", d."IndexingStatus", d."IsDelete", d."LessonId", d."ObsBucket", d."ObsKey", d."SizeBytes", d."UpdateBy", d."UpdateDate"
FROM "DocumentResource" AS d
WHERE d."LessonId" = @lessonId
ORDER BY d."CreateDate" DESC
[2026-08-08 03:20:11.346 INF] [0HNNKNSO8HTMU:00000006] Microsoft.EntityFrameworkCore.Database.Command: Executed DbCommand (2ms) [Parameters=[@lessonId='?'], CommandType='Text', CommandTimeout='30']
SELECT d."Id", d."ContentType", d."CreateBy", d."CreateDate", d."DeleteBy", d."DeletedAt", d."FileName", d."IndexedChunkCount", d."IndexingStatus", d."IsDelete", d."LessonId", d."ObsBucket", d."ObsKey", d."SizeBytes", d."UpdateBy", d."UpdateDate"
FROM "DocumentResource" AS d
WHERE d."LessonId" = @lessonId
ORDER BY d."CreateDate" DESC
[2026-08-08 03:20:11.346 DBG] [0HNNKNSO8HTMU:00000006] Microsoft.EntityFrameworkCore.ChangeTracking: Context 'ApplicationDbContext' started tracking 'DocumentResource' entity. Consider using 'DbContextOptionsBuilder.EnableSensitiveDataLogging' to see key values.
[2026-08-08 03:20:11.347 DBG] [0HNNKNSO8HTMU:00000006] Microsoft.EntityFrameworkCore.Database.Command: Closing data reader to 'supportroom' on server 'tcp://localhost:5432'.
[2026-08-08 03:20:11.347 DBG] [0HNNKNSO8HTMU:00000006] Microsoft.EntityFrameworkCore.Database.Command: A data reader for 'supportroom' on server 'tcp://localhost:5432' is being disposed after spending 0ms reading results.
[2026-08-08 03:20:11.347 DBG] [0HNNKNSO8HTMU:00000006] Microsoft.EntityFrameworkCore.Database.Connection: Closing connection to database 'supportroom' on server 'tcp://localhost:5432'.
[2026-08-08 03:20:11.347 DBG] [0HNNKNSO8HTMU:00000006] Microsoft.EntityFrameworkCore.Database.Connection: Closed connection to database 'supportroom' on server 'tcp://localhost:5432' (0ms).
[2026-08-08 03:20:11.347 INF] [0HNNKNSO8HTMU:00000006] Serilog.AspNetCore.RequestLoggingMiddleware: HTTP GET /api/documents responded 200 in 7.5023 ms
[2026-08-08 03:20:11.347 DBG] [] Microsoft.EntityFrameworkCore.Infrastructure: 'ApplicationDbContext' disposed.
[2026-08-08 03:20:11.347 DBG] [] Microsoft.EntityFrameworkCore.Database.Connection: Disposing connection to database 'supportroom' on server 'tcp://localhost:5432'.
[2026-08-08 03:20:11.347 DBG] [] Microsoft.EntityFrameworkCore.Database.Connection: Disposed connection to database 'supportroom' on server 'tcp://localhost:5432' (0ms).
[2026-08-08 03:20:15.869 INF] [0HNNKNSO8HTMU:00000007] Serilog.AspNetCore.RequestLoggingMiddleware: HTTP OPTIONS /api/lessons responded 204 in 0.2029 ms
[2026-08-08 03:20:15.885 DBG] [0HNNKNSO8HTMU:00000008] Microsoft.EntityFrameworkCore.Infrastructure: Entity Framework Core 10.0.10 initialized 'ApplicationDbContext' using provider 'Npgsql.EntityFrameworkCore.PostgreSQL:10.0.3+5e912bf071068a44e5abbdab497b313ba99d3ee1' with options: None
[2026-08-08 03:20:15.914 DBG] [0HNNKNSO8HTMU:00000008] Microsoft.EntityFrameworkCore.Database.Connection: Creating DbConnection.
[2026-08-08 03:20:15.914 DBG] [0HNNKNSO8HTMU:00000008] Microsoft.EntityFrameworkCore.Database.Connection: Created DbConnection. (0ms).
[2026-08-08 03:20:15.914 DBG] [0HNNKNSO8HTMU:00000008] Microsoft.EntityFrameworkCore.Database.Connection: Opening connection to database 'supportroom' on server 'tcp://localhost:5432'.
[2026-08-08 03:20:15.914 DBG] [0HNNKNSO8HTMU:00000008] Microsoft.EntityFrameworkCore.Database.Connection: Opened connection to database 'supportroom' on server 'tcp://localhost:5432'.
[2026-08-08 03:20:15.914 DBG] [0HNNKNSO8HTMU:00000008] Microsoft.EntityFrameworkCore.Database.Command: Creating DbCommand for 'ExecuteReader'.
[2026-08-08 03:20:15.914 DBG] [0HNNKNSO8HTMU:00000008] Microsoft.EntityFrameworkCore.Database.Command: Created DbCommand for 'ExecuteReader' (0ms).
[2026-08-08 03:20:15.914 DBG] [0HNNKNSO8HTMU:00000008] Microsoft.EntityFrameworkCore.Database.Command: Initialized DbCommand for 'ExecuteReader' (0ms).
[2026-08-08 03:20:15.914 DBG] [0HNNKNSO8HTMU:00000008] Microsoft.EntityFrameworkCore.Database.Command: Executing DbCommand [Parameters=[@slug='?'], CommandType='Text', CommandTimeout='30']
SELECT l."Id", l."BreathPauseMs", l."CreateBy", l."CreateDate", l."DeleteBy", l."DeletedAt", l."Description", l."FinalQuestionWaitMs", l."IntroWaitMs", l."IsActive", l."IsDelete", l."PresentationId", l."SlidesEmbedUrl", l."SlidesSourceUrl", l."Slug", l."Title", l."UpdateBy", l."UpdateDate", l."SlideConfigs"
FROM "LessonConfig" AS l
WHERE l."Slug" = @slug
LIMIT 2
[2026-08-08 03:20:15.916 INF] [0HNNKNSO8HTMU:00000008] Microsoft.EntityFrameworkCore.Database.Command: Executed DbCommand (2ms) [Parameters=[@slug='?'], CommandType='Text', CommandTimeout='30']
SELECT l."Id", l."BreathPauseMs", l."CreateBy", l."CreateDate", l."DeleteBy", l."DeletedAt", l."Description", l."FinalQuestionWaitMs", l."IntroWaitMs", l."IsActive", l."IsDelete", l."PresentationId", l."SlidesEmbedUrl", l."SlidesSourceUrl", l."Slug", l."Title", l."UpdateBy", l."UpdateDate", l."SlideConfigs"
FROM "LessonConfig" AS l
WHERE l."Slug" = @slug
LIMIT 2
[2026-08-08 03:20:15.916 DBG] [0HNNKNSO8HTMU:00000008] Microsoft.EntityFrameworkCore.ChangeTracking: Context 'ApplicationDbContext' started tracking 'LessonConfig' entity. Consider using 'DbContextOptionsBuilder.EnableSensitiveDataLogging' to see key values.
[2026-08-08 03:20:15.917 DBG] [0HNNKNSO8HTMU:00000008] Microsoft.EntityFrameworkCore.ChangeTracking: Context 'ApplicationDbContext' started tracking 'SlideConfig' entity. Consider using 'DbContextOptionsBuilder.EnableSensitiveDataLogging' to see key values.
[2026-08-08 03:20:15.917 DBG] [0HNNKNSO8HTMU:00000008] Microsoft.EntityFrameworkCore.ChangeTracking: Context 'ApplicationDbContext' started tracking 'SlideConfig' entity. Consider using 'DbContextOptionsBuilder.EnableSensitiveDataLogging' to see key values.
[2026-08-08 03:20:15.917 DBG] [0HNNKNSO8HTMU:00000008] Microsoft.EntityFrameworkCore.ChangeTracking: Context 'ApplicationDbContext' started tracking 'SlideConfig' entity. Consider using 'DbContextOptionsBuilder.EnableSensitiveDataLogging' to see key values.
[2026-08-08 03:20:15.917 DBG] [0HNNKNSO8HTMU:00000008] Microsoft.EntityFrameworkCore.ChangeTracking: Context 'ApplicationDbContext' started tracking 'SlideConfig' entity. Consider using 'DbContextOptionsBuilder.EnableSensitiveDataLogging' to see key values.
[2026-08-08 03:20:15.917 DBG] [0HNNKNSO8HTMU:00000008] Microsoft.EntityFrameworkCore.ChangeTracking: Context 'ApplicationDbContext' started tracking 'SlideConfig' entity. Consider using 'DbContextOptionsBuilder.EnableSensitiveDataLogging' to see key values.
[2026-08-08 03:20:15.917 DBG] [0HNNKNSO8HTMU:00000008] Microsoft.EntityFrameworkCore.ChangeTracking: Context 'ApplicationDbContext' started tracking 'SlideConfig' entity. Consider using 'DbContextOptionsBuilder.EnableSensitiveDataLogging' to see key values.
[2026-08-08 03:20:15.917 DBG] [0HNNKNSO8HTMU:00000008] Microsoft.EntityFrameworkCore.Database.Command: Closing data reader to 'supportroom' on server 'tcp://localhost:5432'.
[2026-08-08 03:20:15.917 DBG] [0HNNKNSO8HTMU:00000008] Microsoft.EntityFrameworkCore.Database.Command: A data reader for 'supportroom' on server 'tcp://localhost:5432' is being disposed after spending 0ms reading results.
[2026-08-08 03:20:15.917 DBG] [0HNNKNSO8HTMU:00000008] Microsoft.EntityFrameworkCore.Database.Connection: Closing connection to database 'supportroom' on server 'tcp://localhost:5432'.
[2026-08-08 03:20:15.917 DBG] [0HNNKNSO8HTMU:00000008] Microsoft.EntityFrameworkCore.Database.Connection: Closed connection to database 'supportroom' on server 'tcp://localhost:5432' (0ms).
[2026-08-08 03:20:15.936 DBG] [0HNNKNSO8HTMU:00000008] Microsoft.EntityFrameworkCore.ChangeTracking: An entity of type 'LessonConfig' tracked by 'ApplicationDbContext' changed state from 'Unchanged' to 'Modified'. Consider using 'DbContextOptionsBuilder.EnableSensitiveDataLogging' to see key values.
[2026-08-08 03:20:15.936 DBG] [0HNNKNSO8HTMU:00000008] Microsoft.EntityFrameworkCore.Update: SaveChanges starting for 'ApplicationDbContext'.
[2026-08-08 03:20:15.936 DBG] [0HNNKNSO8HTMU:00000008] Microsoft.EntityFrameworkCore.ChangeTracking: DetectChanges starting for 'ApplicationDbContext'.
[2026-08-08 03:20:15.945 DBG] [0HNNKNSO8HTMU:00000008] Microsoft.EntityFrameworkCore.ChangeTracking: 6 entities were added and 6 entities were removed from navigation 'LessonConfig.SlideConfigs'. Consider using 'DbContextOptionsBuilder.EnableSensitiveDataLogging' to see key values.
[2026-08-08 03:20:15.949 DBG] [0HNNKNSO8HTMU:00000008] Microsoft.EntityFrameworkCore.ChangeTracking: An entity of type 'SlideConfig' tracked by 'ApplicationDbContext' changed state from 'Unchanged' to 'Deleted'. Consider using 'DbContextOptionsBuilder.EnableSensitiveDataLogging' to see key values.
[2026-08-08 03:20:15.954 DBG] [0HNNKNSO8HTMU:00000008] Microsoft.EntityFrameworkCore.ChangeTracking: An entity of type 'SlideConfig' tracked by 'ApplicationDbContext' changed state from 'Unchanged' to 'Deleted'. Consider using 'DbContextOptionsBuilder.EnableSensitiveDataLogging' to see key values.
[2026-08-08 03:20:15.955 DBG] [0HNNKNSO8HTMU:00000008] Microsoft.EntityFrameworkCore.ChangeTracking: An entity of type 'SlideConfig' tracked by 'ApplicationDbContext' changed state from 'Unchanged' to 'Deleted'. Consider using 'DbContextOptionsBuilder.EnableSensitiveDataLogging' to see key values.
[2026-08-08 03:20:15.955 DBG] [0HNNKNSO8HTMU:00000008] Microsoft.EntityFrameworkCore.ChangeTracking: An entity of type 'SlideConfig' tracked by 'ApplicationDbContext' changed state from 'Unchanged' to 'Deleted'. Consider using 'DbContextOptionsBuilder.EnableSensitiveDataLogging' to see key values.
[2026-08-08 03:20:15.955 DBG] [0HNNKNSO8HTMU:00000008] Microsoft.EntityFrameworkCore.ChangeTracking: An entity of type 'SlideConfig' tracked by 'ApplicationDbContext' changed state from 'Unchanged' to 'Deleted'. Consider using 'DbContextOptionsBuilder.EnableSensitiveDataLogging' to see key values.
[2026-08-08 03:20:15.955 DBG] [0HNNKNSO8HTMU:00000008] Microsoft.EntityFrameworkCore.ChangeTracking: An entity of type 'SlideConfig' tracked by 'ApplicationDbContext' changed state from 'Unchanged' to 'Deleted'. Consider using 'DbContextOptionsBuilder.EnableSensitiveDataLogging' to see key values.
[2026-08-08 03:20:15.976 DBG] [0HNNKNSO8HTMU:00000008] Microsoft.EntityFrameworkCore.ChangeTracking: 'ApplicationDbContext' generated a temporary value for the property 'SlideConfig.__synthesizedOrdinal'. Consider using 'DbContextOptionsBuilder.EnableSensitiveDataLogging' to see key values.
[2026-08-08 03:20:15.981 DBG] [0HNNKNSO8HTMU:00000008] Microsoft.EntityFrameworkCore.ChangeTracking: Context 'ApplicationDbContext' started tracking 'SlideConfig' entity. Consider using 'DbContextOptionsBuilder.EnableSensitiveDataLogging' to see key values.
[2026-08-08 03:20:15.982 DBG] [0HNNKNSO8HTMU:00000008] Microsoft.EntityFrameworkCore.ChangeTracking: 'ApplicationDbContext' generated a temporary value for the property 'SlideConfig.__synthesizedOrdinal'. Consider using 'DbContextOptionsBuilder.EnableSensitiveDataLogging' to see key values.
[2026-08-08 03:20:15.983 DBG] [0HNNKNSO8HTMU:00000008] Microsoft.EntityFrameworkCore.ChangeTracking: Context 'ApplicationDbContext' started tracking 'SlideConfig' entity. Consider using 'DbContextOptionsBuilder.EnableSensitiveDataLogging' to see key values.
[2026-08-08 03:20:15.983 DBG] [0HNNKNSO8HTMU:00000008] Microsoft.EntityFrameworkCore.ChangeTracking: 'ApplicationDbContext' generated a temporary value for the property 'SlideConfig.__synthesizedOrdinal'. Consider using 'DbContextOptionsBuilder.EnableSensitiveDataLogging' to see key values.
[2026-08-08 03:20:15.983 DBG] [0HNNKNSO8HTMU:00000008] Microsoft.EntityFrameworkCore.ChangeTracking: Context 'ApplicationDbContext' started tracking 'SlideConfig' entity. Consider using 'DbContextOptionsBuilder.EnableSensitiveDataLogging' to see key values.
[2026-08-08 03:20:15.983 DBG] [0HNNKNSO8HTMU:00000008] Microsoft.EntityFrameworkCore.ChangeTracking: 'ApplicationDbContext' generated a temporary value for the property 'SlideConfig.__synthesizedOrdinal'. Consider using 'DbContextOptionsBuilder.EnableSensitiveDataLogging' to see key values.
[2026-08-08 03:20:15.983 DBG] [0HNNKNSO8HTMU:00000008] Microsoft.EntityFrameworkCore.ChangeTracking: Context 'ApplicationDbContext' started tracking 'SlideConfig' entity. Consider using 'DbContextOptionsBuilder.EnableSensitiveDataLogging' to see key values.
[2026-08-08 03:20:15.983 DBG] [0HNNKNSO8HTMU:00000008] Microsoft.EntityFrameworkCore.ChangeTracking: 'ApplicationDbContext' generated a temporary value for the property 'SlideConfig.__synthesizedOrdinal'. Consider using 'DbContextOptionsBuilder.EnableSensitiveDataLogging' to see key values.
[2026-08-08 03:20:15.983 DBG] [0HNNKNSO8HTMU:00000008] Microsoft.EntityFrameworkCore.ChangeTracking: Context 'ApplicationDbContext' started tracking 'SlideConfig' entity. Consider using 'DbContextOptionsBuilder.EnableSensitiveDataLogging' to see key values.
[2026-08-08 03:20:15.983 DBG] [0HNNKNSO8HTMU:00000008] Microsoft.EntityFrameworkCore.ChangeTracking: 'ApplicationDbContext' generated a temporary value for the property 'SlideConfig.__synthesizedOrdinal'. Consider using 'DbContextOptionsBuilder.EnableSensitiveDataLogging' to see key values.
[2026-08-08 03:20:15.984 DBG] [0HNNKNSO8HTMU:00000008] Microsoft.EntityFrameworkCore.ChangeTracking: Context 'ApplicationDbContext' started tracking 'SlideConfig' entity. Consider using 'DbContextOptionsBuilder.EnableSensitiveDataLogging' to see key values.
[2026-08-08 03:20:15.984 DBG] [0HNNKNSO8HTMU:00000008] Microsoft.EntityFrameworkCore.ChangeTracking: DetectChanges completed for 'ApplicationDbContext'.
[2026-08-08 03:20:16.031 DBG] [0HNNKNSO8HTMU:00000008] Microsoft.EntityFrameworkCore.ChangeTracking: The foreign key property 'SlideConfig.__synthesizedOrdinal' was detected as changed. Consider using 'DbContextOptionsBuilder.EnableSensitiveDataLogging' to see property values.
[2026-08-08 03:20:16.038 DBG] [0HNNKNSO8HTMU:00000008] Microsoft.EntityFrameworkCore.ChangeTracking: The foreign key property 'SlideConfig.__synthesizedOrdinal' was detected as changed. Consider using 'DbContextOptionsBuilder.EnableSensitiveDataLogging' to see property values.
[2026-08-08 03:20:16.039 DBG] [0HNNKNSO8HTMU:00000008] Microsoft.EntityFrameworkCore.ChangeTracking: The foreign key property 'SlideConfig.__synthesizedOrdinal' was detected as changed. Consider using 'DbContextOptionsBuilder.EnableSensitiveDataLogging' to see property values.
[2026-08-08 03:20:16.039 DBG] [0HNNKNSO8HTMU:00000008] Microsoft.EntityFrameworkCore.ChangeTracking: The foreign key property 'SlideConfig.__synthesizedOrdinal' was detected as changed. Consider using 'DbContextOptionsBuilder.EnableSensitiveDataLogging' to see property values.
[2026-08-08 03:20:16.039 DBG] [0HNNKNSO8HTMU:00000008] Microsoft.EntityFrameworkCore.ChangeTracking: The foreign key property 'SlideConfig.__synthesizedOrdinal' was detected as changed. Consider using 'DbContextOptionsBuilder.EnableSensitiveDataLogging' to see property values.
[2026-08-08 03:20:16.039 DBG] [0HNNKNSO8HTMU:00000008] Microsoft.EntityFrameworkCore.ChangeTracking: The foreign key property 'SlideConfig.__synthesizedOrdinal' was detected as changed. Consider using 'DbContextOptionsBuilder.EnableSensitiveDataLogging' to see property values.
[2026-08-08 03:20:16.040 DBG] [0HNNKNSO8HTMU:00000008] Microsoft.EntityFrameworkCore.Database.Connection: Opening connection to database 'supportroom' on server 'tcp://localhost:5432'.
[2026-08-08 03:20:16.040 DBG] [0HNNKNSO8HTMU:00000008] Microsoft.EntityFrameworkCore.Database.Connection: Opened connection to database 'supportroom' on server 'tcp://localhost:5432'.
[2026-08-08 03:20:16.040 DBG] [0HNNKNSO8HTMU:00000008] Microsoft.EntityFrameworkCore.Database.Command: Creating DbCommand for 'ExecuteReader'.
[2026-08-08 03:20:16.040 DBG] [0HNNKNSO8HTMU:00000008] Microsoft.EntityFrameworkCore.Database.Command: Created DbCommand for 'ExecuteReader' (0ms).
[2026-08-08 03:20:16.041 DBG] [0HNNKNSO8HTMU:00000008] Microsoft.EntityFrameworkCore.Database.Command: Initialized DbCommand for 'ExecuteReader' (0ms).
[2026-08-08 03:20:16.041 DBG] [0HNNKNSO8HTMU:00000008] Microsoft.EntityFrameworkCore.Database.Command: Executing DbCommand [Parameters=[@p0='?' (DbType = Object), @p18='?', @p1='?' (DbType = Int32), @p2='?', @p3='?' (DbType = DateTime), @p4='?', @p5='?' (DbType = DateTime), @p6='?', @p7='?' (DbType = Int32), @p8='?' (DbType = Int32), @p9='?' (DbType = Boolean), @p10='?' (DbType = Boolean), @p11='?', @p12='?', @p13='?', @p14='?', @p15='?', @p16='?', @p17='?' (DbType = DateTime)], CommandType='Text', CommandTimeout='30']
UPDATE "LessonConfig" SET "SlideConfigs" = @p0, "BreathPauseMs" = @p1, "CreateBy" = @p2, "CreateDate" = @p3, "DeleteBy" = @p4, "DeletedAt" = @p5, "Description" = @p6, "FinalQuestionWaitMs" = @p7, "IntroWaitMs" = @p8, "IsActive" = @p9, "IsDelete" = @p10, "PresentationId" = @p11, "SlidesEmbedUrl" = @p12, "SlidesSourceUrl" = @p13, "Slug" = @p14, "Title" = @p15, "UpdateBy" = @p16, "UpdateDate" = @p17
WHERE "Id" = @p18;
[2026-08-08 03:20:16.052 INF] [0HNNKNSO8HTMU:00000008] Microsoft.EntityFrameworkCore.Database.Command: Executed DbCommand (11ms) [Parameters=[@p0='?' (DbType = Object), @p18='?', @p1='?' (DbType = Int32), @p2='?', @p3='?' (DbType = DateTime), @p4='?', @p5='?' (DbType = DateTime), @p6='?', @p7='?' (DbType = Int32), @p8='?' (DbType = Int32), @p9='?' (DbType = Boolean), @p10='?' (DbType = Boolean), @p11='?', @p12='?', @p13='?', @p14='?', @p15='?', @p16='?', @p17='?' (DbType = DateTime)], CommandType='Text', CommandTimeout='30']
UPDATE "LessonConfig" SET "SlideConfigs" = @p0, "BreathPauseMs" = @p1, "CreateBy" = @p2, "CreateDate" = @p3, "DeleteBy" = @p4, "DeletedAt" = @p5, "Description" = @p6, "FinalQuestionWaitMs" = @p7, "IntroWaitMs" = @p8, "IsActive" = @p9, "IsDelete" = @p10, "PresentationId" = @p11, "SlidesEmbedUrl" = @p12, "SlidesSourceUrl" = @p13, "Slug" = @p14, "Title" = @p15, "UpdateBy" = @p16, "UpdateDate" = @p17
WHERE "Id" = @p18;
[2026-08-08 03:20:16.052 DBG] [0HNNKNSO8HTMU:00000008] Microsoft.EntityFrameworkCore.Database.Command: Closing data reader to 'supportroom' on server 'tcp://localhost:5432'.
[2026-08-08 03:20:16.052 DBG] [0HNNKNSO8HTMU:00000008] Microsoft.EntityFrameworkCore.Database.Command: A data reader for 'supportroom' on server 'tcp://localhost:5432' is being disposed after spending 0ms reading results.
[2026-08-08 03:20:16.052 DBG] [0HNNKNSO8HTMU:00000008] Microsoft.EntityFrameworkCore.Database.Connection: Closing connection to database 'supportroom' on server 'tcp://localhost:5432'.
[2026-08-08 03:20:16.052 DBG] [0HNNKNSO8HTMU:00000008] Microsoft.EntityFrameworkCore.Database.Connection: Closed connection to database 'supportroom' on server 'tcp://localhost:5432' (0ms).
[2026-08-08 03:20:16.052 DBG] [0HNNKNSO8HTMU:00000008] Microsoft.EntityFrameworkCore.ChangeTracking: An entity of type 'SlideConfig' tracked by 'ApplicationDbContext' changed state from 'Added' to 'Unchanged'. Consider using 'DbContextOptionsBuilder.EnableSensitiveDataLogging' to see key values.
[2026-08-08 03:20:16.055 DBG] [0HNNKNSO8HTMU:00000008] Microsoft.EntityFrameworkCore.ChangeTracking: An entity of type 'SlideConfig' tracked by 'ApplicationDbContext' changed state from 'Deleted' to 'Detached'. Consider using 'DbContextOptionsBuilder.EnableSensitiveDataLogging' to see key values.
[2026-08-08 03:20:16.055 DBG] [0HNNKNSO8HTMU:00000008] Microsoft.EntityFrameworkCore.ChangeTracking: An entity of type 'SlideConfig' tracked by 'ApplicationDbContext' changed state from 'Added' to 'Unchanged'. Consider using 'DbContextOptionsBuilder.EnableSensitiveDataLogging' to see key values.
[2026-08-08 03:20:16.056 DBG] [0HNNKNSO8HTMU:00000008] Microsoft.EntityFrameworkCore.ChangeTracking: An entity of type 'SlideConfig' tracked by 'ApplicationDbContext' changed state from 'Deleted' to 'Detached'. Consider using 'DbContextOptionsBuilder.EnableSensitiveDataLogging' to see key values.
[2026-08-08 03:20:16.056 DBG] [0HNNKNSO8HTMU:00000008] Microsoft.EntityFrameworkCore.ChangeTracking: An entity of type 'SlideConfig' tracked by 'ApplicationDbContext' changed state from 'Added' to 'Unchanged'. Consider using 'DbContextOptionsBuilder.EnableSensitiveDataLogging' to see key values.
[2026-08-08 03:20:16.056 DBG] [0HNNKNSO8HTMU:00000008] Microsoft.EntityFrameworkCore.ChangeTracking: An entity of type 'SlideConfig' tracked by 'ApplicationDbContext' changed state from 'Deleted' to 'Detached'. Consider using 'DbContextOptionsBuilder.EnableSensitiveDataLogging' to see key values.
[2026-08-08 03:20:16.056 DBG] [0HNNKNSO8HTMU:00000008] Microsoft.EntityFrameworkCore.ChangeTracking: An entity of type 'SlideConfig' tracked by 'ApplicationDbContext' changed state from 'Added' to 'Unchanged'. Consider using 'DbContextOptionsBuilder.EnableSensitiveDataLogging' to see key values.
[2026-08-08 03:20:16.056 DBG] [0HNNKNSO8HTMU:00000008] Microsoft.EntityFrameworkCore.ChangeTracking: An entity of type 'SlideConfig' tracked by 'ApplicationDbContext' changed state from 'Deleted' to 'Detached'. Consider using 'DbContextOptionsBuilder.EnableSensitiveDataLogging' to see key values.
[2026-08-08 03:20:16.056 DBG] [0HNNKNSO8HTMU:00000008] Microsoft.EntityFrameworkCore.ChangeTracking: An entity of type 'SlideConfig' tracked by 'ApplicationDbContext' changed state from 'Added' to 'Unchanged'. Consider using 'DbContextOptionsBuilder.EnableSensitiveDataLogging' to see key values.
[2026-08-08 03:20:16.056 DBG] [0HNNKNSO8HTMU:00000008] Microsoft.EntityFrameworkCore.ChangeTracking: An entity of type 'SlideConfig' tracked by 'ApplicationDbContext' changed state from 'Deleted' to 'Detached'. Consider using 'DbContextOptionsBuilder.EnableSensitiveDataLogging' to see key values.
[2026-08-08 03:20:16.056 DBG] [0HNNKNSO8HTMU:00000008] Microsoft.EntityFrameworkCore.ChangeTracking: An entity of type 'SlideConfig' tracked by 'ApplicationDbContext' changed state from 'Added' to 'Unchanged'. Consider using 'DbContextOptionsBuilder.EnableSensitiveDataLogging' to see key values.
[2026-08-08 03:20:16.056 DBG] [0HNNKNSO8HTMU:00000008] Microsoft.EntityFrameworkCore.ChangeTracking: An entity of type 'SlideConfig' tracked by 'ApplicationDbContext' changed state from 'Deleted' to 'Detached'. Consider using 'DbContextOptionsBuilder.EnableSensitiveDataLogging' to see key values.
[2026-08-08 03:20:16.056 DBG] [0HNNKNSO8HTMU:00000008] Microsoft.EntityFrameworkCore.ChangeTracking: An entity of type 'LessonConfig' tracked by 'ApplicationDbContext' changed state from 'Modified' to 'Unchanged'. Consider using 'DbContextOptionsBuilder.EnableSensitiveDataLogging' to see key values.
[2026-08-08 03:20:16.056 DBG] [0HNNKNSO8HTMU:00000008] Microsoft.EntityFrameworkCore.Update: SaveChanges completed for 'ApplicationDbContext' with 1 entities written to the database.
[2026-08-08 03:20:16.057 INF] [0HNNKNSO8HTMU:00000008] SupportRoom.Application.Services.ILessonConfigService: Lesson updated: login-mobile-test slides=6
[2026-08-08 03:20:16.059 INF] [0HNNKNSO8HTMU:00000008] SupportRoom.Application.Services.IKnowledgeIndexingService: Indexed 6 chunks into knowledge namespace login-mobile-test
[2026-08-08 03:20:16.061 INF] [0HNNKNSO8HTMU:00000008] Serilog.AspNetCore.RequestLoggingMiddleware: HTTP POST /api/lessons responded 200 in 190.1456 ms
[2026-08-08 03:20:16.061 DBG] [] Microsoft.EntityFrameworkCore.Infrastructure: 'ApplicationDbContext' disposed.
[2026-08-08 03:20:16.061 DBG] [] Microsoft.EntityFrameworkCore.Database.Connection: Disposing connection to database 'supportroom' on server 'tcp://localhost:5432'.
[2026-08-08 03:20:16.061 DBG] [] Microsoft.EntityFrameworkCore.Database.Connection: Disposed connection to database 'supportroom' on server 'tcp://localhost:5432' (0ms).
[2026-08-08 03:20:26.069 INF] [0HNNKNSO8HTMU:00000009] Serilog.AspNetCore.RequestLoggingMiddleware: HTTP OPTIONS /api/lessons responded 204 in 0.0424 ms
[2026-08-08 03:20:26.072 DBG] [0HNNKNSO8HTMU:0000000A] Microsoft.EntityFrameworkCore.Infrastructure: Entity Framework Core 10.0.10 initialized 'ApplicationDbContext' using provider 'Npgsql.EntityFrameworkCore.PostgreSQL:10.0.3+5e912bf071068a44e5abbdab497b313ba99d3ee1' with options: None
[2026-08-08 03:20:26.073 DBG] [0HNNKNSO8HTMU:0000000A] Microsoft.EntityFrameworkCore.Database.Connection: Creating DbConnection.
[2026-08-08 03:20:26.073 DBG] [0HNNKNSO8HTMU:0000000A] Microsoft.EntityFrameworkCore.Database.Connection: Created DbConnection. (0ms).
[2026-08-08 03:20:26.073 DBG] [0HNNKNSO8HTMU:0000000A] Microsoft.EntityFrameworkCore.Database.Connection: Opening connection to database 'supportroom' on server 'tcp://localhost:5432'.
[2026-08-08 03:20:26.073 DBG] [0HNNKNSO8HTMU:0000000A] Microsoft.EntityFrameworkCore.Database.Connection: Opened connection to database 'supportroom' on server 'tcp://localhost:5432'.
[2026-08-08 03:20:26.073 DBG] [0HNNKNSO8HTMU:0000000A] Microsoft.EntityFrameworkCore.Database.Command: Creating DbCommand for 'ExecuteReader'.
[2026-08-08 03:20:26.073 DBG] [0HNNKNSO8HTMU:0000000A] Microsoft.EntityFrameworkCore.Database.Command: Created DbCommand for 'ExecuteReader' (0ms).
[2026-08-08 03:20:26.073 DBG] [0HNNKNSO8HTMU:0000000A] Microsoft.EntityFrameworkCore.Database.Command: Initialized DbCommand for 'ExecuteReader' (0ms).
[2026-08-08 03:20:26.073 DBG] [0HNNKNSO8HTMU:0000000A] Microsoft.EntityFrameworkCore.Database.Command: Executing DbCommand [Parameters=[@slug='?'], CommandType='Text', CommandTimeout='30']
SELECT l."Id", l."BreathPauseMs", l."CreateBy", l."CreateDate", l."DeleteBy", l."DeletedAt", l."Description", l."FinalQuestionWaitMs", l."IntroWaitMs", l."IsActive", l."IsDelete", l."PresentationId", l."SlidesEmbedUrl", l."SlidesSourceUrl", l."Slug", l."Title", l."UpdateBy", l."UpdateDate", l."SlideConfigs"
FROM "LessonConfig" AS l
WHERE l."Slug" = @slug
LIMIT 2
[2026-08-08 03:20:26.076 INF] [0HNNKNSO8HTMU:0000000A] Microsoft.EntityFrameworkCore.Database.Command: Executed DbCommand (2ms) [Parameters=[@slug='?'], CommandType='Text', CommandTimeout='30']
SELECT l."Id", l."BreathPauseMs", l."CreateBy", l."CreateDate", l."DeleteBy", l."DeletedAt", l."Description", l."FinalQuestionWaitMs", l."IntroWaitMs", l."IsActive", l."IsDelete", l."PresentationId", l."SlidesEmbedUrl", l."SlidesSourceUrl", l."Slug", l."Title", l."UpdateBy", l."UpdateDate", l."SlideConfigs"
FROM "LessonConfig" AS l
WHERE l."Slug" = @slug
LIMIT 2
[2026-08-08 03:20:26.076 DBG] [0HNNKNSO8HTMU:0000000A] Microsoft.EntityFrameworkCore.ChangeTracking: Context 'ApplicationDbContext' started tracking 'LessonConfig' entity. Consider using 'DbContextOptionsBuilder.EnableSensitiveDataLogging' to see key values.
[2026-08-08 03:20:26.076 DBG] [0HNNKNSO8HTMU:0000000A] Microsoft.EntityFrameworkCore.ChangeTracking: Context 'ApplicationDbContext' started tracking 'SlideConfig' entity. Consider using 'DbContextOptionsBuilder.EnableSensitiveDataLogging' to see key values.
[2026-08-08 03:20:26.076 DBG] [0HNNKNSO8HTMU:0000000A] Microsoft.EntityFrameworkCore.ChangeTracking: Context 'ApplicationDbContext' started tracking 'SlideConfig' entity. Consider using 'DbContextOptionsBuilder.EnableSensitiveDataLogging' to see key values.
[2026-08-08 03:20:26.076 DBG] [0HNNKNSO8HTMU:0000000A] Microsoft.EntityFrameworkCore.ChangeTracking: Context 'ApplicationDbContext' started tracking 'SlideConfig' entity. Consider using 'DbContextOptionsBuilder.EnableSensitiveDataLogging' to see key values.
[2026-08-08 03:20:26.076 DBG] [0HNNKNSO8HTMU:0000000A] Microsoft.EntityFrameworkCore.ChangeTracking: Context 'ApplicationDbContext' started tracking 'SlideConfig' entity. Consider using 'DbContextOptionsBuilder.EnableSensitiveDataLogging' to see key values.
[2026-08-08 03:20:26.077 DBG] [0HNNKNSO8HTMU:0000000A] Microsoft.EntityFrameworkCore.ChangeTracking: Context 'ApplicationDbContext' started tracking 'SlideConfig' entity. Consider using 'DbContextOptionsBuilder.EnableSensitiveDataLogging' to see key values.
[2026-08-08 03:20:26.077 DBG] [0HNNKNSO8HTMU:0000000A] Microsoft.EntityFrameworkCore.ChangeTracking: Context 'ApplicationDbContext' started tracking 'SlideConfig' entity. Consider using 'DbContextOptionsBuilder.EnableSensitiveDataLogging' to see key values.
[2026-08-08 03:20:26.077 DBG] [0HNNKNSO8HTMU:0000000A] Microsoft.EntityFrameworkCore.Database.Command: Closing data reader to 'supportroom' on server 'tcp://localhost:5432'.
[2026-08-08 03:20:26.077 DBG] [0HNNKNSO8HTMU:0000000A] Microsoft.EntityFrameworkCore.Database.Command: A data reader for 'supportroom' on server 'tcp://localhost:5432' is being disposed after spending 0ms reading results.
[2026-08-08 03:20:26.077 DBG] [0HNNKNSO8HTMU:0000000A] Microsoft.EntityFrameworkCore.Database.Connection: Closing connection to database 'supportroom' on server 'tcp://localhost:5432'.
[2026-08-08 03:20:26.077 DBG] [0HNNKNSO8HTMU:0000000A] Microsoft.EntityFrameworkCore.Database.Connection: Closed connection to database 'supportroom' on server 'tcp://localhost:5432' (0ms).
[2026-08-08 03:20:26.077 DBG] [0HNNKNSO8HTMU:0000000A] Microsoft.EntityFrameworkCore.ChangeTracking: An entity of type 'LessonConfig' tracked by 'ApplicationDbContext' changed state from 'Unchanged' to 'Modified'. Consider using 'DbContextOptionsBuilder.EnableSensitiveDataLogging' to see key values.
[2026-08-08 03:20:26.077 DBG] [0HNNKNSO8HTMU:0000000A] Microsoft.EntityFrameworkCore.Update: SaveChanges starting for 'ApplicationDbContext'.
[2026-08-08 03:20:26.078 DBG] [0HNNKNSO8HTMU:0000000A] Microsoft.EntityFrameworkCore.ChangeTracking: DetectChanges starting for 'ApplicationDbContext'.
[2026-08-08 03:20:26.078 DBG] [0HNNKNSO8HTMU:0000000A] Microsoft.EntityFrameworkCore.ChangeTracking: 6 entities were added and 6 entities were removed from navigation 'LessonConfig.SlideConfigs'. Consider using 'DbContextOptionsBuilder.EnableSensitiveDataLogging' to see key values.
[2026-08-08 03:20:26.078 DBG] [0HNNKNSO8HTMU:0000000A] Microsoft.EntityFrameworkCore.ChangeTracking: An entity of type 'SlideConfig' tracked by 'ApplicationDbContext' changed state from 'Unchanged' to 'Deleted'. Consider using 'DbContextOptionsBuilder.EnableSensitiveDataLogging' to see key values.
[2026-08-08 03:20:26.079 DBG] [0HNNKNSO8HTMU:0000000A] Microsoft.EntityFrameworkCore.ChangeTracking: An entity of type 'SlideConfig' tracked by 'ApplicationDbContext' changed state from 'Unchanged' to 'Deleted'. Consider using 'DbContextOptionsBuilder.EnableSensitiveDataLogging' to see key values.
[2026-08-08 03:20:26.079 DBG] [0HNNKNSO8HTMU:0000000A] Microsoft.EntityFrameworkCore.ChangeTracking: An entity of type 'SlideConfig' tracked by 'ApplicationDbContext' changed state from 'Unchanged' to 'Deleted'. Consider using 'DbContextOptionsBuilder.EnableSensitiveDataLogging' to see key values.
[2026-08-08 03:20:26.079 DBG] [0HNNKNSO8HTMU:0000000A] Microsoft.EntityFrameworkCore.ChangeTracking: An entity of type 'SlideConfig' tracked by 'ApplicationDbContext' changed state from 'Unchanged' to 'Deleted'. Consider using 'DbContextOptionsBuilder.EnableSensitiveDataLogging' to see key values.
[2026-08-08 03:20:26.079 DBG] [0HNNKNSO8HTMU:0000000A] Microsoft.EntityFrameworkCore.ChangeTracking: An entity of type 'SlideConfig' tracked by 'ApplicationDbContext' changed state from 'Unchanged' to 'Deleted'. Consider using 'DbContextOptionsBuilder.EnableSensitiveDataLogging' to see key values.
[2026-08-08 03:20:26.079 DBG] [0HNNKNSO8HTMU:0000000A] Microsoft.EntityFrameworkCore.ChangeTracking: An entity of type 'SlideConfig' tracked by 'ApplicationDbContext' changed state from 'Unchanged' to 'Deleted'. Consider using 'DbContextOptionsBuilder.EnableSensitiveDataLogging' to see key values.
[2026-08-08 03:20:26.079 DBG] [0HNNKNSO8HTMU:0000000A] Microsoft.EntityFrameworkCore.ChangeTracking: 'ApplicationDbContext' generated a temporary value for the property 'SlideConfig.__synthesizedOrdinal'. Consider using 'DbContextOptionsBuilder.EnableSensitiveDataLogging' to see key values.
[2026-08-08 03:20:26.079 DBG] [0HNNKNSO8HTMU:0000000A] Microsoft.EntityFrameworkCore.ChangeTracking: Context 'ApplicationDbContext' started tracking 'SlideConfig' entity. Consider using 'DbContextOptionsBuilder.EnableSensitiveDataLogging' to see key values.
[2026-08-08 03:20:26.079 DBG] [0HNNKNSO8HTMU:0000000A] Microsoft.EntityFrameworkCore.ChangeTracking: 'ApplicationDbContext' generated a temporary value for the property 'SlideConfig.__synthesizedOrdinal'. Consider using 'DbContextOptionsBuilder.EnableSensitiveDataLogging' to see key values.
[2026-08-08 03:20:26.080 DBG] [0HNNKNSO8HTMU:0000000A] Microsoft.EntityFrameworkCore.ChangeTracking: Context 'ApplicationDbContext' started tracking 'SlideConfig' entity. Consider using 'DbContextOptionsBuilder.EnableSensitiveDataLogging' to see key values.
[2026-08-08 03:20:26.080 DBG] [0HNNKNSO8HTMU:0000000A] Microsoft.EntityFrameworkCore.ChangeTracking: 'ApplicationDbContext' generated a temporary value for the property 'SlideConfig.__synthesizedOrdinal'. Consider using 'DbContextOptionsBuilder.EnableSensitiveDataLogging' to see key values.
[2026-08-08 03:20:26.080 DBG] [0HNNKNSO8HTMU:0000000A] Microsoft.EntityFrameworkCore.ChangeTracking: Context 'ApplicationDbContext' started tracking 'SlideConfig' entity. Consider using 'DbContextOptionsBuilder.EnableSensitiveDataLogging' to see key values.
[2026-08-08 03:20:26.080 DBG] [0HNNKNSO8HTMU:0000000A] Microsoft.EntityFrameworkCore.ChangeTracking: 'ApplicationDbContext' generated a temporary value for the property 'SlideConfig.__synthesizedOrdinal'. Consider using 'DbContextOptionsBuilder.EnableSensitiveDataLogging' to see key values.
[2026-08-08 03:20:26.080 DBG] [0HNNKNSO8HTMU:0000000A] Microsoft.EntityFrameworkCore.ChangeTracking: Context 'ApplicationDbContext' started tracking 'SlideConfig' entity. Consider using 'DbContextOptionsBuilder.EnableSensitiveDataLogging' to see key values.
[2026-08-08 03:20:26.080 DBG] [0HNNKNSO8HTMU:0000000A] Microsoft.EntityFrameworkCore.ChangeTracking: 'ApplicationDbContext' generated a temporary value for the property 'SlideConfig.__synthesizedOrdinal'. Consider using 'DbContextOptionsBuilder.EnableSensitiveDataLogging' to see key values.
[2026-08-08 03:20:26.081 DBG] [0HNNKNSO8HTMU:0000000A] Microsoft.EntityFrameworkCore.ChangeTracking: Context 'ApplicationDbContext' started tracking 'SlideConfig' entity. Consider using 'DbContextOptionsBuilder.EnableSensitiveDataLogging' to see key values.
[2026-08-08 03:20:26.081 DBG] [0HNNKNSO8HTMU:0000000A] Microsoft.EntityFrameworkCore.ChangeTracking: 'ApplicationDbContext' generated a temporary value for the property 'SlideConfig.__synthesizedOrdinal'. Consider using 'DbContextOptionsBuilder.EnableSensitiveDataLogging' to see key values.
[2026-08-08 03:20:26.081 DBG] [0HNNKNSO8HTMU:0000000A] Microsoft.EntityFrameworkCore.ChangeTracking: Context 'ApplicationDbContext' started tracking 'SlideConfig' entity. Consider using 'DbContextOptionsBuilder.EnableSensitiveDataLogging' to see key values.
[2026-08-08 03:20:26.081 DBG] [0HNNKNSO8HTMU:0000000A] Microsoft.EntityFrameworkCore.ChangeTracking: DetectChanges completed for 'ApplicationDbContext'.
[2026-08-08 03:20:26.082 DBG] [0HNNKNSO8HTMU:0000000A] Microsoft.EntityFrameworkCore.ChangeTracking: The foreign key property 'SlideConfig.__synthesizedOrdinal' was detected as changed. Consider using 'DbContextOptionsBuilder.EnableSensitiveDataLogging' to see property values.
[2026-08-08 03:20:26.083 DBG] [0HNNKNSO8HTMU:0000000A] Microsoft.EntityFrameworkCore.ChangeTracking: The foreign key property 'SlideConfig.__synthesizedOrdinal' was detected as changed. Consider using 'DbContextOptionsBuilder.EnableSensitiveDataLogging' to see property values.
[2026-08-08 03:20:26.083 DBG] [0HNNKNSO8HTMU:0000000A] Microsoft.EntityFrameworkCore.ChangeTracking: The foreign key property 'SlideConfig.__synthesizedOrdinal' was detected as changed. Consider using 'DbContextOptionsBuilder.EnableSensitiveDataLogging' to see property values.
[2026-08-08 03:20:26.083 DBG] [0HNNKNSO8HTMU:0000000A] Microsoft.EntityFrameworkCore.ChangeTracking: The foreign key property 'SlideConfig.__synthesizedOrdinal' was detected as changed. Consider using 'DbContextOptionsBuilder.EnableSensitiveDataLogging' to see property values.
[2026-08-08 03:20:26.083 DBG] [0HNNKNSO8HTMU:0000000A] Microsoft.EntityFrameworkCore.ChangeTracking: The foreign key property 'SlideConfig.__synthesizedOrdinal' was detected as changed. Consider using 'DbContextOptionsBuilder.EnableSensitiveDataLogging' to see property values.
[2026-08-08 03:20:26.083 DBG] [0HNNKNSO8HTMU:0000000A] Microsoft.EntityFrameworkCore.ChangeTracking: The foreign key property 'SlideConfig.__synthesizedOrdinal' was detected as changed. Consider using 'DbContextOptionsBuilder.EnableSensitiveDataLogging' to see property values.
[2026-08-08 03:20:26.083 DBG] [0HNNKNSO8HTMU:0000000A] Microsoft.EntityFrameworkCore.Database.Connection: Opening connection to database 'supportroom' on server 'tcp://localhost:5432'.
[2026-08-08 03:20:26.083 DBG] [0HNNKNSO8HTMU:0000000A] Microsoft.EntityFrameworkCore.Database.Connection: Opened connection to database 'supportroom' on server 'tcp://localhost:5432'.
[2026-08-08 03:20:26.084 DBG] [0HNNKNSO8HTMU:0000000A] Microsoft.EntityFrameworkCore.Database.Command: Creating DbCommand for 'ExecuteReader'.
[2026-08-08 03:20:26.084 DBG] [0HNNKNSO8HTMU:0000000A] Microsoft.EntityFrameworkCore.Database.Command: Created DbCommand for 'ExecuteReader' (0ms).
[2026-08-08 03:20:26.084 DBG] [0HNNKNSO8HTMU:0000000A] Microsoft.EntityFrameworkCore.Database.Command: Initialized DbCommand for 'ExecuteReader' (0ms).
[2026-08-08 03:20:26.084 DBG] [0HNNKNSO8HTMU:0000000A] Microsoft.EntityFrameworkCore.Database.Command: Executing DbCommand [Parameters=[@p0='?' (DbType = Object), @p18='?', @p1='?' (DbType = Int32), @p2='?', @p3='?' (DbType = DateTime), @p4='?', @p5='?' (DbType = DateTime), @p6='?', @p7='?' (DbType = Int32), @p8='?' (DbType = Int32), @p9='?' (DbType = Boolean), @p10='?' (DbType = Boolean), @p11='?', @p12='?', @p13='?', @p14='?', @p15='?', @p16='?', @p17='?' (DbType = DateTime)], CommandType='Text', CommandTimeout='30']
UPDATE "LessonConfig" SET "SlideConfigs" = @p0, "BreathPauseMs" = @p1, "CreateBy" = @p2, "CreateDate" = @p3, "DeleteBy" = @p4, "DeletedAt" = @p5, "Description" = @p6, "FinalQuestionWaitMs" = @p7, "IntroWaitMs" = @p8, "IsActive" = @p9, "IsDelete" = @p10, "PresentationId" = @p11, "SlidesEmbedUrl" = @p12, "SlidesSourceUrl" = @p13, "Slug" = @p14, "Title" = @p15, "UpdateBy" = @p16, "UpdateDate" = @p17
WHERE "Id" = @p18;
[2026-08-08 03:20:26.089 INF] [0HNNKNSO8HTMU:0000000A] Microsoft.EntityFrameworkCore.Database.Command: Executed DbCommand (5ms) [Parameters=[@p0='?' (DbType = Object), @p18='?', @p1='?' (DbType = Int32), @p2='?', @p3='?' (DbType = DateTime), @p4='?', @p5='?' (DbType = DateTime), @p6='?', @p7='?' (DbType = Int32), @p8='?' (DbType = Int32), @p9='?' (DbType = Boolean), @p10='?' (DbType = Boolean), @p11='?', @p12='?', @p13='?', @p14='?', @p15='?', @p16='?', @p17='?' (DbType = DateTime)], CommandType='Text', CommandTimeout='30']
UPDATE "LessonConfig" SET "SlideConfigs" = @p0, "BreathPauseMs" = @p1, "CreateBy" = @p2, "CreateDate" = @p3, "DeleteBy" = @p4, "DeletedAt" = @p5, "Description" = @p6, "FinalQuestionWaitMs" = @p7, "IntroWaitMs" = @p8, "IsActive" = @p9, "IsDelete" = @p10, "PresentationId" = @p11, "SlidesEmbedUrl" = @p12, "SlidesSourceUrl" = @p13, "Slug" = @p14, "Title" = @p15, "UpdateBy" = @p16, "UpdateDate" = @p17
WHERE "Id" = @p18;
[2026-08-08 03:20:26.089 DBG] [0HNNKNSO8HTMU:0000000A] Microsoft.EntityFrameworkCore.Database.Command: Closing data reader to 'supportroom' on server 'tcp://localhost:5432'.
[2026-08-08 03:20:26.089 DBG] [0HNNKNSO8HTMU:0000000A] Microsoft.EntityFrameworkCore.Database.Command: A data reader for 'supportroom' on server 'tcp://localhost:5432' is being disposed after spending 0ms reading results.
[2026-08-08 03:20:26.089 DBG] [0HNNKNSO8HTMU:0000000A] Microsoft.EntityFrameworkCore.Database.Connection: Closing connection to database 'supportroom' on server 'tcp://localhost:5432'.
[2026-08-08 03:20:26.089 DBG] [0HNNKNSO8HTMU:0000000A] Microsoft.EntityFrameworkCore.Database.Connection: Closed connection to database 'supportroom' on server 'tcp://localhost:5432' (0ms).
[2026-08-08 03:20:26.089 DBG] [0HNNKNSO8HTMU:0000000A] Microsoft.EntityFrameworkCore.ChangeTracking: An entity of type 'SlideConfig' tracked by 'ApplicationDbContext' changed state from 'Added' to 'Unchanged'. Consider using 'DbContextOptionsBuilder.EnableSensitiveDataLogging' to see key values.
[2026-08-08 03:20:26.090 DBG] [0HNNKNSO8HTMU:0000000A] Microsoft.EntityFrameworkCore.ChangeTracking: An entity of type 'SlideConfig' tracked by 'ApplicationDbContext' changed state from 'Deleted' to 'Detached'. Consider using 'DbContextOptionsBuilder.EnableSensitiveDataLogging' to see key values.
[2026-08-08 03:20:26.090 DBG] [0HNNKNSO8HTMU:0000000A] Microsoft.EntityFrameworkCore.ChangeTracking: An entity of type 'SlideConfig' tracked by 'ApplicationDbContext' changed state from 'Added' to 'Unchanged'. Consider using 'DbContextOptionsBuilder.EnableSensitiveDataLogging' to see key values.
[2026-08-08 03:20:26.090 DBG] [0HNNKNSO8HTMU:0000000A] Microsoft.EntityFrameworkCore.ChangeTracking: An entity of type 'SlideConfig' tracked by 'ApplicationDbContext' changed state from 'Deleted' to 'Detached'. Consider using 'DbContextOptionsBuilder.EnableSensitiveDataLogging' to see key values.
[2026-08-08 03:20:26.090 DBG] [0HNNKNSO8HTMU:0000000A] Microsoft.EntityFrameworkCore.ChangeTracking: An entity of type 'SlideConfig' tracked by 'ApplicationDbContext' changed state from 'Added' to 'Unchanged'. Consider using 'DbContextOptionsBuilder.EnableSensitiveDataLogging' to see key values.
[2026-08-08 03:20:26.090 DBG] [0HNNKNSO8HTMU:0000000A] Microsoft.EntityFrameworkCore.ChangeTracking: An entity of type 'SlideConfig' tracked by 'ApplicationDbContext' changed state from 'Deleted' to 'Detached'. Consider using 'DbContextOptionsBuilder.EnableSensitiveDataLogging' to see key values.
[2026-08-08 03:20:26.090 DBG] [0HNNKNSO8HTMU:0000000A] Microsoft.EntityFrameworkCore.ChangeTracking: An entity of type 'SlideConfig' tracked by 'ApplicationDbContext' changed state from 'Added' to 'Unchanged'. Consider using 'DbContextOptionsBuilder.EnableSensitiveDataLogging' to see key values.
[2026-08-08 03:20:26.090 DBG] [0HNNKNSO8HTMU:0000000A] Microsoft.EntityFrameworkCore.ChangeTracking: An entity of type 'SlideConfig' tracked by 'ApplicationDbContext' changed state from 'Deleted' to 'Detached'. Consider using 'DbContextOptionsBuilder.EnableSensitiveDataLogging' to see key values.
[2026-08-08 03:20:26.090 DBG] [0HNNKNSO8HTMU:0000000A] Microsoft.EntityFrameworkCore.ChangeTracking: An entity of type 'SlideConfig' tracked by 'ApplicationDbContext' changed state from 'Added' to 'Unchanged'. Consider using 'DbContextOptionsBuilder.EnableSensitiveDataLogging' to see key values.
[2026-08-08 03:20:26.090 DBG] [0HNNKNSO8HTMU:0000000A] Microsoft.EntityFrameworkCore.ChangeTracking: An entity of type 'SlideConfig' tracked by 'ApplicationDbContext' changed state from 'Deleted' to 'Detached'. Consider using 'DbContextOptionsBuilder.EnableSensitiveDataLogging' to see key values.
[2026-08-08 03:20:26.090 DBG] [0HNNKNSO8HTMU:0000000A] Microsoft.EntityFrameworkCore.ChangeTracking: An entity of type 'SlideConfig' tracked by 'ApplicationDbContext' changed state from 'Added' to 'Unchanged'. Consider using 'DbContextOptionsBuilder.EnableSensitiveDataLogging' to see key values.
[2026-08-08 03:20:26.090 DBG] [0HNNKNSO8HTMU:0000000A] Microsoft.EntityFrameworkCore.ChangeTracking: An entity of type 'SlideConfig' tracked by 'ApplicationDbContext' changed state from 'Deleted' to 'Detached'. Consider using 'DbContextOptionsBuilder.EnableSensitiveDataLogging' to see key values.
[2026-08-08 03:20:26.090 DBG] [0HNNKNSO8HTMU:0000000A] Microsoft.EntityFrameworkCore.ChangeTracking: An entity of type 'LessonConfig' tracked by 'ApplicationDbContext' changed state from 'Modified' to 'Unchanged'. Consider using 'DbContextOptionsBuilder.EnableSensitiveDataLogging' to see key values.
[2026-08-08 03:20:26.090 DBG] [0HNNKNSO8HTMU:0000000A] Microsoft.EntityFrameworkCore.Update: SaveChanges completed for 'ApplicationDbContext' with 1 entities written to the database.
[2026-08-08 03:20:26.090 INF] [0HNNKNSO8HTMU:0000000A] SupportRoom.Application.Services.ILessonConfigService: Lesson updated: login-mobile-test slides=6
[2026-08-08 03:20:26.091 INF] [0HNNKNSO8HTMU:0000000A] SupportRoom.Application.Services.IKnowledgeIndexingService: Indexed 6 chunks into knowledge namespace login-mobile-test
[2026-08-08 03:20:26.091 INF] [0HNNKNSO8HTMU:0000000A] Serilog.AspNetCore.RequestLoggingMiddleware: HTTP POST /api/lessons responded 200 in 20.0716 ms
[2026-08-08 03:20:26.091 DBG] [] Microsoft.EntityFrameworkCore.Infrastructure: 'ApplicationDbContext' disposed.
[2026-08-08 03:20:26.091 DBG] [] Microsoft.EntityFrameworkCore.Database.Connection: Disposing connection to database 'supportroom' on server 'tcp://localhost:5432'.
[2026-08-08 03:20:26.091 DBG] [] Microsoft.EntityFrameworkCore.Database.Connection: Disposed connection to database 'supportroom' on server 'tcp://localhost:5432' (0ms).
[2026-08-08 03:20:27.137 DBG] [0HNNKNSO8HTMU:0000000B] Microsoft.EntityFrameworkCore.Infrastructure: Entity Framework Core 10.0.10 initialized 'ApplicationDbContext' using provider 'Npgsql.EntityFrameworkCore.PostgreSQL:10.0.3+5e912bf071068a44e5abbdab497b313ba99d3ee1' with options: None
[2026-08-08 03:20:27.138 DBG] [0HNNKNSO8HTMU:0000000B] Microsoft.EntityFrameworkCore.Database.Connection: Creating DbConnection.
[2026-08-08 03:20:27.138 DBG] [0HNNKNSO8HTMU:0000000B] Microsoft.EntityFrameworkCore.Database.Connection: Created DbConnection. (0ms).
[2026-08-08 03:20:27.138 DBG] [0HNNKNSO8HTMU:0000000B] Microsoft.EntityFrameworkCore.Database.Connection: Opening connection to database 'supportroom' on server 'tcp://localhost:5432'.
[2026-08-08 03:20:27.138 DBG] [0HNNKNSO8HTMU:0000000B] Microsoft.EntityFrameworkCore.Database.Connection: Opened connection to database 'supportroom' on server 'tcp://localhost:5432'.
[2026-08-08 03:20:27.138 DBG] [0HNNKNSO8HTMU:0000000B] Microsoft.EntityFrameworkCore.Database.Command: Creating DbCommand for 'ExecuteReader'.
[2026-08-08 03:20:27.138 DBG] [0HNNKNSO8HTMU:0000000B] Microsoft.EntityFrameworkCore.Database.Command: Created DbCommand for 'ExecuteReader' (0ms).
[2026-08-08 03:20:27.138 DBG] [0HNNKNSO8HTMU:0000000B] Microsoft.EntityFrameworkCore.Database.Command: Initialized DbCommand for 'ExecuteReader' (0ms).
[2026-08-08 03:20:27.138 DBG] [0HNNKNSO8HTMU:0000000B] Microsoft.EntityFrameworkCore.Database.Command: Executing DbCommand [Parameters=[@slug='?'], CommandType='Text', CommandTimeout='30']
SELECT l."Id", l."BreathPauseMs", l."CreateBy", l."CreateDate", l."DeleteBy", l."DeletedAt", l."Description", l."FinalQuestionWaitMs", l."IntroWaitMs", l."IsActive", l."IsDelete", l."PresentationId", l."SlidesEmbedUrl", l."SlidesSourceUrl", l."Slug", l."Title", l."UpdateBy", l."UpdateDate", l."SlideConfigs"
FROM "LessonConfig" AS l
WHERE l."Slug" = @slug
LIMIT 2
[2026-08-08 03:20:27.141 INF] [0HNNKNSO8HTMU:0000000B] Microsoft.EntityFrameworkCore.Database.Command: Executed DbCommand (2ms) [Parameters=[@slug='?'], CommandType='Text', CommandTimeout='30']
SELECT l."Id", l."BreathPauseMs", l."CreateBy", l."CreateDate", l."DeleteBy", l."DeletedAt", l."Description", l."FinalQuestionWaitMs", l."IntroWaitMs", l."IsActive", l."IsDelete", l."PresentationId", l."SlidesEmbedUrl", l."SlidesSourceUrl", l."Slug", l."Title", l."UpdateBy", l."UpdateDate", l."SlideConfigs"
FROM "LessonConfig" AS l
WHERE l."Slug" = @slug
LIMIT 2
[2026-08-08 03:20:27.141 DBG] [0HNNKNSO8HTMU:0000000B] Microsoft.EntityFrameworkCore.ChangeTracking: Context 'ApplicationDbContext' started tracking 'LessonConfig' entity. Consider using 'DbContextOptionsBuilder.EnableSensitiveDataLogging' to see key values.
[2026-08-08 03:20:27.141 DBG] [0HNNKNSO8HTMU:0000000B] Microsoft.EntityFrameworkCore.ChangeTracking: Context 'ApplicationDbContext' started tracking 'SlideConfig' entity. Consider using 'DbContextOptionsBuilder.EnableSensitiveDataLogging' to see key values.
[2026-08-08 03:20:27.141 DBG] [0HNNKNSO8HTMU:0000000B] Microsoft.EntityFrameworkCore.ChangeTracking: Context 'ApplicationDbContext' started tracking 'SlideConfig' entity. Consider using 'DbContextOptionsBuilder.EnableSensitiveDataLogging' to see key values.
[2026-08-08 03:20:27.141 DBG] [0HNNKNSO8HTMU:0000000B] Microsoft.EntityFrameworkCore.ChangeTracking: Context 'ApplicationDbContext' started tracking 'SlideConfig' entity. Consider using 'DbContextOptionsBuilder.EnableSensitiveDataLogging' to see key values.
[2026-08-08 03:20:27.141 DBG] [0HNNKNSO8HTMU:0000000B] Microsoft.EntityFrameworkCore.ChangeTracking: Context 'ApplicationDbContext' started tracking 'SlideConfig' entity. Consider using 'DbContextOptionsBuilder.EnableSensitiveDataLogging' to see key values.
[2026-08-08 03:20:27.141 DBG] [0HNNKNSO8HTMU:0000000B] Microsoft.EntityFrameworkCore.ChangeTracking: Context 'ApplicationDbContext' started tracking 'SlideConfig' entity. Consider using 'DbContextOptionsBuilder.EnableSensitiveDataLogging' to see key values.
[2026-08-08 03:20:27.141 DBG] [0HNNKNSO8HTMU:0000000B] Microsoft.EntityFrameworkCore.ChangeTracking: Context 'ApplicationDbContext' started tracking 'SlideConfig' entity. Consider using 'DbContextOptionsBuilder.EnableSensitiveDataLogging' to see key values.
[2026-08-08 03:20:27.141 DBG] [0HNNKNSO8HTMU:0000000B] Microsoft.EntityFrameworkCore.Database.Command: Closing data reader to 'supportroom' on server 'tcp://localhost:5432'.
[2026-08-08 03:20:27.141 DBG] [0HNNKNSO8HTMU:0000000B] Microsoft.EntityFrameworkCore.Database.Command: A data reader for 'supportroom' on server 'tcp://localhost:5432' is being disposed after spending 0ms reading results.
[2026-08-08 03:20:27.141 DBG] [0HNNKNSO8HTMU:0000000B] Microsoft.EntityFrameworkCore.Database.Connection: Closing connection to database 'supportroom' on server 'tcp://localhost:5432'.
[2026-08-08 03:20:27.141 DBG] [0HNNKNSO8HTMU:0000000B] Microsoft.EntityFrameworkCore.Database.Connection: Closed connection to database 'supportroom' on server 'tcp://localhost:5432' (0ms).
[2026-08-08 03:20:27.141 DBG] [0HNNKNSO8HTMU:0000000B] Microsoft.EntityFrameworkCore.ChangeTracking: An entity of type 'LessonConfig' tracked by 'ApplicationDbContext' changed state from 'Unchanged' to 'Modified'. Consider using 'DbContextOptionsBuilder.EnableSensitiveDataLogging' to see key values.
[2026-08-08 03:20:27.142 DBG] [0HNNKNSO8HTMU:0000000B] Microsoft.EntityFrameworkCore.Update: SaveChanges starting for 'ApplicationDbContext'.
[2026-08-08 03:20:27.142 DBG] [0HNNKNSO8HTMU:0000000B] Microsoft.EntityFrameworkCore.ChangeTracking: DetectChanges starting for 'ApplicationDbContext'.
[2026-08-08 03:20:27.142 DBG] [0HNNKNSO8HTMU:0000000B] Microsoft.EntityFrameworkCore.ChangeTracking: 6 entities were added and 6 entities were removed from navigation 'LessonConfig.SlideConfigs'. Consider using 'DbContextOptionsBuilder.EnableSensitiveDataLogging' to see key values.
[2026-08-08 03:20:27.142 DBG] [0HNNKNSO8HTMU:0000000B] Microsoft.EntityFrameworkCore.ChangeTracking: An entity of type 'SlideConfig' tracked by 'ApplicationDbContext' changed state from 'Unchanged' to 'Deleted'. Consider using 'DbContextOptionsBuilder.EnableSensitiveDataLogging' to see key values.
[2026-08-08 03:20:27.142 DBG] [0HNNKNSO8HTMU:0000000B] Microsoft.EntityFrameworkCore.ChangeTracking: An entity of type 'SlideConfig' tracked by 'ApplicationDbContext' changed state from 'Unchanged' to 'Deleted'. Consider using 'DbContextOptionsBuilder.EnableSensitiveDataLogging' to see key values.
[2026-08-08 03:20:27.142 DBG] [0HNNKNSO8HTMU:0000000B] Microsoft.EntityFrameworkCore.ChangeTracking: An entity of type 'SlideConfig' tracked by 'ApplicationDbContext' changed state from 'Unchanged' to 'Deleted'. Consider using 'DbContextOptionsBuilder.EnableSensitiveDataLogging' to see key values.
[2026-08-08 03:20:27.142 DBG] [0HNNKNSO8HTMU:0000000B] Microsoft.EntityFrameworkCore.ChangeTracking: An entity of type 'SlideConfig' tracked by 'ApplicationDbContext' changed state from 'Unchanged' to 'Deleted'. Consider using 'DbContextOptionsBuilder.EnableSensitiveDataLogging' to see key values.
[2026-08-08 03:20:27.142 DBG] [0HNNKNSO8HTMU:0000000B] Microsoft.EntityFrameworkCore.ChangeTracking: An entity of type 'SlideConfig' tracked by 'ApplicationDbContext' changed state from 'Unchanged' to 'Deleted'. Consider using 'DbContextOptionsBuilder.EnableSensitiveDataLogging' to see key values.
[2026-08-08 03:20:27.142 DBG] [0HNNKNSO8HTMU:0000000B] Microsoft.EntityFrameworkCore.ChangeTracking: An entity of type 'SlideConfig' tracked by 'ApplicationDbContext' changed state from 'Unchanged' to 'Deleted'. Consider using 'DbContextOptionsBuilder.EnableSensitiveDataLogging' to see key values.
[2026-08-08 03:20:27.142 DBG] [0HNNKNSO8HTMU:0000000B] Microsoft.EntityFrameworkCore.ChangeTracking: 'ApplicationDbContext' generated a temporary value for the property 'SlideConfig.__synthesizedOrdinal'. Consider using 'DbContextOptionsBuilder.EnableSensitiveDataLogging' to see key values.
[2026-08-08 03:20:27.142 DBG] [0HNNKNSO8HTMU:0000000B] Microsoft.EntityFrameworkCore.ChangeTracking: Context 'ApplicationDbContext' started tracking 'SlideConfig' entity. Consider using 'DbContextOptionsBuilder.EnableSensitiveDataLogging' to see key values.
[2026-08-08 03:20:27.142 DBG] [0HNNKNSO8HTMU:0000000B] Microsoft.EntityFrameworkCore.ChangeTracking: 'ApplicationDbContext' generated a temporary value for the property 'SlideConfig.__synthesizedOrdinal'. Consider using 'DbContextOptionsBuilder.EnableSensitiveDataLogging' to see key values.
[2026-08-08 03:20:27.142 DBG] [0HNNKNSO8HTMU:0000000B] Microsoft.EntityFrameworkCore.ChangeTracking: Context 'ApplicationDbContext' started tracking 'SlideConfig' entity. Consider using 'DbContextOptionsBuilder.EnableSensitiveDataLogging' to see key values.
[2026-08-08 03:20:27.142 DBG] [0HNNKNSO8HTMU:0000000B] Microsoft.EntityFrameworkCore.ChangeTracking: 'ApplicationDbContext' generated a temporary value for the property 'SlideConfig.__synthesizedOrdinal'. Consider using 'DbContextOptionsBuilder.EnableSensitiveDataLogging' to see key values.
[2026-08-08 03:20:27.142 DBG] [0HNNKNSO8HTMU:0000000B] Microsoft.EntityFrameworkCore.ChangeTracking: Context 'ApplicationDbContext' started tracking 'SlideConfig' entity. Consider using 'DbContextOptionsBuilder.EnableSensitiveDataLogging' to see key values.
[2026-08-08 03:20:27.142 DBG] [0HNNKNSO8HTMU:0000000B] Microsoft.EntityFrameworkCore.ChangeTracking: 'ApplicationDbContext' generated a temporary value for the property 'SlideConfig.__synthesizedOrdinal'. Consider using 'DbContextOptionsBuilder.EnableSensitiveDataLogging' to see key values.
[2026-08-08 03:20:27.142 DBG] [0HNNKNSO8HTMU:0000000B] Microsoft.EntityFrameworkCore.ChangeTracking: Context 'ApplicationDbContext' started tracking 'SlideConfig' entity. Consider using 'DbContextOptionsBuilder.EnableSensitiveDataLogging' to see key values.
[2026-08-08 03:20:27.142 DBG] [0HNNKNSO8HTMU:0000000B] Microsoft.EntityFrameworkCore.ChangeTracking: 'ApplicationDbContext' generated a temporary value for the property 'SlideConfig.__synthesizedOrdinal'. Consider using 'DbContextOptionsBuilder.EnableSensitiveDataLogging' to see key values.
[2026-08-08 03:20:27.143 DBG] [0HNNKNSO8HTMU:0000000B] Microsoft.EntityFrameworkCore.ChangeTracking: Context 'ApplicationDbContext' started tracking 'SlideConfig' entity. Consider using 'DbContextOptionsBuilder.EnableSensitiveDataLogging' to see key values.
[2026-08-08 03:20:27.143 DBG] [0HNNKNSO8HTMU:0000000B] Microsoft.EntityFrameworkCore.ChangeTracking: 'ApplicationDbContext' generated a temporary value for the property 'SlideConfig.__synthesizedOrdinal'. Consider using 'DbContextOptionsBuilder.EnableSensitiveDataLogging' to see key values.
[2026-08-08 03:20:27.143 DBG] [0HNNKNSO8HTMU:0000000B] Microsoft.EntityFrameworkCore.ChangeTracking: Context 'ApplicationDbContext' started tracking 'SlideConfig' entity. Consider using 'DbContextOptionsBuilder.EnableSensitiveDataLogging' to see key values.
[2026-08-08 03:20:27.143 DBG] [0HNNKNSO8HTMU:0000000B] Microsoft.EntityFrameworkCore.ChangeTracking: DetectChanges completed for 'ApplicationDbContext'.
[2026-08-08 03:20:27.143 DBG] [0HNNKNSO8HTMU:0000000B] Microsoft.EntityFrameworkCore.ChangeTracking: The foreign key property 'SlideConfig.__synthesizedOrdinal' was detected as changed. Consider using 'DbContextOptionsBuilder.EnableSensitiveDataLogging' to see property values.
[2026-08-08 03:20:27.144 DBG] [0HNNKNSO8HTMU:0000000B] Microsoft.EntityFrameworkCore.ChangeTracking: The foreign key property 'SlideConfig.__synthesizedOrdinal' was detected as changed. Consider using 'DbContextOptionsBuilder.EnableSensitiveDataLogging' to see property values.
[2026-08-08 03:20:27.144 DBG] [0HNNKNSO8HTMU:0000000B] Microsoft.EntityFrameworkCore.ChangeTracking: The foreign key property 'SlideConfig.__synthesizedOrdinal' was detected as changed. Consider using 'DbContextOptionsBuilder.EnableSensitiveDataLogging' to see property values.
[2026-08-08 03:20:27.144 DBG] [0HNNKNSO8HTMU:0000000B] Microsoft.EntityFrameworkCore.ChangeTracking: The foreign key property 'SlideConfig.__synthesizedOrdinal' was detected as changed. Consider using 'DbContextOptionsBuilder.EnableSensitiveDataLogging' to see property values.
[2026-08-08 03:20:27.144 DBG] [0HNNKNSO8HTMU:0000000B] Microsoft.EntityFrameworkCore.ChangeTracking: The foreign key property 'SlideConfig.__synthesizedOrdinal' was detected as changed. Consider using 'DbContextOptionsBuilder.EnableSensitiveDataLogging' to see property values.
[2026-08-08 03:20:27.144 DBG] [0HNNKNSO8HTMU:0000000B] Microsoft.EntityFrameworkCore.ChangeTracking: The foreign key property 'SlideConfig.__synthesizedOrdinal' was detected as changed. Consider using 'DbContextOptionsBuilder.EnableSensitiveDataLogging' to see property values.
[2026-08-08 03:20:27.144 DBG] [0HNNKNSO8HTMU:0000000B] Microsoft.EntityFrameworkCore.Database.Connection: Opening connection to database 'supportroom' on server 'tcp://localhost:5432'.
[2026-08-08 03:20:27.144 DBG] [0HNNKNSO8HTMU:0000000B] Microsoft.EntityFrameworkCore.Database.Connection: Opened connection to database 'supportroom' on server 'tcp://localhost:5432'.
[2026-08-08 03:20:27.144 DBG] [0HNNKNSO8HTMU:0000000B] Microsoft.EntityFrameworkCore.Database.Command: Creating DbCommand for 'ExecuteReader'.
[2026-08-08 03:20:27.144 DBG] [0HNNKNSO8HTMU:0000000B] Microsoft.EntityFrameworkCore.Database.Command: Created DbCommand for 'ExecuteReader' (0ms).
[2026-08-08 03:20:27.144 DBG] [0HNNKNSO8HTMU:0000000B] Microsoft.EntityFrameworkCore.Database.Command: Initialized DbCommand for 'ExecuteReader' (0ms).
[2026-08-08 03:20:27.144 DBG] [0HNNKNSO8HTMU:0000000B] Microsoft.EntityFrameworkCore.Database.Command: Executing DbCommand [Parameters=[@p0='?' (DbType = Object), @p18='?', @p1='?' (DbType = Int32), @p2='?', @p3='?' (DbType = DateTime), @p4='?', @p5='?' (DbType = DateTime), @p6='?', @p7='?' (DbType = Int32), @p8='?' (DbType = Int32), @p9='?' (DbType = Boolean), @p10='?' (DbType = Boolean), @p11='?', @p12='?', @p13='?', @p14='?', @p15='?', @p16='?', @p17='?' (DbType = DateTime)], CommandType='Text', CommandTimeout='30']
UPDATE "LessonConfig" SET "SlideConfigs" = @p0, "BreathPauseMs" = @p1, "CreateBy" = @p2, "CreateDate" = @p3, "DeleteBy" = @p4, "DeletedAt" = @p5, "Description" = @p6, "FinalQuestionWaitMs" = @p7, "IntroWaitMs" = @p8, "IsActive" = @p9, "IsDelete" = @p10, "PresentationId" = @p11, "SlidesEmbedUrl" = @p12, "SlidesSourceUrl" = @p13, "Slug" = @p14, "Title" = @p15, "UpdateBy" = @p16, "UpdateDate" = @p17
WHERE "Id" = @p18;
[2026-08-08 03:20:27.149 INF] [0HNNKNSO8HTMU:0000000B] Microsoft.EntityFrameworkCore.Database.Command: Executed DbCommand (5ms) [Parameters=[@p0='?' (DbType = Object), @p18='?', @p1='?' (DbType = Int32), @p2='?', @p3='?' (DbType = DateTime), @p4='?', @p5='?' (DbType = DateTime), @p6='?', @p7='?' (DbType = Int32), @p8='?' (DbType = Int32), @p9='?' (DbType = Boolean), @p10='?' (DbType = Boolean), @p11='?', @p12='?', @p13='?', @p14='?', @p15='?', @p16='?', @p17='?' (DbType = DateTime)], CommandType='Text', CommandTimeout='30']
UPDATE "LessonConfig" SET "SlideConfigs" = @p0, "BreathPauseMs" = @p1, "CreateBy" = @p2, "CreateDate" = @p3, "DeleteBy" = @p4, "DeletedAt" = @p5, "Description" = @p6, "FinalQuestionWaitMs" = @p7, "IntroWaitMs" = @p8, "IsActive" = @p9, "IsDelete" = @p10, "PresentationId" = @p11, "SlidesEmbedUrl" = @p12, "SlidesSourceUrl" = @p13, "Slug" = @p14, "Title" = @p15, "UpdateBy" = @p16, "UpdateDate" = @p17
WHERE "Id" = @p18;
[2026-08-08 03:20:27.149 DBG] [0HNNKNSO8HTMU:0000000B] Microsoft.EntityFrameworkCore.Database.Command: Closing data reader to 'supportroom' on server 'tcp://localhost:5432'.
[2026-08-08 03:20:27.149 DBG] [0HNNKNSO8HTMU:0000000B] Microsoft.EntityFrameworkCore.Database.Command: A data reader for 'supportroom' on server 'tcp://localhost:5432' is being disposed after spending 0ms reading results.
[2026-08-08 03:20:27.149 DBG] [0HNNKNSO8HTMU:0000000B] Microsoft.EntityFrameworkCore.Database.Connection: Closing connection to database 'supportroom' on server 'tcp://localhost:5432'.
[2026-08-08 03:20:27.149 DBG] [0HNNKNSO8HTMU:0000000B] Microsoft.EntityFrameworkCore.Database.Connection: Closed connection to database 'supportroom' on server 'tcp://localhost:5432' (0ms).
[2026-08-08 03:20:27.150 DBG] [0HNNKNSO8HTMU:0000000B] Microsoft.EntityFrameworkCore.ChangeTracking: An entity of type 'SlideConfig' tracked by 'ApplicationDbContext' changed state from 'Added' to 'Unchanged'. Consider using 'DbContextOptionsBuilder.EnableSensitiveDataLogging' to see key values.
[2026-08-08 03:20:27.150 DBG] [0HNNKNSO8HTMU:0000000B] Microsoft.EntityFrameworkCore.ChangeTracking: An entity of type 'SlideConfig' tracked by 'ApplicationDbContext' changed state from 'Deleted' to 'Detached'. Consider using 'DbContextOptionsBuilder.EnableSensitiveDataLogging' to see key values.
[2026-08-08 03:20:27.150 DBG] [0HNNKNSO8HTMU:0000000B] Microsoft.EntityFrameworkCore.ChangeTracking: An entity of type 'SlideConfig' tracked by 'ApplicationDbContext' changed state from 'Added' to 'Unchanged'. Consider using 'DbContextOptionsBuilder.EnableSensitiveDataLogging' to see key values.
[2026-08-08 03:20:27.150 DBG] [0HNNKNSO8HTMU:0000000B] Microsoft.EntityFrameworkCore.ChangeTracking: An entity of type 'SlideConfig' tracked by 'ApplicationDbContext' changed state from 'Deleted' to 'Detached'. Consider using 'DbContextOptionsBuilder.EnableSensitiveDataLogging' to see key values.
[2026-08-08 03:20:27.150 DBG] [0HNNKNSO8HTMU:0000000B] Microsoft.EntityFrameworkCore.ChangeTracking: An entity of type 'SlideConfig' tracked by 'ApplicationDbContext' changed state from 'Added' to 'Unchanged'. Consider using 'DbContextOptionsBuilder.EnableSensitiveDataLogging' to see key values.
[2026-08-08 03:20:27.150 DBG] [0HNNKNSO8HTMU:0000000B] Microsoft.EntityFrameworkCore.ChangeTracking: An entity of type 'SlideConfig' tracked by 'ApplicationDbContext' changed state from 'Deleted' to 'Detached'. Consider using 'DbContextOptionsBuilder.EnableSensitiveDataLogging' to see key values.
[2026-08-08 03:20:27.150 DBG] [0HNNKNSO8HTMU:0000000B] Microsoft.EntityFrameworkCore.ChangeTracking: An entity of type 'SlideConfig' tracked by 'ApplicationDbContext' changed state from 'Added' to 'Unchanged'. Consider using 'DbContextOptionsBuilder.EnableSensitiveDataLogging' to see key values.
[2026-08-08 03:20:27.150 DBG] [0HNNKNSO8HTMU:0000000B] Microsoft.EntityFrameworkCore.ChangeTracking: An entity of type 'SlideConfig' tracked by 'ApplicationDbContext' changed state from 'Deleted' to 'Detached'. Consider using 'DbContextOptionsBuilder.EnableSensitiveDataLogging' to see key values.
[2026-08-08 03:20:27.150 DBG] [0HNNKNSO8HTMU:0000000B] Microsoft.EntityFrameworkCore.ChangeTracking: An entity of type 'SlideConfig' tracked by 'ApplicationDbContext' changed state from 'Added' to 'Unchanged'. Consider using 'DbContextOptionsBuilder.EnableSensitiveDataLogging' to see key values.
[2026-08-08 03:20:27.150 DBG] [0HNNKNSO8HTMU:0000000B] Microsoft.EntityFrameworkCore.ChangeTracking: An entity of type 'SlideConfig' tracked by 'ApplicationDbContext' changed state from 'Deleted' to 'Detached'. Consider using 'DbContextOptionsBuilder.EnableSensitiveDataLogging' to see key values.
[2026-08-08 03:20:27.150 DBG] [0HNNKNSO8HTMU:0000000B] Microsoft.EntityFrameworkCore.ChangeTracking: An entity of type 'SlideConfig' tracked by 'ApplicationDbContext' changed state from 'Added' to 'Unchanged'. Consider using 'DbContextOptionsBuilder.EnableSensitiveDataLogging' to see key values.
[2026-08-08 03:20:27.150 DBG] [0HNNKNSO8HTMU:0000000B] Microsoft.EntityFrameworkCore.ChangeTracking: An entity of type 'SlideConfig' tracked by 'ApplicationDbContext' changed state from 'Deleted' to 'Detached'. Consider using 'DbContextOptionsBuilder.EnableSensitiveDataLogging' to see key values.
[2026-08-08 03:20:27.151 DBG] [0HNNKNSO8HTMU:0000000B] Microsoft.EntityFrameworkCore.ChangeTracking: An entity of type 'LessonConfig' tracked by 'ApplicationDbContext' changed state from 'Modified' to 'Unchanged'. Consider using 'DbContextOptionsBuilder.EnableSensitiveDataLogging' to see key values.
[2026-08-08 03:20:27.151 DBG] [0HNNKNSO8HTMU:0000000B] Microsoft.EntityFrameworkCore.Update: SaveChanges completed for 'ApplicationDbContext' with 1 entities written to the database.
[2026-08-08 03:20:27.151 INF] [0HNNKNSO8HTMU:0000000B] SupportRoom.Application.Services.ILessonConfigService: Lesson updated: login-mobile-test slides=6
[2026-08-08 03:20:27.151 INF] [0HNNKNSO8HTMU:0000000B] SupportRoom.Application.Services.IKnowledgeIndexingService: Indexed 6 chunks into knowledge namespace login-mobile-test
[2026-08-08 03:20:27.151 INF] [0HNNKNSO8HTMU:0000000B] Serilog.AspNetCore.RequestLoggingMiddleware: HTTP POST /api/lessons responded 200 in 14.4652 ms
[2026-08-08 03:20:27.151 DBG] [] Microsoft.EntityFrameworkCore.Infrastructure: 'ApplicationDbContext' disposed.
[2026-08-08 03:20:27.151 DBG] [] Microsoft.EntityFrameworkCore.Database.Connection: Disposing connection to database 'supportroom' on server 'tcp://localhost:5432'.
[2026-08-08 03:20:27.151 DBG] [] Microsoft.EntityFrameworkCore.Database.Connection: Disposed connection to database 'supportroom' on server 'tcp://localhost:5432' (0ms).
[2026-08-08 03:20:28.134 DBG] [0HNNKNSO8HTMU:0000000C] Microsoft.EntityFrameworkCore.Infrastructure: Entity Framework Core 10.0.10 initialized 'ApplicationDbContext' using provider 'Npgsql.EntityFrameworkCore.PostgreSQL:10.0.3+5e912bf071068a44e5abbdab497b313ba99d3ee1' with options: None
[2026-08-08 03:20:28.134 DBG] [0HNNKNSO8HTMU:0000000C] Microsoft.EntityFrameworkCore.Database.Connection: Creating DbConnection.
[2026-08-08 03:20:28.134 DBG] [0HNNKNSO8HTMU:0000000C] Microsoft.EntityFrameworkCore.Database.Connection: Created DbConnection. (0ms).
[2026-08-08 03:20:28.134 DBG] [0HNNKNSO8HTMU:0000000C] Microsoft.EntityFrameworkCore.Database.Connection: Opening connection to database 'supportroom' on server 'tcp://localhost:5432'.
[2026-08-08 03:20:28.134 DBG] [0HNNKNSO8HTMU:0000000C] Microsoft.EntityFrameworkCore.Database.Connection: Opened connection to database 'supportroom' on server 'tcp://localhost:5432'.
[2026-08-08 03:20:28.134 DBG] [0HNNKNSO8HTMU:0000000C] Microsoft.EntityFrameworkCore.Database.Command: Creating DbCommand for 'ExecuteReader'.
[2026-08-08 03:20:28.134 DBG] [0HNNKNSO8HTMU:0000000C] Microsoft.EntityFrameworkCore.Database.Command: Created DbCommand for 'ExecuteReader' (0ms).
[2026-08-08 03:20:28.134 DBG] [0HNNKNSO8HTMU:0000000C] Microsoft.EntityFrameworkCore.Database.Command: Initialized DbCommand for 'ExecuteReader' (0ms).
[2026-08-08 03:20:28.135 DBG] [0HNNKNSO8HTMU:0000000C] Microsoft.EntityFrameworkCore.Database.Command: Executing DbCommand [Parameters=[@slug='?'], CommandType='Text', CommandTimeout='30']
SELECT l."Id", l."BreathPauseMs", l."CreateBy", l."CreateDate", l."DeleteBy", l."DeletedAt", l."Description", l."FinalQuestionWaitMs", l."IntroWaitMs", l."IsActive", l."IsDelete", l."PresentationId", l."SlidesEmbedUrl", l."SlidesSourceUrl", l."Slug", l."Title", l."UpdateBy", l."UpdateDate", l."SlideConfigs"
FROM "LessonConfig" AS l
WHERE l."Slug" = @slug
LIMIT 2
[2026-08-08 03:20:28.137 INF] [0HNNKNSO8HTMU:0000000C] Microsoft.EntityFrameworkCore.Database.Command: Executed DbCommand (2ms) [Parameters=[@slug='?'], CommandType='Text', CommandTimeout='30']
SELECT l."Id", l."BreathPauseMs", l."CreateBy", l."CreateDate", l."DeleteBy", l."DeletedAt", l."Description", l."FinalQuestionWaitMs", l."IntroWaitMs", l."IsActive", l."IsDelete", l."PresentationId", l."SlidesEmbedUrl", l."SlidesSourceUrl", l."Slug", l."Title", l."UpdateBy", l."UpdateDate", l."SlideConfigs"
FROM "LessonConfig" AS l
WHERE l."Slug" = @slug
LIMIT 2
[2026-08-08 03:20:28.137 DBG] [0HNNKNSO8HTMU:0000000C] Microsoft.EntityFrameworkCore.ChangeTracking: Context 'ApplicationDbContext' started tracking 'LessonConfig' entity. Consider using 'DbContextOptionsBuilder.EnableSensitiveDataLogging' to see key values.
[2026-08-08 03:20:28.137 DBG] [0HNNKNSO8HTMU:0000000C] Microsoft.EntityFrameworkCore.ChangeTracking: Context 'ApplicationDbContext' started tracking 'SlideConfig' entity. Consider using 'DbContextOptionsBuilder.EnableSensitiveDataLogging' to see key values.
[2026-08-08 03:20:28.137 DBG] [0HNNKNSO8HTMU:0000000C] Microsoft.EntityFrameworkCore.ChangeTracking: Context 'ApplicationDbContext' started tracking 'SlideConfig' entity. Consider using 'DbContextOptionsBuilder.EnableSensitiveDataLogging' to see key values.
[2026-08-08 03:20:28.137 DBG] [0HNNKNSO8HTMU:0000000C] Microsoft.EntityFrameworkCore.ChangeTracking: Context 'ApplicationDbContext' started tracking 'SlideConfig' entity. Consider using 'DbContextOptionsBuilder.EnableSensitiveDataLogging' to see key values.
[2026-08-08 03:20:28.138 DBG] [0HNNKNSO8HTMU:0000000C] Microsoft.EntityFrameworkCore.ChangeTracking: Context 'ApplicationDbContext' started tracking 'SlideConfig' entity. Consider using 'DbContextOptionsBuilder.EnableSensitiveDataLogging' to see key values.
[2026-08-08 03:20:28.138 DBG] [0HNNKNSO8HTMU:0000000C] Microsoft.EntityFrameworkCore.ChangeTracking: Context 'ApplicationDbContext' started tracking 'SlideConfig' entity. Consider using 'DbContextOptionsBuilder.EnableSensitiveDataLogging' to see key values.
[2026-08-08 03:20:28.138 DBG] [0HNNKNSO8HTMU:0000000C] Microsoft.EntityFrameworkCore.ChangeTracking: Context 'ApplicationDbContext' started tracking 'SlideConfig' entity. Consider using 'DbContextOptionsBuilder.EnableSensitiveDataLogging' to see key values.
[2026-08-08 03:20:28.138 DBG] [0HNNKNSO8HTMU:0000000C] Microsoft.EntityFrameworkCore.Database.Command: Closing data reader to 'supportroom' on server 'tcp://localhost:5432'.
[2026-08-08 03:20:28.138 DBG] [0HNNKNSO8HTMU:0000000C] Microsoft.EntityFrameworkCore.Database.Command: A data reader for 'supportroom' on server 'tcp://localhost:5432' is being disposed after spending 0ms reading results.
[2026-08-08 03:20:28.138 DBG] [0HNNKNSO8HTMU:0000000C] Microsoft.EntityFrameworkCore.Database.Connection: Closing connection to database 'supportroom' on server 'tcp://localhost:5432'.
[2026-08-08 03:20:28.138 DBG] [0HNNKNSO8HTMU:0000000C] Microsoft.EntityFrameworkCore.Database.Connection: Closed connection to database 'supportroom' on server 'tcp://localhost:5432' (0ms).
[2026-08-08 03:20:28.138 DBG] [0HNNKNSO8HTMU:0000000C] Microsoft.EntityFrameworkCore.ChangeTracking: An entity of type 'LessonConfig' tracked by 'ApplicationDbContext' changed state from 'Unchanged' to 'Modified'. Consider using 'DbContextOptionsBuilder.EnableSensitiveDataLogging' to see key values.
[2026-08-08 03:20:28.138 DBG] [0HNNKNSO8HTMU:0000000C] Microsoft.EntityFrameworkCore.Update: SaveChanges starting for 'ApplicationDbContext'.
[2026-08-08 03:20:28.138 DBG] [0HNNKNSO8HTMU:0000000C] Microsoft.EntityFrameworkCore.ChangeTracking: DetectChanges starting for 'ApplicationDbContext'.
[2026-08-08 03:20:28.138 DBG] [0HNNKNSO8HTMU:0000000C] Microsoft.EntityFrameworkCore.ChangeTracking: 6 entities were added and 6 entities were removed from navigation 'LessonConfig.SlideConfigs'. Consider using 'DbContextOptionsBuilder.EnableSensitiveDataLogging' to see key values.
[2026-08-08 03:20:28.138 DBG] [0HNNKNSO8HTMU:0000000C] Microsoft.EntityFrameworkCore.ChangeTracking: An entity of type 'SlideConfig' tracked by 'ApplicationDbContext' changed state from 'Unchanged' to 'Deleted'. Consider using 'DbContextOptionsBuilder.EnableSensitiveDataLogging' to see key values.
[2026-08-08 03:20:28.138 DBG] [0HNNKNSO8HTMU:0000000C] Microsoft.EntityFrameworkCore.ChangeTracking: An entity of type 'SlideConfig' tracked by 'ApplicationDbContext' changed state from 'Unchanged' to 'Deleted'. Consider using 'DbContextOptionsBuilder.EnableSensitiveDataLogging' to see key values.
[2026-08-08 03:20:28.139 DBG] [0HNNKNSO8HTMU:0000000C] Microsoft.EntityFrameworkCore.ChangeTracking: An entity of type 'SlideConfig' tracked by 'ApplicationDbContext' changed state from 'Unchanged' to 'Deleted'. Consider using 'DbContextOptionsBuilder.EnableSensitiveDataLogging' to see key values.
[2026-08-08 03:20:28.139 DBG] [0HNNKNSO8HTMU:0000000C] Microsoft.EntityFrameworkCore.ChangeTracking: An entity of type 'SlideConfig' tracked by 'ApplicationDbContext' changed state from 'Unchanged' to 'Deleted'. Consider using 'DbContextOptionsBuilder.EnableSensitiveDataLogging' to see key values.
[2026-08-08 03:20:28.139 DBG] [0HNNKNSO8HTMU:0000000C] Microsoft.EntityFrameworkCore.ChangeTracking: An entity of type 'SlideConfig' tracked by 'ApplicationDbContext' changed state from 'Unchanged' to 'Deleted'. Consider using 'DbContextOptionsBuilder.EnableSensitiveDataLogging' to see key values.
[2026-08-08 03:20:28.139 DBG] [0HNNKNSO8HTMU:0000000C] Microsoft.EntityFrameworkCore.ChangeTracking: An entity of type 'SlideConfig' tracked by 'ApplicationDbContext' changed state from 'Unchanged' to 'Deleted'. Consider using 'DbContextOptionsBuilder.EnableSensitiveDataLogging' to see key values.
[2026-08-08 03:20:28.139 DBG] [0HNNKNSO8HTMU:0000000C] Microsoft.EntityFrameworkCore.ChangeTracking: 'ApplicationDbContext' generated a temporary value for the property 'SlideConfig.__synthesizedOrdinal'. Consider using 'DbContextOptionsBuilder.EnableSensitiveDataLogging' to see key values.
[2026-08-08 03:20:28.139 DBG] [0HNNKNSO8HTMU:0000000C] Microsoft.EntityFrameworkCore.ChangeTracking: Context 'ApplicationDbContext' started tracking 'SlideConfig' entity. Consider using 'DbContextOptionsBuilder.EnableSensitiveDataLogging' to see key values.
[2026-08-08 03:20:28.139 DBG] [0HNNKNSO8HTMU:0000000C] Microsoft.EntityFrameworkCore.ChangeTracking: 'ApplicationDbContext' generated a temporary value for the property 'SlideConfig.__synthesizedOrdinal'. Consider using 'DbContextOptionsBuilder.EnableSensitiveDataLogging' to see key values.
[2026-08-08 03:20:28.139 DBG] [0HNNKNSO8HTMU:0000000C] Microsoft.EntityFrameworkCore.ChangeTracking: Context 'ApplicationDbContext' started tracking 'SlideConfig' entity. Consider using 'DbContextOptionsBuilder.EnableSensitiveDataLogging' to see key values.
[2026-08-08 03:20:28.139 DBG] [0HNNKNSO8HTMU:0000000C] Microsoft.EntityFrameworkCore.ChangeTracking: 'ApplicationDbContext' generated a temporary value for the property 'SlideConfig.__synthesizedOrdinal'. Consider using 'DbContextOptionsBuilder.EnableSensitiveDataLogging' to see key values.
[2026-08-08 03:20:28.139 DBG] [0HNNKNSO8HTMU:0000000C] Microsoft.EntityFrameworkCore.ChangeTracking: Context 'ApplicationDbContext' started tracking 'SlideConfig' entity. Consider using 'DbContextOptionsBuilder.EnableSensitiveDataLogging' to see key values.
[2026-08-08 03:20:28.139 DBG] [0HNNKNSO8HTMU:0000000C] Microsoft.EntityFrameworkCore.ChangeTracking: 'ApplicationDbContext' generated a temporary value for the property 'SlideConfig.__synthesizedOrdinal'. Consider using 'DbContextOptionsBuilder.EnableSensitiveDataLogging' to see key values.
[2026-08-08 03:20:28.139 DBG] [0HNNKNSO8HTMU:0000000C] Microsoft.EntityFrameworkCore.ChangeTracking: Context 'ApplicationDbContext' started tracking 'SlideConfig' entity. Consider using 'DbContextOptionsBuilder.EnableSensitiveDataLogging' to see key values.
[2026-08-08 03:20:28.139 DBG] [0HNNKNSO8HTMU:0000000C] Microsoft.EntityFrameworkCore.ChangeTracking: 'ApplicationDbContext' generated a temporary value for the property 'SlideConfig.__synthesizedOrdinal'. Consider using 'DbContextOptionsBuilder.EnableSensitiveDataLogging' to see key values.
[2026-08-08 03:20:28.139 DBG] [0HNNKNSO8HTMU:0000000C] Microsoft.EntityFrameworkCore.ChangeTracking: Context 'ApplicationDbContext' started tracking 'SlideConfig' entity. Consider using 'DbContextOptionsBuilder.EnableSensitiveDataLogging' to see key values.
[2026-08-08 03:20:28.140 DBG] [0HNNKNSO8HTMU:0000000C] Microsoft.EntityFrameworkCore.ChangeTracking: 'ApplicationDbContext' generated a temporary value for the property 'SlideConfig.__synthesizedOrdinal'. Consider using 'DbContextOptionsBuilder.EnableSensitiveDataLogging' to see key values.
[2026-08-08 03:20:28.140 DBG] [0HNNKNSO8HTMU:0000000C] Microsoft.EntityFrameworkCore.ChangeTracking: Context 'ApplicationDbContext' started tracking 'SlideConfig' entity. Consider using 'DbContextOptionsBuilder.EnableSensitiveDataLogging' to see key values.
[2026-08-08 03:20:28.140 DBG] [0HNNKNSO8HTMU:0000000C] Microsoft.EntityFrameworkCore.ChangeTracking: DetectChanges completed for 'ApplicationDbContext'.
[2026-08-08 03:20:28.141 DBG] [0HNNKNSO8HTMU:0000000C] Microsoft.EntityFrameworkCore.ChangeTracking: The foreign key property 'SlideConfig.__synthesizedOrdinal' was detected as changed. Consider using 'DbContextOptionsBuilder.EnableSensitiveDataLogging' to see property values.
[2026-08-08 03:20:28.141 DBG] [0HNNKNSO8HTMU:0000000C] Microsoft.EntityFrameworkCore.ChangeTracking: The foreign key property 'SlideConfig.__synthesizedOrdinal' was detected as changed. Consider using 'DbContextOptionsBuilder.EnableSensitiveDataLogging' to see property values.
[2026-08-08 03:20:28.141 DBG] [0HNNKNSO8HTMU:0000000C] Microsoft.EntityFrameworkCore.ChangeTracking: The foreign key property 'SlideConfig.__synthesizedOrdinal' was detected as changed. Consider using 'DbContextOptionsBuilder.EnableSensitiveDataLogging' to see property values.
[2026-08-08 03:20:28.141 DBG] [0HNNKNSO8HTMU:0000000C] Microsoft.EntityFrameworkCore.ChangeTracking: The foreign key property 'SlideConfig.__synthesizedOrdinal' was detected as changed. Consider using 'DbContextOptionsBuilder.EnableSensitiveDataLogging' to see property values.
[2026-08-08 03:20:28.141 DBG] [0HNNKNSO8HTMU:0000000C] Microsoft.EntityFrameworkCore.ChangeTracking: The foreign key property 'SlideConfig.__synthesizedOrdinal' was detected as changed. Consider using 'DbContextOptionsBuilder.EnableSensitiveDataLogging' to see property values.
[2026-08-08 03:20:28.141 DBG] [0HNNKNSO8HTMU:0000000C] Microsoft.EntityFrameworkCore.ChangeTracking: The foreign key property 'SlideConfig.__synthesizedOrdinal' was detected as changed. Consider using 'DbContextOptionsBuilder.EnableSensitiveDataLogging' to see property values.
[2026-08-08 03:20:28.141 DBG] [0HNNKNSO8HTMU:0000000C] Microsoft.EntityFrameworkCore.Database.Connection: Opening connection to database 'supportroom' on server 'tcp://localhost:5432'.
[2026-08-08 03:20:28.141 DBG] [0HNNKNSO8HTMU:0000000C] Microsoft.EntityFrameworkCore.Database.Connection: Opened connection to database 'supportroom' on server 'tcp://localhost:5432'.
[2026-08-08 03:20:28.141 DBG] [0HNNKNSO8HTMU:0000000C] Microsoft.EntityFrameworkCore.Database.Command: Creating DbCommand for 'ExecuteReader'.
[2026-08-08 03:20:28.141 DBG] [0HNNKNSO8HTMU:0000000C] Microsoft.EntityFrameworkCore.Database.Command: Created DbCommand for 'ExecuteReader' (0ms).
[2026-08-08 03:20:28.141 DBG] [0HNNKNSO8HTMU:0000000C] Microsoft.EntityFrameworkCore.Database.Command: Initialized DbCommand for 'ExecuteReader' (0ms).
[2026-08-08 03:20:28.142 DBG] [0HNNKNSO8HTMU:0000000C] Microsoft.EntityFrameworkCore.Database.Command: Executing DbCommand [Parameters=[@p0='?' (DbType = Object), @p18='?', @p1='?' (DbType = Int32), @p2='?', @p3='?' (DbType = DateTime), @p4='?', @p5='?' (DbType = DateTime), @p6='?', @p7='?' (DbType = Int32), @p8='?' (DbType = Int32), @p9='?' (DbType = Boolean), @p10='?' (DbType = Boolean), @p11='?', @p12='?', @p13='?', @p14='?', @p15='?', @p16='?', @p17='?' (DbType = DateTime)], CommandType='Text', CommandTimeout='30']
UPDATE "LessonConfig" SET "SlideConfigs" = @p0, "BreathPauseMs" = @p1, "CreateBy" = @p2, "CreateDate" = @p3, "DeleteBy" = @p4, "DeletedAt" = @p5, "Description" = @p6, "FinalQuestionWaitMs" = @p7, "IntroWaitMs" = @p8, "IsActive" = @p9, "IsDelete" = @p10, "PresentationId" = @p11, "SlidesEmbedUrl" = @p12, "SlidesSourceUrl" = @p13, "Slug" = @p14, "Title" = @p15, "UpdateBy" = @p16, "UpdateDate" = @p17
WHERE "Id" = @p18;
[2026-08-08 03:20:28.145 INF] [0HNNKNSO8HTMU:0000000C] Microsoft.EntityFrameworkCore.Database.Command: Executed DbCommand (4ms) [Parameters=[@p0='?' (DbType = Object), @p18='?', @p1='?' (DbType = Int32), @p2='?', @p3='?' (DbType = DateTime), @p4='?', @p5='?' (DbType = DateTime), @p6='?', @p7='?' (DbType = Int32), @p8='?' (DbType = Int32), @p9='?' (DbType = Boolean), @p10='?' (DbType = Boolean), @p11='?', @p12='?', @p13='?', @p14='?', @p15='?', @p16='?', @p17='?' (DbType = DateTime)], CommandType='Text', CommandTimeout='30']
UPDATE "LessonConfig" SET "SlideConfigs" = @p0, "BreathPauseMs" = @p1, "CreateBy" = @p2, "CreateDate" = @p3, "DeleteBy" = @p4, "DeletedAt" = @p5, "Description" = @p6, "FinalQuestionWaitMs" = @p7, "IntroWaitMs" = @p8, "IsActive" = @p9, "IsDelete" = @p10, "PresentationId" = @p11, "SlidesEmbedUrl" = @p12, "SlidesSourceUrl" = @p13, "Slug" = @p14, "Title" = @p15, "UpdateBy" = @p16, "UpdateDate" = @p17
WHERE "Id" = @p18;
[2026-08-08 03:20:28.146 DBG] [0HNNKNSO8HTMU:0000000C] Microsoft.EntityFrameworkCore.Database.Command: Closing data reader to 'supportroom' on server 'tcp://localhost:5432'.
[2026-08-08 03:20:28.146 DBG] [0HNNKNSO8HTMU:0000000C] Microsoft.EntityFrameworkCore.Database.Command: A data reader for 'supportroom' on server 'tcp://localhost:5432' is being disposed after spending 0ms reading results.
[2026-08-08 03:20:28.146 DBG] [0HNNKNSO8HTMU:0000000C] Microsoft.EntityFrameworkCore.Database.Connection: Closing connection to database 'supportroom' on server 'tcp://localhost:5432'.
[2026-08-08 03:20:28.146 DBG] [0HNNKNSO8HTMU:0000000C] Microsoft.EntityFrameworkCore.Database.Connection: Closed connection to database 'supportroom' on server 'tcp://localhost:5432' (0ms).
[2026-08-08 03:20:28.146 DBG] [0HNNKNSO8HTMU:0000000C] Microsoft.EntityFrameworkCore.ChangeTracking: An entity of type 'SlideConfig' tracked by 'ApplicationDbContext' changed state from 'Added' to 'Unchanged'. Consider using 'DbContextOptionsBuilder.EnableSensitiveDataLogging' to see key values.
[2026-08-08 03:20:28.146 DBG] [0HNNKNSO8HTMU:0000000C] Microsoft.EntityFrameworkCore.ChangeTracking: An entity of type 'SlideConfig' tracked by 'ApplicationDbContext' changed state from 'Deleted' to 'Detached'. Consider using 'DbContextOptionsBuilder.EnableSensitiveDataLogging' to see key values.
[2026-08-08 03:20:28.146 DBG] [0HNNKNSO8HTMU:0000000C] Microsoft.EntityFrameworkCore.ChangeTracking: An entity of type 'SlideConfig' tracked by 'ApplicationDbContext' changed state from 'Added' to 'Unchanged'. Consider using 'DbContextOptionsBuilder.EnableSensitiveDataLogging' to see key values.
[2026-08-08 03:20:28.146 DBG] [0HNNKNSO8HTMU:0000000C] Microsoft.EntityFrameworkCore.ChangeTracking: An entity of type 'SlideConfig' tracked by 'ApplicationDbContext' changed state from 'Deleted' to 'Detached'. Consider using 'DbContextOptionsBuilder.EnableSensitiveDataLogging' to see key values.
[2026-08-08 03:20:28.146 DBG] [0HNNKNSO8HTMU:0000000C] Microsoft.EntityFrameworkCore.ChangeTracking: An entity of type 'SlideConfig' tracked by 'ApplicationDbContext' changed state from 'Added' to 'Unchanged'. Consider using 'DbContextOptionsBuilder.EnableSensitiveDataLogging' to see key values.
[2026-08-08 03:20:28.146 DBG] [0HNNKNSO8HTMU:0000000C] Microsoft.EntityFrameworkCore.ChangeTracking: An entity of type 'SlideConfig' tracked by 'ApplicationDbContext' changed state from 'Deleted' to 'Detached'. Consider using 'DbContextOptionsBuilder.EnableSensitiveDataLogging' to see key values.
[2026-08-08 03:20:28.146 DBG] [0HNNKNSO8HTMU:0000000C] Microsoft.EntityFrameworkCore.ChangeTracking: An entity of type 'SlideConfig' tracked by 'ApplicationDbContext' changed state from 'Added' to 'Unchanged'. Consider using 'DbContextOptionsBuilder.EnableSensitiveDataLogging' to see key values.
[2026-08-08 03:20:28.146 DBG] [0HNNKNSO8HTMU:0000000C] Microsoft.EntityFrameworkCore.ChangeTracking: An entity of type 'SlideConfig' tracked by 'ApplicationDbContext' changed state from 'Deleted' to 'Detached'. Consider using 'DbContextOptionsBuilder.EnableSensitiveDataLogging' to see key values.
[2026-08-08 03:20:28.146 DBG] [0HNNKNSO8HTMU:0000000C] Microsoft.EntityFrameworkCore.ChangeTracking: An entity of type 'SlideConfig' tracked by 'ApplicationDbContext' changed state from 'Added' to 'Unchanged'. Consider using 'DbContextOptionsBuilder.EnableSensitiveDataLogging' to see key values.
[2026-08-08 03:20:28.146 DBG] [0HNNKNSO8HTMU:0000000C] Microsoft.EntityFrameworkCore.ChangeTracking: An entity of type 'SlideConfig' tracked by 'ApplicationDbContext' changed state from 'Deleted' to 'Detached'. Consider using 'DbContextOptionsBuilder.EnableSensitiveDataLogging' to see key values.
[2026-08-08 03:20:28.146 DBG] [0HNNKNSO8HTMU:0000000C] Microsoft.EntityFrameworkCore.ChangeTracking: An entity of type 'SlideConfig' tracked by 'ApplicationDbContext' changed state from 'Added' to 'Unchanged'. Consider using 'DbContextOptionsBuilder.EnableSensitiveDataLogging' to see key values.
[2026-08-08 03:20:28.146 DBG] [0HNNKNSO8HTMU:0000000C] Microsoft.EntityFrameworkCore.ChangeTracking: An entity of type 'SlideConfig' tracked by 'ApplicationDbContext' changed state from 'Deleted' to 'Detached'. Consider using 'DbContextOptionsBuilder.EnableSensitiveDataLogging' to see key values.
[2026-08-08 03:20:28.146 DBG] [0HNNKNSO8HTMU:0000000C] Microsoft.EntityFrameworkCore.ChangeTracking: An entity of type 'LessonConfig' tracked by 'ApplicationDbContext' changed state from 'Modified' to 'Unchanged'. Consider using 'DbContextOptionsBuilder.EnableSensitiveDataLogging' to see key values.
[2026-08-08 03:20:28.146 DBG] [0HNNKNSO8HTMU:0000000C] Microsoft.EntityFrameworkCore.Update: SaveChanges completed for 'ApplicationDbContext' with 1 entities written to the database.
[2026-08-08 03:20:28.146 INF] [0HNNKNSO8HTMU:0000000C] SupportRoom.Application.Services.ILessonConfigService: Lesson updated: login-mobile-test slides=6
[2026-08-08 03:20:28.147 INF] [0HNNKNSO8HTMU:0000000C] SupportRoom.Application.Services.IKnowledgeIndexingService: Indexed 6 chunks into knowledge namespace login-mobile-test
[2026-08-08 03:20:28.147 INF] [0HNNKNSO8HTMU:0000000C] Serilog.AspNetCore.RequestLoggingMiddleware: HTTP POST /api/lessons responded 200 in 13.4087 ms
[2026-08-08 03:20:28.147 DBG] [] Microsoft.EntityFrameworkCore.Infrastructure: 'ApplicationDbContext' disposed.
[2026-08-08 03:20:28.147 DBG] [] Microsoft.EntityFrameworkCore.Database.Connection: Disposing connection to database 'supportroom' on server 'tcp://localhost:5432'.
[2026-08-08 03:20:28.147 DBG] [] Microsoft.EntityFrameworkCore.Database.Connection: Disposed connection to database 'supportroom' on server 'tcp://localhost:5432' (0ms).
[2026-08-08 03:20:28.441 DBG] [0HNNKNSO8HTMU:0000000D] Microsoft.EntityFrameworkCore.Infrastructure: Entity Framework Core 10.0.10 initialized 'ApplicationDbContext' using provider 'Npgsql.EntityFrameworkCore.PostgreSQL:10.0.3+5e912bf071068a44e5abbdab497b313ba99d3ee1' with options: None
[2026-08-08 03:20:28.442 DBG] [0HNNKNSO8HTMU:0000000D] Microsoft.EntityFrameworkCore.Database.Connection: Creating DbConnection.
[2026-08-08 03:20:28.442 DBG] [0HNNKNSO8HTMU:0000000D] Microsoft.EntityFrameworkCore.Database.Connection: Created DbConnection. (0ms).
[2026-08-08 03:20:28.442 DBG] [0HNNKNSO8HTMU:0000000D] Microsoft.EntityFrameworkCore.Database.Connection: Opening connection to database 'supportroom' on server 'tcp://localhost:5432'.
[2026-08-08 03:20:28.442 DBG] [0HNNKNSO8HTMU:0000000D] Microsoft.EntityFrameworkCore.Database.Connection: Opened connection to database 'supportroom' on server 'tcp://localhost:5432'.
[2026-08-08 03:20:28.442 DBG] [0HNNKNSO8HTMU:0000000D] Microsoft.EntityFrameworkCore.Database.Command: Creating DbCommand for 'ExecuteReader'.
[2026-08-08 03:20:28.442 DBG] [0HNNKNSO8HTMU:0000000D] Microsoft.EntityFrameworkCore.Database.Command: Created DbCommand for 'ExecuteReader' (0ms).
[2026-08-08 03:20:28.442 DBG] [0HNNKNSO8HTMU:0000000D] Microsoft.EntityFrameworkCore.Database.Command: Initialized DbCommand for 'ExecuteReader' (0ms).
[2026-08-08 03:20:28.442 DBG] [0HNNKNSO8HTMU:0000000D] Microsoft.EntityFrameworkCore.Database.Command: Executing DbCommand [Parameters=[@slug='?'], CommandType='Text', CommandTimeout='30']
SELECT l."Id", l."BreathPauseMs", l."CreateBy", l."CreateDate", l."DeleteBy", l."DeletedAt", l."Description", l."FinalQuestionWaitMs", l."IntroWaitMs", l."IsActive", l."IsDelete", l."PresentationId", l."SlidesEmbedUrl", l."SlidesSourceUrl", l."Slug", l."Title", l."UpdateBy", l."UpdateDate", l."SlideConfigs"
FROM "LessonConfig" AS l
WHERE l."Slug" = @slug
LIMIT 2
[2026-08-08 03:20:28.448 INF] [0HNNKNSO8HTMU:0000000D] Microsoft.EntityFrameworkCore.Database.Command: Executed DbCommand (5ms) [Parameters=[@slug='?'], CommandType='Text', CommandTimeout='30']
SELECT l."Id", l."BreathPauseMs", l."CreateBy", l."CreateDate", l."DeleteBy", l."DeletedAt", l."Description", l."FinalQuestionWaitMs", l."IntroWaitMs", l."IsActive", l."IsDelete", l."PresentationId", l."SlidesEmbedUrl", l."SlidesSourceUrl", l."Slug", l."Title", l."UpdateBy", l."UpdateDate", l."SlideConfigs"
FROM "LessonConfig" AS l
WHERE l."Slug" = @slug
LIMIT 2
[2026-08-08 03:20:28.448 DBG] [0HNNKNSO8HTMU:0000000D] Microsoft.EntityFrameworkCore.ChangeTracking: Context 'ApplicationDbContext' started tracking 'LessonConfig' entity. Consider using 'DbContextOptionsBuilder.EnableSensitiveDataLogging' to see key values.
[2026-08-08 03:20:28.448 DBG] [0HNNKNSO8HTMU:0000000D] Microsoft.EntityFrameworkCore.ChangeTracking: Context 'ApplicationDbContext' started tracking 'SlideConfig' entity. Consider using 'DbContextOptionsBuilder.EnableSensitiveDataLogging' to see key values.
[2026-08-08 03:20:28.448 DBG] [0HNNKNSO8HTMU:0000000D] Microsoft.EntityFrameworkCore.ChangeTracking: Context 'ApplicationDbContext' started tracking 'SlideConfig' entity. Consider using 'DbContextOptionsBuilder.EnableSensitiveDataLogging' to see key values.
[2026-08-08 03:20:28.448 DBG] [0HNNKNSO8HTMU:0000000D] Microsoft.EntityFrameworkCore.ChangeTracking: Context 'ApplicationDbContext' started tracking 'SlideConfig' entity. Consider using 'DbContextOptionsBuilder.EnableSensitiveDataLogging' to see key values.
[2026-08-08 03:20:28.448 DBG] [0HNNKNSO8HTMU:0000000D] Microsoft.EntityFrameworkCore.ChangeTracking: Context 'ApplicationDbContext' started tracking 'SlideConfig' entity. Consider using 'DbContextOptionsBuilder.EnableSensitiveDataLogging' to see key values.
[2026-08-08 03:20:28.448 DBG] [0HNNKNSO8HTMU:0000000D] Microsoft.EntityFrameworkCore.ChangeTracking: Context 'ApplicationDbContext' started tracking 'SlideConfig' entity. Consider using 'DbContextOptionsBuilder.EnableSensitiveDataLogging' to see key values.
[2026-08-08 03:20:28.448 DBG] [0HNNKNSO8HTMU:0000000D] Microsoft.EntityFrameworkCore.ChangeTracking: Context 'ApplicationDbContext' started tracking 'SlideConfig' entity. Consider using 'DbContextOptionsBuilder.EnableSensitiveDataLogging' to see key values.
[2026-08-08 03:20:28.448 DBG] [0HNNKNSO8HTMU:0000000D] Microsoft.EntityFrameworkCore.Database.Command: Closing data reader to 'supportroom' on server 'tcp://localhost:5432'.
[2026-08-08 03:20:28.448 DBG] [0HNNKNSO8HTMU:0000000D] Microsoft.EntityFrameworkCore.Database.Command: A data reader for 'supportroom' on server 'tcp://localhost:5432' is being disposed after spending 0ms reading results.
[2026-08-08 03:20:28.449 DBG] [0HNNKNSO8HTMU:0000000D] Microsoft.EntityFrameworkCore.Database.Connection: Closing connection to database 'supportroom' on server 'tcp://localhost:5432'.
[2026-08-08 03:20:28.449 DBG] [0HNNKNSO8HTMU:0000000D] Microsoft.EntityFrameworkCore.Database.Connection: Closed connection to database 'supportroom' on server 'tcp://localhost:5432' (0ms).
[2026-08-08 03:20:28.449 DBG] [0HNNKNSO8HTMU:0000000D] Microsoft.EntityFrameworkCore.ChangeTracking: An entity of type 'LessonConfig' tracked by 'ApplicationDbContext' changed state from 'Unchanged' to 'Modified'. Consider using 'DbContextOptionsBuilder.EnableSensitiveDataLogging' to see key values.
[2026-08-08 03:20:28.449 DBG] [0HNNKNSO8HTMU:0000000D] Microsoft.EntityFrameworkCore.Update: SaveChanges starting for 'ApplicationDbContext'.
[2026-08-08 03:20:28.449 DBG] [0HNNKNSO8HTMU:0000000D] Microsoft.EntityFrameworkCore.ChangeTracking: DetectChanges starting for 'ApplicationDbContext'.
[2026-08-08 03:20:28.449 DBG] [0HNNKNSO8HTMU:0000000D] Microsoft.EntityFrameworkCore.ChangeTracking: 6 entities were added and 6 entities were removed from navigation 'LessonConfig.SlideConfigs'. Consider using 'DbContextOptionsBuilder.EnableSensitiveDataLogging' to see key values.
[2026-08-08 03:20:28.449 DBG] [0HNNKNSO8HTMU:0000000D] Microsoft.EntityFrameworkCore.ChangeTracking: An entity of type 'SlideConfig' tracked by 'ApplicationDbContext' changed state from 'Unchanged' to 'Deleted'. Consider using 'DbContextOptionsBuilder.EnableSensitiveDataLogging' to see key values.
[2026-08-08 03:20:28.449 DBG] [0HNNKNSO8HTMU:0000000D] Microsoft.EntityFrameworkCore.ChangeTracking: An entity of type 'SlideConfig' tracked by 'ApplicationDbContext' changed state from 'Unchanged' to 'Deleted'. Consider using 'DbContextOptionsBuilder.EnableSensitiveDataLogging' to see key values.
[2026-08-08 03:20:28.449 DBG] [0HNNKNSO8HTMU:0000000D] Microsoft.EntityFrameworkCore.ChangeTracking: An entity of type 'SlideConfig' tracked by 'ApplicationDbContext' changed state from 'Unchanged' to 'Deleted'. Consider using 'DbContextOptionsBuilder.EnableSensitiveDataLogging' to see key values.
[2026-08-08 03:20:28.449 DBG] [0HNNKNSO8HTMU:0000000D] Microsoft.EntityFrameworkCore.ChangeTracking: An entity of type 'SlideConfig' tracked by 'ApplicationDbContext' changed state from 'Unchanged' to 'Deleted'. Consider using 'DbContextOptionsBuilder.EnableSensitiveDataLogging' to see key values.
[2026-08-08 03:20:28.449 DBG] [0HNNKNSO8HTMU:0000000D] Microsoft.EntityFrameworkCore.ChangeTracking: An entity of type 'SlideConfig' tracked by 'ApplicationDbContext' changed state from 'Unchanged' to 'Deleted'. Consider using 'DbContextOptionsBuilder.EnableSensitiveDataLogging' to see key values.
[2026-08-08 03:20:28.449 DBG] [0HNNKNSO8HTMU:0000000D] Microsoft.EntityFrameworkCore.ChangeTracking: An entity of type 'SlideConfig' tracked by 'ApplicationDbContext' changed state from 'Unchanged' to 'Deleted'. Consider using 'DbContextOptionsBuilder.EnableSensitiveDataLogging' to see key values.
[2026-08-08 03:20:28.449 DBG] [0HNNKNSO8HTMU:0000000D] Microsoft.EntityFrameworkCore.ChangeTracking: 'ApplicationDbContext' generated a temporary value for the property 'SlideConfig.__synthesizedOrdinal'. Consider using 'DbContextOptionsBuilder.EnableSensitiveDataLogging' to see key values.
[2026-08-08 03:20:28.450 DBG] [0HNNKNSO8HTMU:0000000D] Microsoft.EntityFrameworkCore.ChangeTracking: Context 'ApplicationDbContext' started tracking 'SlideConfig' entity. Consider using 'DbContextOptionsBuilder.EnableSensitiveDataLogging' to see key values.
[2026-08-08 03:20:28.450 DBG] [0HNNKNSO8HTMU:0000000D] Microsoft.EntityFrameworkCore.ChangeTracking: 'ApplicationDbContext' generated a temporary value for the property 'SlideConfig.__synthesizedOrdinal'. Consider using 'DbContextOptionsBuilder.EnableSensitiveDataLogging' to see key values.
[2026-08-08 03:20:28.450 DBG] [0HNNKNSO8HTMU:0000000D] Microsoft.EntityFrameworkCore.ChangeTracking: Context 'ApplicationDbContext' started tracking 'SlideConfig' entity. Consider using 'DbContextOptionsBuilder.EnableSensitiveDataLogging' to see key values.
[2026-08-08 03:20:28.451 DBG] [0HNNKNSO8HTMU:0000000D] Microsoft.EntityFrameworkCore.ChangeTracking: 'ApplicationDbContext' generated a temporary value for the property 'SlideConfig.__synthesizedOrdinal'. Consider using 'DbContextOptionsBuilder.EnableSensitiveDataLogging' to see key values.
[2026-08-08 03:20:28.451 DBG] [0HNNKNSO8HTMU:0000000D] Microsoft.EntityFrameworkCore.ChangeTracking: Context 'ApplicationDbContext' started tracking 'SlideConfig' entity. Consider using 'DbContextOptionsBuilder.EnableSensitiveDataLogging' to see key values.
[2026-08-08 03:20:28.451 DBG] [0HNNKNSO8HTMU:0000000D] Microsoft.EntityFrameworkCore.ChangeTracking: 'ApplicationDbContext' generated a temporary value for the property 'SlideConfig.__synthesizedOrdinal'. Consider using 'DbContextOptionsBuilder.EnableSensitiveDataLogging' to see key values.
[2026-08-08 03:20:28.451 DBG] [0HNNKNSO8HTMU:0000000D] Microsoft.EntityFrameworkCore.ChangeTracking: Context 'ApplicationDbContext' started tracking 'SlideConfig' entity. Consider using 'DbContextOptionsBuilder.EnableSensitiveDataLogging' to see key values.
[2026-08-08 03:20:28.451 DBG] [0HNNKNSO8HTMU:0000000D] Microsoft.EntityFrameworkCore.ChangeTracking: 'ApplicationDbContext' generated a temporary value for the property 'SlideConfig.__synthesizedOrdinal'. Consider using 'DbContextOptionsBuilder.EnableSensitiveDataLogging' to see key values.
[2026-08-08 03:20:28.451 DBG] [0HNNKNSO8HTMU:0000000D] Microsoft.EntityFrameworkCore.ChangeTracking: Context 'ApplicationDbContext' started tracking 'SlideConfig' entity. Consider using 'DbContextOptionsBuilder.EnableSensitiveDataLogging' to see key values.
[2026-08-08 03:20:28.451 DBG] [0HNNKNSO8HTMU:0000000D] Microsoft.EntityFrameworkCore.ChangeTracking: 'ApplicationDbContext' generated a temporary value for the property 'SlideConfig.__synthesizedOrdinal'. Consider using 'DbContextOptionsBuilder.EnableSensitiveDataLogging' to see key values.
[2026-08-08 03:20:28.451 DBG] [0HNNKNSO8HTMU:0000000D] Microsoft.EntityFrameworkCore.ChangeTracking: Context 'ApplicationDbContext' started tracking 'SlideConfig' entity. Consider using 'DbContextOptionsBuilder.EnableSensitiveDataLogging' to see key values.
[2026-08-08 03:20:28.452 DBG] [0HNNKNSO8HTMU:0000000D] Microsoft.EntityFrameworkCore.ChangeTracking: DetectChanges completed for 'ApplicationDbContext'.
[2026-08-08 03:20:28.453 DBG] [0HNNKNSO8HTMU:0000000D] Microsoft.EntityFrameworkCore.ChangeTracking: The foreign key property 'SlideConfig.__synthesizedOrdinal' was detected as changed. Consider using 'DbContextOptionsBuilder.EnableSensitiveDataLogging' to see property values.
[2026-08-08 03:20:28.453 DBG] [0HNNKNSO8HTMU:0000000D] Microsoft.EntityFrameworkCore.ChangeTracking: The foreign key property 'SlideConfig.__synthesizedOrdinal' was detected as changed. Consider using 'DbContextOptionsBuilder.EnableSensitiveDataLogging' to see property values.
[2026-08-08 03:20:28.453 DBG] [0HNNKNSO8HTMU:0000000D] Microsoft.EntityFrameworkCore.ChangeTracking: The foreign key property 'SlideConfig.__synthesizedOrdinal' was detected as changed. Consider using 'DbContextOptionsBuilder.EnableSensitiveDataLogging' to see property values.
[2026-08-08 03:20:28.453 DBG] [0HNNKNSO8HTMU:0000000D] Microsoft.EntityFrameworkCore.ChangeTracking: The foreign key property 'SlideConfig.__synthesizedOrdinal' was detected as changed. Consider using 'DbContextOptionsBuilder.EnableSensitiveDataLogging' to see property values.
[2026-08-08 03:20:28.453 DBG] [0HNNKNSO8HTMU:0000000D] Microsoft.EntityFrameworkCore.ChangeTracking: The foreign key property 'SlideConfig.__synthesizedOrdinal' was detected as changed. Consider using 'DbContextOptionsBuilder.EnableSensitiveDataLogging' to see property values.
[2026-08-08 03:20:28.453 DBG] [0HNNKNSO8HTMU:0000000D] Microsoft.EntityFrameworkCore.ChangeTracking: The foreign key property 'SlideConfig.__synthesizedOrdinal' was detected as changed. Consider using 'DbContextOptionsBuilder.EnableSensitiveDataLogging' to see property values.
[2026-08-08 03:20:28.453 DBG] [0HNNKNSO8HTMU:0000000D] Microsoft.EntityFrameworkCore.Database.Connection: Opening connection to database 'supportroom' on server 'tcp://localhost:5432'.
[2026-08-08 03:20:28.453 DBG] [0HNNKNSO8HTMU:0000000D] Microsoft.EntityFrameworkCore.Database.Connection: Opened connection to database 'supportroom' on server 'tcp://localhost:5432'.
[2026-08-08 03:20:28.453 DBG] [0HNNKNSO8HTMU:0000000D] Microsoft.EntityFrameworkCore.Database.Command: Creating DbCommand for 'ExecuteReader'.
[2026-08-08 03:20:28.453 DBG] [0HNNKNSO8HTMU:0000000D] Microsoft.EntityFrameworkCore.Database.Command: Created DbCommand for 'ExecuteReader' (0ms).
[2026-08-08 03:20:28.453 DBG] [0HNNKNSO8HTMU:0000000D] Microsoft.EntityFrameworkCore.Database.Command: Initialized DbCommand for 'ExecuteReader' (0ms).
[2026-08-08 03:20:28.454 DBG] [0HNNKNSO8HTMU:0000000D] Microsoft.EntityFrameworkCore.Database.Command: Executing DbCommand [Parameters=[@p0='?' (DbType = Object), @p18='?', @p1='?' (DbType = Int32), @p2='?', @p3='?' (DbType = DateTime), @p4='?', @p5='?' (DbType = DateTime), @p6='?', @p7='?' (DbType = Int32), @p8='?' (DbType = Int32), @p9='?' (DbType = Boolean), @p10='?' (DbType = Boolean), @p11='?', @p12='?', @p13='?', @p14='?', @p15='?', @p16='?', @p17='?' (DbType = DateTime)], CommandType='Text', CommandTimeout='30']
UPDATE "LessonConfig" SET "SlideConfigs" = @p0, "BreathPauseMs" = @p1, "CreateBy" = @p2, "CreateDate" = @p3, "DeleteBy" = @p4, "DeletedAt" = @p5, "Description" = @p6, "FinalQuestionWaitMs" = @p7, "IntroWaitMs" = @p8, "IsActive" = @p9, "IsDelete" = @p10, "PresentationId" = @p11, "SlidesEmbedUrl" = @p12, "SlidesSourceUrl" = @p13, "Slug" = @p14, "Title" = @p15, "UpdateBy" = @p16, "UpdateDate" = @p17
WHERE "Id" = @p18;
[2026-08-08 03:20:28.457 INF] [0HNNKNSO8HTMU:0000000D] Microsoft.EntityFrameworkCore.Database.Command: Executed DbCommand (4ms) [Parameters=[@p0='?' (DbType = Object), @p18='?', @p1='?' (DbType = Int32), @p2='?', @p3='?' (DbType = DateTime), @p4='?', @p5='?' (DbType = DateTime), @p6='?', @p7='?' (DbType = Int32), @p8='?' (DbType = Int32), @p9='?' (DbType = Boolean), @p10='?' (DbType = Boolean), @p11='?', @p12='?', @p13='?', @p14='?', @p15='?', @p16='?', @p17='?' (DbType = DateTime)], CommandType='Text', CommandTimeout='30']
UPDATE "LessonConfig" SET "SlideConfigs" = @p0, "BreathPauseMs" = @p1, "CreateBy" = @p2, "CreateDate" = @p3, "DeleteBy" = @p4, "DeletedAt" = @p5, "Description" = @p6, "FinalQuestionWaitMs" = @p7, "IntroWaitMs" = @p8, "IsActive" = @p9, "IsDelete" = @p10, "PresentationId" = @p11, "SlidesEmbedUrl" = @p12, "SlidesSourceUrl" = @p13, "Slug" = @p14, "Title" = @p15, "UpdateBy" = @p16, "UpdateDate" = @p17
WHERE "Id" = @p18;
[2026-08-08 03:20:28.457 DBG] [0HNNKNSO8HTMU:0000000D] Microsoft.EntityFrameworkCore.Database.Command: Closing data reader to 'supportroom' on server 'tcp://localhost:5432'.
[2026-08-08 03:20:28.457 DBG] [0HNNKNSO8HTMU:0000000D] Microsoft.EntityFrameworkCore.Database.Command: A data reader for 'supportroom' on server 'tcp://localhost:5432' is being disposed after spending 0ms reading results.
[2026-08-08 03:20:28.457 DBG] [0HNNKNSO8HTMU:0000000D] Microsoft.EntityFrameworkCore.Database.Connection: Closing connection to database 'supportroom' on server 'tcp://localhost:5432'.
[2026-08-08 03:20:28.457 DBG] [0HNNKNSO8HTMU:0000000D] Microsoft.EntityFrameworkCore.Database.Connection: Closed connection to database 'supportroom' on server 'tcp://localhost:5432' (0ms).
[2026-08-08 03:20:28.457 DBG] [0HNNKNSO8HTMU:0000000D] Microsoft.EntityFrameworkCore.ChangeTracking: An entity of type 'SlideConfig' tracked by 'ApplicationDbContext' changed state from 'Added' to 'Unchanged'. Consider using 'DbContextOptionsBuilder.EnableSensitiveDataLogging' to see key values.
[2026-08-08 03:20:28.457 DBG] [0HNNKNSO8HTMU:0000000D] Microsoft.EntityFrameworkCore.ChangeTracking: An entity of type 'SlideConfig' tracked by 'ApplicationDbContext' changed state from 'Deleted' to 'Detached'. Consider using 'DbContextOptionsBuilder.EnableSensitiveDataLogging' to see key values.
[2026-08-08 03:20:28.458 DBG] [0HNNKNSO8HTMU:0000000D] Microsoft.EntityFrameworkCore.ChangeTracking: An entity of type 'SlideConfig' tracked by 'ApplicationDbContext' changed state from 'Added' to 'Unchanged'. Consider using 'DbContextOptionsBuilder.EnableSensitiveDataLogging' to see key values.
[2026-08-08 03:20:28.458 DBG] [0HNNKNSO8HTMU:0000000D] Microsoft.EntityFrameworkCore.ChangeTracking: An entity of type 'SlideConfig' tracked by 'ApplicationDbContext' changed state from 'Deleted' to 'Detached'. Consider using 'DbContextOptionsBuilder.EnableSensitiveDataLogging' to see key values.
[2026-08-08 03:20:28.458 DBG] [0HNNKNSO8HTMU:0000000D] Microsoft.EntityFrameworkCore.ChangeTracking: An entity of type 'SlideConfig' tracked by 'ApplicationDbContext' changed state from 'Added' to 'Unchanged'. Consider using 'DbContextOptionsBuilder.EnableSensitiveDataLogging' to see key values.
[2026-08-08 03:20:28.458 DBG] [0HNNKNSO8HTMU:0000000D] Microsoft.EntityFrameworkCore.ChangeTracking: An entity of type 'SlideConfig' tracked by 'ApplicationDbContext' changed state from 'Deleted' to 'Detached'. Consider using 'DbContextOptionsBuilder.EnableSensitiveDataLogging' to see key values.
[2026-08-08 03:20:28.458 DBG] [0HNNKNSO8HTMU:0000000D] Microsoft.EntityFrameworkCore.ChangeTracking: An entity of type 'SlideConfig' tracked by 'ApplicationDbContext' changed state from 'Added' to 'Unchanged'. Consider using 'DbContextOptionsBuilder.EnableSensitiveDataLogging' to see key values.
[2026-08-08 03:20:28.458 DBG] [0HNNKNSO8HTMU:0000000D] Microsoft.EntityFrameworkCore.ChangeTracking: An entity of type 'SlideConfig' tracked by 'ApplicationDbContext' changed state from 'Deleted' to 'Detached'. Consider using 'DbContextOptionsBuilder.EnableSensitiveDataLogging' to see key values.
[2026-08-08 03:20:28.458 DBG] [0HNNKNSO8HTMU:0000000D] Microsoft.EntityFrameworkCore.ChangeTracking: An entity of type 'SlideConfig' tracked by 'ApplicationDbContext' changed state from 'Added' to 'Unchanged'. Consider using 'DbContextOptionsBuilder.EnableSensitiveDataLogging' to see key values.
[2026-08-08 03:20:28.458 DBG] [0HNNKNSO8HTMU:0000000D] Microsoft.EntityFrameworkCore.ChangeTracking: An entity of type 'SlideConfig' tracked by 'ApplicationDbContext' changed state from 'Deleted' to 'Detached'. Consider using 'DbContextOptionsBuilder.EnableSensitiveDataLogging' to see key values.
[2026-08-08 03:20:28.458 DBG] [0HNNKNSO8HTMU:0000000D] Microsoft.EntityFrameworkCore.ChangeTracking: An entity of type 'SlideConfig' tracked by 'ApplicationDbContext' changed state from 'Added' to 'Unchanged'. Consider using 'DbContextOptionsBuilder.EnableSensitiveDataLogging' to see key values.
[2026-08-08 03:20:28.458 DBG] [0HNNKNSO8HTMU:0000000D] Microsoft.EntityFrameworkCore.ChangeTracking: An entity of type 'SlideConfig' tracked by 'ApplicationDbContext' changed state from 'Deleted' to 'Detached'. Consider using 'DbContextOptionsBuilder.EnableSensitiveDataLogging' to see key values.
[2026-08-08 03:20:28.458 DBG] [0HNNKNSO8HTMU:0000000D] Microsoft.EntityFrameworkCore.ChangeTracking: An entity of type 'LessonConfig' tracked by 'ApplicationDbContext' changed state from 'Modified' to 'Unchanged'. Consider using 'DbContextOptionsBuilder.EnableSensitiveDataLogging' to see key values.
[2026-08-08 03:20:28.458 DBG] [0HNNKNSO8HTMU:0000000D] Microsoft.EntityFrameworkCore.Update: SaveChanges completed for 'ApplicationDbContext' with 1 entities written to the database.
[2026-08-08 03:20:28.458 INF] [0HNNKNSO8HTMU:0000000D] SupportRoom.Application.Services.ILessonConfigService: Lesson updated: login-mobile-test slides=6
[2026-08-08 03:20:28.458 INF] [0HNNKNSO8HTMU:0000000D] SupportRoom.Application.Services.IKnowledgeIndexingService: Indexed 6 chunks into knowledge namespace login-mobile-test
[2026-08-08 03:20:28.458 INF] [0HNNKNSO8HTMU:0000000D] Serilog.AspNetCore.RequestLoggingMiddleware: HTTP POST /api/lessons responded 200 in 17.7395 ms
[2026-08-08 03:20:28.458 DBG] [] Microsoft.EntityFrameworkCore.Infrastructure: 'ApplicationDbContext' disposed.
[2026-08-08 03:20:28.458 DBG] [] Microsoft.EntityFrameworkCore.Database.Connection: Disposing connection to database 'supportroom' on server 'tcp://localhost:5432'.
[2026-08-08 03:20:28.458 DBG] [] Microsoft.EntityFrameworkCore.Database.Connection: Disposed connection to database 'supportroom' on server 'tcp://localhost:5432' (0ms).
[2026-08-08 03:20:28.662 DBG] [0HNNKNSO8HTMU:0000000E] Microsoft.EntityFrameworkCore.Infrastructure: Entity Framework Core 10.0.10 initialized 'ApplicationDbContext' using provider 'Npgsql.EntityFrameworkCore.PostgreSQL:10.0.3+5e912bf071068a44e5abbdab497b313ba99d3ee1' with options: None
[2026-08-08 03:20:28.663 DBG] [0HNNKNSO8HTMU:0000000E] Microsoft.EntityFrameworkCore.Database.Connection: Creating DbConnection.
[2026-08-08 03:20:28.663 DBG] [0HNNKNSO8HTMU:0000000E] Microsoft.EntityFrameworkCore.Database.Connection: Created DbConnection. (0ms).
[2026-08-08 03:20:28.663 DBG] [0HNNKNSO8HTMU:0000000E] Microsoft.EntityFrameworkCore.Database.Connection: Opening connection to database 'supportroom' on server 'tcp://localhost:5432'.
[2026-08-08 03:20:28.663 DBG] [0HNNKNSO8HTMU:0000000E] Microsoft.EntityFrameworkCore.Database.Connection: Opened connection to database 'supportroom' on server 'tcp://localhost:5432'.
[2026-08-08 03:20:28.663 DBG] [0HNNKNSO8HTMU:0000000E] Microsoft.EntityFrameworkCore.Database.Command: Creating DbCommand for 'ExecuteReader'.
[2026-08-08 03:20:28.663 DBG] [0HNNKNSO8HTMU:0000000E] Microsoft.EntityFrameworkCore.Database.Command: Created DbCommand for 'ExecuteReader' (0ms).
[2026-08-08 03:20:28.663 DBG] [0HNNKNSO8HTMU:0000000E] Microsoft.EntityFrameworkCore.Database.Command: Initialized DbCommand for 'ExecuteReader' (0ms).
[2026-08-08 03:20:28.663 DBG] [0HNNKNSO8HTMU:0000000E] Microsoft.EntityFrameworkCore.Database.Command: Executing DbCommand [Parameters=[@slug='?'], CommandType='Text', CommandTimeout='30']
SELECT l."Id", l."BreathPauseMs", l."CreateBy", l."CreateDate", l."DeleteBy", l."DeletedAt", l."Description", l."FinalQuestionWaitMs", l."IntroWaitMs", l."IsActive", l."IsDelete", l."PresentationId", l."SlidesEmbedUrl", l."SlidesSourceUrl", l."Slug", l."Title", l."UpdateBy", l."UpdateDate", l."SlideConfigs"
FROM "LessonConfig" AS l
WHERE l."Slug" = @slug
LIMIT 2
[2026-08-08 03:20:28.665 INF] [0HNNKNSO8HTMU:0000000E] Microsoft.EntityFrameworkCore.Database.Command: Executed DbCommand (2ms) [Parameters=[@slug='?'], CommandType='Text', CommandTimeout='30']
SELECT l."Id", l."BreathPauseMs", l."CreateBy", l."CreateDate", l."DeleteBy", l."DeletedAt", l."Description", l."FinalQuestionWaitMs", l."IntroWaitMs", l."IsActive", l."IsDelete", l."PresentationId", l."SlidesEmbedUrl", l."SlidesSourceUrl", l."Slug", l."Title", l."UpdateBy", l."UpdateDate", l."SlideConfigs"
FROM "LessonConfig" AS l
WHERE l."Slug" = @slug
LIMIT 2
[2026-08-08 03:20:28.665 DBG] [0HNNKNSO8HTMU:0000000E] Microsoft.EntityFrameworkCore.ChangeTracking: Context 'ApplicationDbContext' started tracking 'LessonConfig' entity. Consider using 'DbContextOptionsBuilder.EnableSensitiveDataLogging' to see key values.
[2026-08-08 03:20:28.666 DBG] [0HNNKNSO8HTMU:0000000E] Microsoft.EntityFrameworkCore.ChangeTracking: Context 'ApplicationDbContext' started tracking 'SlideConfig' entity. Consider using 'DbContextOptionsBuilder.EnableSensitiveDataLogging' to see key values.
[2026-08-08 03:20:28.666 DBG] [0HNNKNSO8HTMU:0000000E] Microsoft.EntityFrameworkCore.ChangeTracking: Context 'ApplicationDbContext' started tracking 'SlideConfig' entity. Consider using 'DbContextOptionsBuilder.EnableSensitiveDataLogging' to see key values.
[2026-08-08 03:20:28.666 DBG] [0HNNKNSO8HTMU:0000000E] Microsoft.EntityFrameworkCore.ChangeTracking: Context 'ApplicationDbContext' started tracking 'SlideConfig' entity. Consider using 'DbContextOptionsBuilder.EnableSensitiveDataLogging' to see key values.
[2026-08-08 03:20:28.666 DBG] [0HNNKNSO8HTMU:0000000E] Microsoft.EntityFrameworkCore.ChangeTracking: Context 'ApplicationDbContext' started tracking 'SlideConfig' entity. Consider using 'DbContextOptionsBuilder.EnableSensitiveDataLogging' to see key values.
[2026-08-08 03:20:28.666 DBG] [0HNNKNSO8HTMU:0000000E] Microsoft.EntityFrameworkCore.ChangeTracking: Context 'ApplicationDbContext' started tracking 'SlideConfig' entity. Consider using 'DbContextOptionsBuilder.EnableSensitiveDataLogging' to see key values.
[2026-08-08 03:20:28.666 DBG] [0HNNKNSO8HTMU:0000000E] Microsoft.EntityFrameworkCore.ChangeTracking: Context 'ApplicationDbContext' started tracking 'SlideConfig' entity. Consider using 'DbContextOptionsBuilder.EnableSensitiveDataLogging' to see key values.
[2026-08-08 03:20:28.666 DBG] [0HNNKNSO8HTMU:0000000E] Microsoft.EntityFrameworkCore.Database.Command: Closing data reader to 'supportroom' on server 'tcp://localhost:5432'.
[2026-08-08 03:20:28.666 DBG] [0HNNKNSO8HTMU:0000000E] Microsoft.EntityFrameworkCore.Database.Command: A data reader for 'supportroom' on server 'tcp://localhost:5432' is being disposed after spending 0ms reading results.
[2026-08-08 03:20:28.666 DBG] [0HNNKNSO8HTMU:0000000E] Microsoft.EntityFrameworkCore.Database.Connection: Closing connection to database 'supportroom' on server 'tcp://localhost:5432'.
[2026-08-08 03:20:28.666 DBG] [0HNNKNSO8HTMU:0000000E] Microsoft.EntityFrameworkCore.Database.Connection: Closed connection to database 'supportroom' on server 'tcp://localhost:5432' (0ms).
[2026-08-08 03:20:28.666 DBG] [0HNNKNSO8HTMU:0000000E] Microsoft.EntityFrameworkCore.ChangeTracking: An entity of type 'LessonConfig' tracked by 'ApplicationDbContext' changed state from 'Unchanged' to 'Modified'. Consider using 'DbContextOptionsBuilder.EnableSensitiveDataLogging' to see key values.
[2026-08-08 03:20:28.666 DBG] [0HNNKNSO8HTMU:0000000E] Microsoft.EntityFrameworkCore.Update: SaveChanges starting for 'ApplicationDbContext'.
[2026-08-08 03:20:28.666 DBG] [0HNNKNSO8HTMU:0000000E] Microsoft.EntityFrameworkCore.ChangeTracking: DetectChanges starting for 'ApplicationDbContext'.
[2026-08-08 03:20:28.666 DBG] [0HNNKNSO8HTMU:0000000E] Microsoft.EntityFrameworkCore.ChangeTracking: 6 entities were added and 6 entities were removed from navigation 'LessonConfig.SlideConfigs'. Consider using 'DbContextOptionsBuilder.EnableSensitiveDataLogging' to see key values.
[2026-08-08 03:20:28.666 DBG] [0HNNKNSO8HTMU:0000000E] Microsoft.EntityFrameworkCore.ChangeTracking: An entity of type 'SlideConfig' tracked by 'ApplicationDbContext' changed state from 'Unchanged' to 'Deleted'. Consider using 'DbContextOptionsBuilder.EnableSensitiveDataLogging' to see key values.
[2026-08-08 03:20:28.667 DBG] [0HNNKNSO8HTMU:0000000E] Microsoft.EntityFrameworkCore.ChangeTracking: An entity of type 'SlideConfig' tracked by 'ApplicationDbContext' changed state from 'Unchanged' to 'Deleted'. Consider using 'DbContextOptionsBuilder.EnableSensitiveDataLogging' to see key values.
[2026-08-08 03:20:28.667 DBG] [0HNNKNSO8HTMU:0000000E] Microsoft.EntityFrameworkCore.ChangeTracking: An entity of type 'SlideConfig' tracked by 'ApplicationDbContext' changed state from 'Unchanged' to 'Deleted'. Consider using 'DbContextOptionsBuilder.EnableSensitiveDataLogging' to see key values.
[2026-08-08 03:20:28.667 DBG] [0HNNKNSO8HTMU:0000000E] Microsoft.EntityFrameworkCore.ChangeTracking: An entity of type 'SlideConfig' tracked by 'ApplicationDbContext' changed state from 'Unchanged' to 'Deleted'. Consider using 'DbContextOptionsBuilder.EnableSensitiveDataLogging' to see key values.
[2026-08-08 03:20:28.667 DBG] [0HNNKNSO8HTMU:0000000E] Microsoft.EntityFrameworkCore.ChangeTracking: An entity of type 'SlideConfig' tracked by 'ApplicationDbContext' changed state from 'Unchanged' to 'Deleted'. Consider using 'DbContextOptionsBuilder.EnableSensitiveDataLogging' to see key values.
[2026-08-08 03:20:28.667 DBG] [0HNNKNSO8HTMU:0000000E] Microsoft.EntityFrameworkCore.ChangeTracking: An entity of type 'SlideConfig' tracked by 'ApplicationDbContext' changed state from 'Unchanged' to 'Deleted'. Consider using 'DbContextOptionsBuilder.EnableSensitiveDataLogging' to see key values.
[2026-08-08 03:20:28.667 DBG] [0HNNKNSO8HTMU:0000000E] Microsoft.EntityFrameworkCore.ChangeTracking: 'ApplicationDbContext' generated a temporary value for the property 'SlideConfig.__synthesizedOrdinal'. Consider using 'DbContextOptionsBuilder.EnableSensitiveDataLogging' to see key values.
[2026-08-08 03:20:28.667 DBG] [0HNNKNSO8HTMU:0000000E] Microsoft.EntityFrameworkCore.ChangeTracking: Context 'ApplicationDbContext' started tracking 'SlideConfig' entity. Consider using 'DbContextOptionsBuilder.EnableSensitiveDataLogging' to see key values.
[2026-08-08 03:20:28.667 DBG] [0HNNKNSO8HTMU:0000000E] Microsoft.EntityFrameworkCore.ChangeTracking: 'ApplicationDbContext' generated a temporary value for the property 'SlideConfig.__synthesizedOrdinal'. Consider using 'DbContextOptionsBuilder.EnableSensitiveDataLogging' to see key values.
[2026-08-08 03:20:28.667 DBG] [0HNNKNSO8HTMU:0000000E] Microsoft.EntityFrameworkCore.ChangeTracking: Context 'ApplicationDbContext' started tracking 'SlideConfig' entity. Consider using 'DbContextOptionsBuilder.EnableSensitiveDataLogging' to see key values.
[2026-08-08 03:20:28.668 DBG] [0HNNKNSO8HTMU:0000000E] Microsoft.EntityFrameworkCore.ChangeTracking: 'ApplicationDbContext' generated a temporary value for the property 'SlideConfig.__synthesizedOrdinal'. Consider using 'DbContextOptionsBuilder.EnableSensitiveDataLogging' to see key values.
[2026-08-08 03:20:28.668 DBG] [0HNNKNSO8HTMU:0000000E] Microsoft.EntityFrameworkCore.ChangeTracking: Context 'ApplicationDbContext' started tracking 'SlideConfig' entity. Consider using 'DbContextOptionsBuilder.EnableSensitiveDataLogging' to see key values.
[2026-08-08 03:20:28.668 DBG] [0HNNKNSO8HTMU:0000000E] Microsoft.EntityFrameworkCore.ChangeTracking: 'ApplicationDbContext' generated a temporary value for the property 'SlideConfig.__synthesizedOrdinal'. Consider using 'DbContextOptionsBuilder.EnableSensitiveDataLogging' to see key values.
[2026-08-08 03:20:28.668 DBG] [0HNNKNSO8HTMU:0000000E] Microsoft.EntityFrameworkCore.ChangeTracking: Context 'ApplicationDbContext' started tracking 'SlideConfig' entity. Consider using 'DbContextOptionsBuilder.EnableSensitiveDataLogging' to see key values.
[2026-08-08 03:20:28.668 DBG] [0HNNKNSO8HTMU:0000000E] Microsoft.EntityFrameworkCore.ChangeTracking: 'ApplicationDbContext' generated a temporary value for the property 'SlideConfig.__synthesizedOrdinal'. Consider using 'DbContextOptionsBuilder.EnableSensitiveDataLogging' to see key values.
[2026-08-08 03:20:28.668 DBG] [0HNNKNSO8HTMU:0000000E] Microsoft.EntityFrameworkCore.ChangeTracking: Context 'ApplicationDbContext' started tracking 'SlideConfig' entity. Consider using 'DbContextOptionsBuilder.EnableSensitiveDataLogging' to see key values.
[2026-08-08 03:20:28.668 DBG] [0HNNKNSO8HTMU:0000000E] Microsoft.EntityFrameworkCore.ChangeTracking: 'ApplicationDbContext' generated a temporary value for the property 'SlideConfig.__synthesizedOrdinal'. Consider using 'DbContextOptionsBuilder.EnableSensitiveDataLogging' to see key values.
[2026-08-08 03:20:28.668 DBG] [0HNNKNSO8HTMU:0000000E] Microsoft.EntityFrameworkCore.ChangeTracking: Context 'ApplicationDbContext' started tracking 'SlideConfig' entity. Consider using 'DbContextOptionsBuilder.EnableSensitiveDataLogging' to see key values.
[2026-08-08 03:20:28.668 DBG] [0HNNKNSO8HTMU:0000000E] Microsoft.EntityFrameworkCore.ChangeTracking: DetectChanges completed for 'ApplicationDbContext'.
[2026-08-08 03:20:28.669 DBG] [0HNNKNSO8HTMU:0000000E] Microsoft.EntityFrameworkCore.ChangeTracking: The foreign key property 'SlideConfig.__synthesizedOrdinal' was detected as changed. Consider using 'DbContextOptionsBuilder.EnableSensitiveDataLogging' to see property values.
[2026-08-08 03:20:28.669 DBG] [0HNNKNSO8HTMU:0000000E] Microsoft.EntityFrameworkCore.ChangeTracking: The foreign key property 'SlideConfig.__synthesizedOrdinal' was detected as changed. Consider using 'DbContextOptionsBuilder.EnableSensitiveDataLogging' to see property values.
[2026-08-08 03:20:28.669 DBG] [0HNNKNSO8HTMU:0000000E] Microsoft.EntityFrameworkCore.ChangeTracking: The foreign key property 'SlideConfig.__synthesizedOrdinal' was detected as changed. Consider using 'DbContextOptionsBuilder.EnableSensitiveDataLogging' to see property values.
[2026-08-08 03:20:28.669 DBG] [0HNNKNSO8HTMU:0000000E] Microsoft.EntityFrameworkCore.ChangeTracking: The foreign key property 'SlideConfig.__synthesizedOrdinal' was detected as changed. Consider using 'DbContextOptionsBuilder.EnableSensitiveDataLogging' to see property values.
[2026-08-08 03:20:28.669 DBG] [0HNNKNSO8HTMU:0000000E] Microsoft.EntityFrameworkCore.ChangeTracking: The foreign key property 'SlideConfig.__synthesizedOrdinal' was detected as changed. Consider using 'DbContextOptionsBuilder.EnableSensitiveDataLogging' to see property values.
[2026-08-08 03:20:28.669 DBG] [0HNNKNSO8HTMU:0000000E] Microsoft.EntityFrameworkCore.ChangeTracking: The foreign key property 'SlideConfig.__synthesizedOrdinal' was detected as changed. Consider using 'DbContextOptionsBuilder.EnableSensitiveDataLogging' to see property values.
[2026-08-08 03:20:28.669 DBG] [0HNNKNSO8HTMU:0000000E] Microsoft.EntityFrameworkCore.Database.Connection: Opening connection to database 'supportroom' on server 'tcp://localhost:5432'.
[2026-08-08 03:20:28.669 DBG] [0HNNKNSO8HTMU:0000000E] Microsoft.EntityFrameworkCore.Database.Connection: Opened connection to database 'supportroom' on server 'tcp://localhost:5432'.
[2026-08-08 03:20:28.669 DBG] [0HNNKNSO8HTMU:0000000E] Microsoft.EntityFrameworkCore.Database.Command: Creating DbCommand for 'ExecuteReader'.
[2026-08-08 03:20:28.670 DBG] [0HNNKNSO8HTMU:0000000E] Microsoft.EntityFrameworkCore.Database.Command: Created DbCommand for 'ExecuteReader' (0ms).
[2026-08-08 03:20:28.670 DBG] [0HNNKNSO8HTMU:0000000E] Microsoft.EntityFrameworkCore.Database.Command: Initialized DbCommand for 'ExecuteReader' (0ms).
[2026-08-08 03:20:28.670 DBG] [0HNNKNSO8HTMU:0000000E] Microsoft.EntityFrameworkCore.Database.Command: Executing DbCommand [Parameters=[@p0='?' (DbType = Object), @p18='?', @p1='?' (DbType = Int32), @p2='?', @p3='?' (DbType = DateTime), @p4='?', @p5='?' (DbType = DateTime), @p6='?', @p7='?' (DbType = Int32), @p8='?' (DbType = Int32), @p9='?' (DbType = Boolean), @p10='?' (DbType = Boolean), @p11='?', @p12='?', @p13='?', @p14='?', @p15='?', @p16='?', @p17='?' (DbType = DateTime)], CommandType='Text', CommandTimeout='30']
UPDATE "LessonConfig" SET "SlideConfigs" = @p0, "BreathPauseMs" = @p1, "CreateBy" = @p2, "CreateDate" = @p3, "DeleteBy" = @p4, "DeletedAt" = @p5, "Description" = @p6, "FinalQuestionWaitMs" = @p7, "IntroWaitMs" = @p8, "IsActive" = @p9, "IsDelete" = @p10, "PresentationId" = @p11, "SlidesEmbedUrl" = @p12, "SlidesSourceUrl" = @p13, "Slug" = @p14, "Title" = @p15, "UpdateBy" = @p16, "UpdateDate" = @p17
WHERE "Id" = @p18;
[2026-08-08 03:20:28.675 INF] [0HNNKNSO8HTMU:0000000E] Microsoft.EntityFrameworkCore.Database.Command: Executed DbCommand (5ms) [Parameters=[@p0='?' (DbType = Object), @p18='?', @p1='?' (DbType = Int32), @p2='?', @p3='?' (DbType = DateTime), @p4='?', @p5='?' (DbType = DateTime), @p6='?', @p7='?' (DbType = Int32), @p8='?' (DbType = Int32), @p9='?' (DbType = Boolean), @p10='?' (DbType = Boolean), @p11='?', @p12='?', @p13='?', @p14='?', @p15='?', @p16='?', @p17='?' (DbType = DateTime)], CommandType='Text', CommandTimeout='30']
UPDATE "LessonConfig" SET "SlideConfigs" = @p0, "BreathPauseMs" = @p1, "CreateBy" = @p2, "CreateDate" = @p3, "DeleteBy" = @p4, "DeletedAt" = @p5, "Description" = @p6, "FinalQuestionWaitMs" = @p7, "IntroWaitMs" = @p8, "IsActive" = @p9, "IsDelete" = @p10, "PresentationId" = @p11, "SlidesEmbedUrl" = @p12, "SlidesSourceUrl" = @p13, "Slug" = @p14, "Title" = @p15, "UpdateBy" = @p16, "UpdateDate" = @p17
WHERE "Id" = @p18;
[2026-08-08 03:20:28.675 DBG] [0HNNKNSO8HTMU:0000000E] Microsoft.EntityFrameworkCore.Database.Command: Closing data reader to 'supportroom' on server 'tcp://localhost:5432'.
[2026-08-08 03:20:28.675 DBG] [0HNNKNSO8HTMU:0000000E] Microsoft.EntityFrameworkCore.Database.Command: A data reader for 'supportroom' on server 'tcp://localhost:5432' is being disposed after spending 0ms reading results.
[2026-08-08 03:20:28.675 DBG] [0HNNKNSO8HTMU:0000000E] Microsoft.EntityFrameworkCore.Database.Connection: Closing connection to database 'supportroom' on server 'tcp://localhost:5432'.
[2026-08-08 03:20:28.675 DBG] [0HNNKNSO8HTMU:0000000E] Microsoft.EntityFrameworkCore.Database.Connection: Closed connection to database 'supportroom' on server 'tcp://localhost:5432' (0ms).
[2026-08-08 03:20:28.676 DBG] [0HNNKNSO8HTMU:0000000E] Microsoft.EntityFrameworkCore.ChangeTracking: An entity of type 'SlideConfig' tracked by 'ApplicationDbContext' changed state from 'Added' to 'Unchanged'. Consider using 'DbContextOptionsBuilder.EnableSensitiveDataLogging' to see key values.
[2026-08-08 03:20:28.676 DBG] [0HNNKNSO8HTMU:0000000E] Microsoft.EntityFrameworkCore.ChangeTracking: An entity of type 'SlideConfig' tracked by 'ApplicationDbContext' changed state from 'Deleted' to 'Detached'. Consider using 'DbContextOptionsBuilder.EnableSensitiveDataLogging' to see key values.
[2026-08-08 03:20:28.676 DBG] [0HNNKNSO8HTMU:0000000E] Microsoft.EntityFrameworkCore.ChangeTracking: An entity of type 'SlideConfig' tracked by 'ApplicationDbContext' changed state from 'Added' to 'Unchanged'. Consider using 'DbContextOptionsBuilder.EnableSensitiveDataLogging' to see key values.
[2026-08-08 03:20:28.676 DBG] [0HNNKNSO8HTMU:0000000E] Microsoft.EntityFrameworkCore.ChangeTracking: An entity of type 'SlideConfig' tracked by 'ApplicationDbContext' changed state from 'Deleted' to 'Detached'. Consider using 'DbContextOptionsBuilder.EnableSensitiveDataLogging' to see key values.
[2026-08-08 03:20:28.676 DBG] [0HNNKNSO8HTMU:0000000E] Microsoft.EntityFrameworkCore.ChangeTracking: An entity of type 'SlideConfig' tracked by 'ApplicationDbContext' changed state from 'Added' to 'Unchanged'. Consider using 'DbContextOptionsBuilder.EnableSensitiveDataLogging' to see key values.
[2026-08-08 03:20:28.676 DBG] [0HNNKNSO8HTMU:0000000E] Microsoft.EntityFrameworkCore.ChangeTracking: An entity of type 'SlideConfig' tracked by 'ApplicationDbContext' changed state from 'Deleted' to 'Detached'. Consider using 'DbContextOptionsBuilder.EnableSensitiveDataLogging' to see key values.
[2026-08-08 03:20:28.676 DBG] [0HNNKNSO8HTMU:0000000E] Microsoft.EntityFrameworkCore.ChangeTracking: An entity of type 'SlideConfig' tracked by 'ApplicationDbContext' changed state from 'Added' to 'Unchanged'. Consider using 'DbContextOptionsBuilder.EnableSensitiveDataLogging' to see key values.
[2026-08-08 03:20:28.676 DBG] [0HNNKNSO8HTMU:0000000E] Microsoft.EntityFrameworkCore.ChangeTracking: An entity of type 'SlideConfig' tracked by 'ApplicationDbContext' changed state from 'Deleted' to 'Detached'. Consider using 'DbContextOptionsBuilder.EnableSensitiveDataLogging' to see key values.
[2026-08-08 03:20:28.676 DBG] [0HNNKNSO8HTMU:0000000E] Microsoft.EntityFrameworkCore.ChangeTracking: An entity of type 'SlideConfig' tracked by 'ApplicationDbContext' changed state from 'Added' to 'Unchanged'. Consider using 'DbContextOptionsBuilder.EnableSensitiveDataLogging' to see key values.
[2026-08-08 03:20:28.676 DBG] [0HNNKNSO8HTMU:0000000E] Microsoft.EntityFrameworkCore.ChangeTracking: An entity of type 'SlideConfig' tracked by 'ApplicationDbContext' changed state from 'Deleted' to 'Detached'. Consider using 'DbContextOptionsBuilder.EnableSensitiveDataLogging' to see key values.
[2026-08-08 03:20:28.676 DBG] [0HNNKNSO8HTMU:0000000E] Microsoft.EntityFrameworkCore.ChangeTracking: An entity of type 'SlideConfig' tracked by 'ApplicationDbContext' changed state from 'Added' to 'Unchanged'. Consider using 'DbContextOptionsBuilder.EnableSensitiveDataLogging' to see key values.
[2026-08-08 03:20:28.676 DBG] [0HNNKNSO8HTMU:0000000E] Microsoft.EntityFrameworkCore.ChangeTracking: An entity of type 'SlideConfig' tracked by 'ApplicationDbContext' changed state from 'Deleted' to 'Detached'. Consider using 'DbContextOptionsBuilder.EnableSensitiveDataLogging' to see key values.
[2026-08-08 03:20:28.676 DBG] [0HNNKNSO8HTMU:0000000E] Microsoft.EntityFrameworkCore.ChangeTracking: An entity of type 'LessonConfig' tracked by 'ApplicationDbContext' changed state from 'Modified' to 'Unchanged'. Consider using 'DbContextOptionsBuilder.EnableSensitiveDataLogging' to see key values.
[2026-08-08 03:20:28.676 DBG] [0HNNKNSO8HTMU:0000000E] Microsoft.EntityFrameworkCore.Update: SaveChanges completed for 'ApplicationDbContext' with 1 entities written to the database.
[2026-08-08 03:20:28.676 INF] [0HNNKNSO8HTMU:0000000E] SupportRoom.Application.Services.ILessonConfigService: Lesson updated: login-mobile-test slides=6
[2026-08-08 03:20:28.677 INF] [0HNNKNSO8HTMU:0000000E] SupportRoom.Application.Services.IKnowledgeIndexingService: Indexed 6 chunks into knowledge namespace login-mobile-test
[2026-08-08 03:20:28.677 INF] [0HNNKNSO8HTMU:0000000E] Serilog.AspNetCore.RequestLoggingMiddleware: HTTP POST /api/lessons responded 200 in 15.0810 ms
[2026-08-08 03:20:28.677 DBG] [] Microsoft.EntityFrameworkCore.Infrastructure: 'ApplicationDbContext' disposed.
[2026-08-08 03:20:28.677 DBG] [] Microsoft.EntityFrameworkCore.Database.Connection: Disposing connection to database 'supportroom' on server 'tcp://localhost:5432'.
[2026-08-08 03:20:28.677 DBG] [] Microsoft.EntityFrameworkCore.Database.Connection: Disposed connection to database 'supportroom' on server 'tcp://localhost:5432' (0ms).
[2026-08-08 03:20:32.718 DBG] [0HNNKNSO8HTMU:0000000F] Microsoft.EntityFrameworkCore.Infrastructure: Entity Framework Core 10.0.10 initialized 'ApplicationDbContext' using provider 'Npgsql.EntityFrameworkCore.PostgreSQL:10.0.3+5e912bf071068a44e5abbdab497b313ba99d3ee1' with options: None
[2026-08-08 03:20:32.719 DBG] [0HNNKNSO8HTMU:0000000F] Microsoft.EntityFrameworkCore.Database.Connection: Creating DbConnection.
[2026-08-08 03:20:32.719 DBG] [0HNNKNSO8HTMU:0000000F] Microsoft.EntityFrameworkCore.Database.Connection: Created DbConnection. (0ms).
[2026-08-08 03:20:32.719 DBG] [0HNNKNSO8HTMU:0000000F] Microsoft.EntityFrameworkCore.Database.Connection: Opening connection to database 'supportroom' on server 'tcp://localhost:5432'.
[2026-08-08 03:20:32.719 DBG] [0HNNKNSO8HTMU:0000000F] Microsoft.EntityFrameworkCore.Database.Connection: Opened connection to database 'supportroom' on server 'tcp://localhost:5432'.
[2026-08-08 03:20:32.719 DBG] [0HNNKNSO8HTMU:0000000F] Microsoft.EntityFrameworkCore.Database.Command: Creating DbCommand for 'ExecuteReader'.
[2026-08-08 03:20:32.719 DBG] [0HNNKNSO8HTMU:0000000F] Microsoft.EntityFrameworkCore.Database.Command: Created DbCommand for 'ExecuteReader' (0ms).
[2026-08-08 03:20:32.719 DBG] [0HNNKNSO8HTMU:0000000F] Microsoft.EntityFrameworkCore.Database.Command: Initialized DbCommand for 'ExecuteReader' (0ms).
[2026-08-08 03:20:32.719 DBG] [0HNNKNSO8HTMU:0000000F] Microsoft.EntityFrameworkCore.Database.Command: Executing DbCommand [Parameters=[], CommandType='Text', CommandTimeout='30']
SELECT l."Id", l."BreathPauseMs", l."CreateBy", l."CreateDate", l."DeleteBy", l."DeletedAt", l."Description", l."FinalQuestionWaitMs", l."IntroWaitMs", l."IsActive", l."IsDelete", l."PresentationId", l."SlidesEmbedUrl", l."SlidesSourceUrl", l."Slug", l."Title", l."UpdateBy", l."UpdateDate", l."SlideConfigs"
FROM "LessonConfig" AS l
[2026-08-08 03:20:32.721 INF] [0HNNKNSO8HTMU:0000000F] Microsoft.EntityFrameworkCore.Database.Command: Executed DbCommand (2ms) [Parameters=[], CommandType='Text', CommandTimeout='30']
SELECT l."Id", l."BreathPauseMs", l."CreateBy", l."CreateDate", l."DeleteBy", l."DeletedAt", l."Description", l."FinalQuestionWaitMs", l."IntroWaitMs", l."IsActive", l."IsDelete", l."PresentationId", l."SlidesEmbedUrl", l."SlidesSourceUrl", l."Slug", l."Title", l."UpdateBy", l."UpdateDate", l."SlideConfigs"
FROM "LessonConfig" AS l
[2026-08-08 03:20:32.722 DBG] [0HNNKNSO8HTMU:0000000F] Microsoft.EntityFrameworkCore.ChangeTracking: Context 'ApplicationDbContext' started tracking 'LessonConfig' entity. Consider using 'DbContextOptionsBuilder.EnableSensitiveDataLogging' to see key values.
[2026-08-08 03:20:32.722 DBG] [0HNNKNSO8HTMU:0000000F] Microsoft.EntityFrameworkCore.ChangeTracking: Context 'ApplicationDbContext' started tracking 'SlideConfig' entity. Consider using 'DbContextOptionsBuilder.EnableSensitiveDataLogging' to see key values.
[2026-08-08 03:20:32.722 DBG] [0HNNKNSO8HTMU:0000000F] Microsoft.EntityFrameworkCore.ChangeTracking: Context 'ApplicationDbContext' started tracking 'SlideConfig' entity. Consider using 'DbContextOptionsBuilder.EnableSensitiveDataLogging' to see key values.
[2026-08-08 03:20:32.722 DBG] [0HNNKNSO8HTMU:0000000F] Microsoft.EntityFrameworkCore.ChangeTracking: Context 'ApplicationDbContext' started tracking 'SlideConfig' entity. Consider using 'DbContextOptionsBuilder.EnableSensitiveDataLogging' to see key values.
[2026-08-08 03:20:32.722 DBG] [0HNNKNSO8HTMU:0000000F] Microsoft.EntityFrameworkCore.ChangeTracking: Context 'ApplicationDbContext' started tracking 'SlideConfig' entity. Consider using 'DbContextOptionsBuilder.EnableSensitiveDataLogging' to see key values.
[2026-08-08 03:20:32.722 DBG] [0HNNKNSO8HTMU:0000000F] Microsoft.EntityFrameworkCore.ChangeTracking: Context 'ApplicationDbContext' started tracking 'SlideConfig' entity. Consider using 'DbContextOptionsBuilder.EnableSensitiveDataLogging' to see key values.
[2026-08-08 03:20:32.722 DBG] [0HNNKNSO8HTMU:0000000F] Microsoft.EntityFrameworkCore.ChangeTracking: Context 'ApplicationDbContext' started tracking 'SlideConfig' entity. Consider using 'DbContextOptionsBuilder.EnableSensitiveDataLogging' to see key values.
[2026-08-08 03:20:32.722 DBG] [0HNNKNSO8HTMU:0000000F] Microsoft.EntityFrameworkCore.Database.Command: Closing data reader to 'supportroom' on server 'tcp://localhost:5432'.
[2026-08-08 03:20:32.722 DBG] [0HNNKNSO8HTMU:0000000F] Microsoft.EntityFrameworkCore.Database.Command: A data reader for 'supportroom' on server 'tcp://localhost:5432' is being disposed after spending 0ms reading results.
[2026-08-08 03:20:32.722 DBG] [0HNNKNSO8HTMU:0000000F] Microsoft.EntityFrameworkCore.Database.Connection: Closing connection to database 'supportroom' on server 'tcp://localhost:5432'.
[2026-08-08 03:20:32.722 DBG] [0HNNKNSO8HTMU:0000000F] Microsoft.EntityFrameworkCore.Database.Connection: Closed connection to database 'supportroom' on server 'tcp://localhost:5432' (0ms).
[2026-08-08 03:20:32.723 INF] [0HNNKNSO8HTMU:0000000F] Serilog.AspNetCore.RequestLoggingMiddleware: HTTP GET /api/lessons responded 200 in 5.1370 ms
[2026-08-08 03:20:32.723 DBG] [] Microsoft.EntityFrameworkCore.Infrastructure: 'ApplicationDbContext' disposed.
[2026-08-08 03:20:32.723 DBG] [] Microsoft.EntityFrameworkCore.Database.Connection: Disposing connection to database 'supportroom' on server 'tcp://localhost:5432'.
[2026-08-08 03:20:32.723 DBG] [] Microsoft.EntityFrameworkCore.Database.Connection: Disposed connection to database 'supportroom' on server 'tcp://localhost:5432' (0ms).
[2026-08-08 03:20:32.725 DBG] [0HNNKNSO8HTMV:00000005] Microsoft.EntityFrameworkCore.Infrastructure: Entity Framework Core 10.0.10 initialized 'ApplicationDbContext' using provider 'Npgsql.EntityFrameworkCore.PostgreSQL:10.0.3+5e912bf071068a44e5abbdab497b313ba99d3ee1' with options: None
[2026-08-08 03:20:32.725 DBG] [0HNNKNSO8HTMV:00000005] Microsoft.EntityFrameworkCore.Database.Connection: Creating DbConnection.
[2026-08-08 03:20:32.725 DBG] [0HNNKNSO8HTMV:00000005] Microsoft.EntityFrameworkCore.Database.Connection: Created DbConnection. (0ms).
[2026-08-08 03:20:32.725 DBG] [0HNNKNSO8HTMV:00000005] Microsoft.EntityFrameworkCore.Database.Connection: Opening connection to database 'supportroom' on server 'tcp://localhost:5432'.
[2026-08-08 03:20:32.725 DBG] [0HNNKNSO8HTMV:00000005] Microsoft.EntityFrameworkCore.Database.Connection: Opened connection to database 'supportroom' on server 'tcp://localhost:5432'.
[2026-08-08 03:20:32.725 DBG] [0HNNKNSO8HTMV:00000005] Microsoft.EntityFrameworkCore.Database.Command: Creating DbCommand for 'ExecuteReader'.
[2026-08-08 03:20:32.725 DBG] [0HNNKNSO8HTMV:00000005] Microsoft.EntityFrameworkCore.Database.Command: Created DbCommand for 'ExecuteReader' (0ms).
[2026-08-08 03:20:32.726 DBG] [0HNNKNSO8HTMV:00000005] Microsoft.EntityFrameworkCore.Database.Command: Initialized DbCommand for 'ExecuteReader' (0ms).
[2026-08-08 03:20:32.726 DBG] [0HNNKNSO8HTMV:00000005] Microsoft.EntityFrameworkCore.Database.Command: Executing DbCommand [Parameters=[], CommandType='Text', CommandTimeout='30']
SELECT l."Id", l."BreathPauseMs", l."CreateBy", l."CreateDate", l."DeleteBy", l."DeletedAt", l."Description", l."FinalQuestionWaitMs", l."IntroWaitMs", l."IsActive", l."IsDelete", l."PresentationId", l."SlidesEmbedUrl", l."SlidesSourceUrl", l."Slug", l."Title", l."UpdateBy", l."UpdateDate", l."SlideConfigs"
FROM "LessonConfig" AS l
[2026-08-08 03:20:32.728 INF] [0HNNKNSO8HTMV:00000005] Microsoft.EntityFrameworkCore.Database.Command: Executed DbCommand (2ms) [Parameters=[], CommandType='Text', CommandTimeout='30']
SELECT l."Id", l."BreathPauseMs", l."CreateBy", l."CreateDate", l."DeleteBy", l."DeletedAt", l."Description", l."FinalQuestionWaitMs", l."IntroWaitMs", l."IsActive", l."IsDelete", l."PresentationId", l."SlidesEmbedUrl", l."SlidesSourceUrl", l."Slug", l."Title", l."UpdateBy", l."UpdateDate", l."SlideConfigs"
FROM "LessonConfig" AS l
[2026-08-08 03:20:32.728 DBG] [0HNNKNSO8HTMV:00000005] Microsoft.EntityFrameworkCore.ChangeTracking: Context 'ApplicationDbContext' started tracking 'LessonConfig' entity. Consider using 'DbContextOptionsBuilder.EnableSensitiveDataLogging' to see key values.
[2026-08-08 03:20:32.728 DBG] [0HNNKNSO8HTMV:00000005] Microsoft.EntityFrameworkCore.ChangeTracking: Context 'ApplicationDbContext' started tracking 'SlideConfig' entity. Consider using 'DbContextOptionsBuilder.EnableSensitiveDataLogging' to see key values.
[2026-08-08 03:20:32.728 DBG] [0HNNKNSO8HTMV:00000005] Microsoft.EntityFrameworkCore.ChangeTracking: Context 'ApplicationDbContext' started tracking 'SlideConfig' entity. Consider using 'DbContextOptionsBuilder.EnableSensitiveDataLogging' to see key values.
[2026-08-08 03:20:32.728 DBG] [0HNNKNSO8HTMV:00000005] Microsoft.EntityFrameworkCore.ChangeTracking: Context 'ApplicationDbContext' started tracking 'SlideConfig' entity. Consider using 'DbContextOptionsBuilder.EnableSensitiveDataLogging' to see key values.
[2026-08-08 03:20:32.728 DBG] [0HNNKNSO8HTMV:00000005] Microsoft.EntityFrameworkCore.ChangeTracking: Context 'ApplicationDbContext' started tracking 'SlideConfig' entity. Consider using 'DbContextOptionsBuilder.EnableSensitiveDataLogging' to see key values.
[2026-08-08 03:20:32.728 DBG] [0HNNKNSO8HTMV:00000005] Microsoft.EntityFrameworkCore.ChangeTracking: Context 'ApplicationDbContext' started tracking 'SlideConfig' entity. Consider using 'DbContextOptionsBuilder.EnableSensitiveDataLogging' to see key values.
[2026-08-08 03:20:32.728 DBG] [0HNNKNSO8HTMV:00000005] Microsoft.EntityFrameworkCore.ChangeTracking: Context 'ApplicationDbContext' started tracking 'SlideConfig' entity. Consider using 'DbContextOptionsBuilder.EnableSensitiveDataLogging' to see key values.
[2026-08-08 03:20:32.728 DBG] [0HNNKNSO8HTMV:00000005] Microsoft.EntityFrameworkCore.Database.Command: Closing data reader to 'supportroom' on server 'tcp://localhost:5432'.
[2026-08-08 03:20:32.728 DBG] [0HNNKNSO8HTMV:00000005] Microsoft.EntityFrameworkCore.Database.Command: A data reader for 'supportroom' on server 'tcp://localhost:5432' is being disposed after spending 0ms reading results.
[2026-08-08 03:20:32.728 DBG] [0HNNKNSO8HTMV:00000005] Microsoft.EntityFrameworkCore.Database.Connection: Closing connection to database 'supportroom' on server 'tcp://localhost:5432'.
[2026-08-08 03:20:32.728 DBG] [0HNNKNSO8HTMV:00000005] Microsoft.EntityFrameworkCore.Database.Connection: Closed connection to database 'supportroom' on server 'tcp://localhost:5432' (0ms).
[2026-08-08 03:20:32.728 INF] [0HNNKNSO8HTMV:00000005] Serilog.AspNetCore.RequestLoggingMiddleware: HTTP GET /api/lessons responded 200 in 4.0501 ms
[2026-08-08 03:20:32.729 DBG] [] Microsoft.EntityFrameworkCore.Infrastructure: 'ApplicationDbContext' disposed.
[2026-08-08 03:20:32.729 DBG] [] Microsoft.EntityFrameworkCore.Database.Connection: Disposing connection to database 'supportroom' on server 'tcp://localhost:5432'.
[2026-08-08 03:20:32.729 DBG] [] Microsoft.EntityFrameworkCore.Database.Connection: Disposed connection to database 'supportroom' on server 'tcp://localhost:5432' (0ms).
[2026-08-08 03:20:36.361 DBG] [0HNNKNSO8HTMV:00000006] Microsoft.EntityFrameworkCore.Infrastructure: Entity Framework Core 10.0.10 initialized 'ApplicationDbContext' using provider 'Npgsql.EntityFrameworkCore.PostgreSQL:10.0.3+5e912bf071068a44e5abbdab497b313ba99d3ee1' with options: None
[2026-08-08 03:20:36.362 DBG] [0HNNKNSO8HTMV:00000006] Microsoft.EntityFrameworkCore.Database.Connection: Creating DbConnection.
[2026-08-08 03:20:36.362 DBG] [0HNNKNSO8HTMV:00000006] Microsoft.EntityFrameworkCore.Database.Connection: Created DbConnection. (0ms).
[2026-08-08 03:20:36.362 DBG] [0HNNKNSO8HTMV:00000006] Microsoft.EntityFrameworkCore.Database.Connection: Opening connection to database 'supportroom' on server 'tcp://localhost:5432'.
[2026-08-08 03:20:36.362 DBG] [0HNNKNSO8HTMV:00000006] Microsoft.EntityFrameworkCore.Database.Connection: Opened connection to database 'supportroom' on server 'tcp://localhost:5432'.
[2026-08-08 03:20:36.362 DBG] [0HNNKNSO8HTMV:00000006] Microsoft.EntityFrameworkCore.Database.Command: Creating DbCommand for 'ExecuteReader'.
[2026-08-08 03:20:36.362 DBG] [0HNNKNSO8HTMV:00000006] Microsoft.EntityFrameworkCore.Database.Command: Created DbCommand for 'ExecuteReader' (0ms).
[2026-08-08 03:20:36.362 DBG] [0HNNKNSO8HTMV:00000006] Microsoft.EntityFrameworkCore.Database.Command: Initialized DbCommand for 'ExecuteReader' (0ms).
[2026-08-08 03:20:36.362 DBG] [0HNNKNSO8HTMV:00000006] Microsoft.EntityFrameworkCore.Database.Command: Executing DbCommand [Parameters=[], CommandType='Text', CommandTimeout='30']
SELECT t."Id", t."CompletedAllSlides", t."CreateBy", t."CreateDate", t."DeleteBy", t."DeletedAt", t."EndedAt", t."ExpiresAt", t."IsDelete", t."LastSlideObjectId", t."LessonId", t."LessonSlug", t."SchoolName", t."StartedAt", t."Status", t."TeacherName", t."Token", t."UpdateBy", t."UpdateDate"
FROM "TrainingSession" AS t
ORDER BY t."CreateDate" DESC
[2026-08-08 03:20:36.364 INF] [0HNNKNSO8HTMV:00000006] Microsoft.EntityFrameworkCore.Database.Command: Executed DbCommand (2ms) [Parameters=[], CommandType='Text', CommandTimeout='30']
SELECT t."Id", t."CompletedAllSlides", t."CreateBy", t."CreateDate", t."DeleteBy", t."DeletedAt", t."EndedAt", t."ExpiresAt", t."IsDelete", t."LastSlideObjectId", t."LessonId", t."LessonSlug", t."SchoolName", t."StartedAt", t."Status", t."TeacherName", t."Token", t."UpdateBy", t."UpdateDate"
FROM "TrainingSession" AS t
ORDER BY t."CreateDate" DESC
[2026-08-08 03:20:36.364 DBG] [0HNNKNSO8HTMV:00000006] Microsoft.EntityFrameworkCore.ChangeTracking: Context 'ApplicationDbContext' started tracking 'TrainingSession' entity. Consider using 'DbContextOptionsBuilder.EnableSensitiveDataLogging' to see key values.
[2026-08-08 03:20:36.364 DBG] [0HNNKNSO8HTMV:00000006] Microsoft.EntityFrameworkCore.ChangeTracking: Context 'ApplicationDbContext' started tracking 'TrainingSession' entity. Consider using 'DbContextOptionsBuilder.EnableSensitiveDataLogging' to see key values.
[2026-08-08 03:20:36.364 DBG] [0HNNKNSO8HTMV:00000006] Microsoft.EntityFrameworkCore.ChangeTracking: Context 'ApplicationDbContext' started tracking 'TrainingSession' entity. Consider using 'DbContextOptionsBuilder.EnableSensitiveDataLogging' to see key values.
[2026-08-08 03:20:36.364 DBG] [0HNNKNSO8HTMV:00000006] Microsoft.EntityFrameworkCore.ChangeTracking: Context 'ApplicationDbContext' started tracking 'TrainingSession' entity. Consider using 'DbContextOptionsBuilder.EnableSensitiveDataLogging' to see key values.
[2026-08-08 03:20:36.364 DBG] [0HNNKNSO8HTMV:00000006] Microsoft.EntityFrameworkCore.Database.Command: Closing data reader to 'supportroom' on server 'tcp://localhost:5432'.
[2026-08-08 03:20:36.365 DBG] [0HNNKNSO8HTMV:00000006] Microsoft.EntityFrameworkCore.Database.Command: A data reader for 'supportroom' on server 'tcp://localhost:5432' is being disposed after spending 0ms reading results.
[2026-08-08 03:20:36.365 DBG] [0HNNKNSO8HTMV:00000006] Microsoft.EntityFrameworkCore.Database.Connection: Closing connection to database 'supportroom' on server 'tcp://localhost:5432'.
[2026-08-08 03:20:36.365 DBG] [0HNNKNSO8HTMV:00000006] Microsoft.EntityFrameworkCore.Database.Connection: Closed connection to database 'supportroom' on server 'tcp://localhost:5432' (0ms).
[2026-08-08 03:20:36.365 INF] [0HNNKNSO8HTMV:00000006] Serilog.AspNetCore.RequestLoggingMiddleware: HTTP GET /api/sessions responded 200 in 4.6043 ms
[2026-08-08 03:20:36.365 DBG] [] Microsoft.EntityFrameworkCore.Infrastructure: 'ApplicationDbContext' disposed.
[2026-08-08 03:20:36.365 DBG] [] Microsoft.EntityFrameworkCore.Database.Connection: Disposing connection to database 'supportroom' on server 'tcp://localhost:5432'.
[2026-08-08 03:20:36.365 DBG] [] Microsoft.EntityFrameworkCore.Database.Connection: Disposed connection to database 'supportroom' on server 'tcp://localhost:5432' (0ms).
[2026-08-08 03:20:36.367 DBG] [0HNNKNSO8HTMU:00000010] Microsoft.EntityFrameworkCore.Infrastructure: Entity Framework Core 10.0.10 initialized 'ApplicationDbContext' using provider 'Npgsql.EntityFrameworkCore.PostgreSQL:10.0.3+5e912bf071068a44e5abbdab497b313ba99d3ee1' with options: None
[2026-08-08 03:20:36.368 DBG] [0HNNKNSO8HTMU:00000010] Microsoft.EntityFrameworkCore.Database.Connection: Creating DbConnection.
[2026-08-08 03:20:36.368 DBG] [0HNNKNSO8HTMU:00000010] Microsoft.EntityFrameworkCore.Database.Connection: Created DbConnection. (0ms).
[2026-08-08 03:20:36.368 DBG] [0HNNKNSO8HTMU:00000010] Microsoft.EntityFrameworkCore.Database.Connection: Opening connection to database 'supportroom' on server 'tcp://localhost:5432'.
[2026-08-08 03:20:36.368 DBG] [0HNNKNSO8HTMU:00000010] Microsoft.EntityFrameworkCore.Database.Connection: Opened connection to database 'supportroom' on server 'tcp://localhost:5432'.
[2026-08-08 03:20:36.368 DBG] [0HNNKNSO8HTMU:00000010] Microsoft.EntityFrameworkCore.Database.Command: Creating DbCommand for 'ExecuteReader'.
[2026-08-08 03:20:36.368 DBG] [0HNNKNSO8HTMU:00000010] Microsoft.EntityFrameworkCore.Database.Command: Created DbCommand for 'ExecuteReader' (0ms).
[2026-08-08 03:20:36.368 DBG] [0HNNKNSO8HTMU:00000010] Microsoft.EntityFrameworkCore.Database.Command: Initialized DbCommand for 'ExecuteReader' (0ms).
[2026-08-08 03:20:36.368 DBG] [0HNNKNSO8HTMU:00000010] Microsoft.EntityFrameworkCore.Database.Command: Executing DbCommand [Parameters=[], CommandType='Text', CommandTimeout='30']
SELECT t."Id", t."CompletedAllSlides", t."CreateBy", t."CreateDate", t."DeleteBy", t."DeletedAt", t."EndedAt", t."ExpiresAt", t."IsDelete", t."LastSlideObjectId", t."LessonId", t."LessonSlug", t."SchoolName", t."StartedAt", t."Status", t."TeacherName", t."Token", t."UpdateBy", t."UpdateDate"
FROM "TrainingSession" AS t
ORDER BY t."CreateDate" DESC
[2026-08-08 03:20:36.372 INF] [0HNNKNSO8HTMU:00000010] Microsoft.EntityFrameworkCore.Database.Command: Executed DbCommand (3ms) [Parameters=[], CommandType='Text', CommandTimeout='30']
SELECT t."Id", t."CompletedAllSlides", t."CreateBy", t."CreateDate", t."DeleteBy", t."DeletedAt", t."EndedAt", t."ExpiresAt", t."IsDelete", t."LastSlideObjectId", t."LessonId", t."LessonSlug", t."SchoolName", t."StartedAt", t."Status", t."TeacherName", t."Token", t."UpdateBy", t."UpdateDate"
FROM "TrainingSession" AS t
ORDER BY t."CreateDate" DESC
[2026-08-08 03:20:36.372 DBG] [0HNNKNSO8HTMU:00000010] Microsoft.EntityFrameworkCore.ChangeTracking: Context 'ApplicationDbContext' started tracking 'TrainingSession' entity. Consider using 'DbContextOptionsBuilder.EnableSensitiveDataLogging' to see key values.
[2026-08-08 03:20:36.372 DBG] [0HNNKNSO8HTMU:00000010] Microsoft.EntityFrameworkCore.ChangeTracking: Context 'ApplicationDbContext' started tracking 'TrainingSession' entity. Consider using 'DbContextOptionsBuilder.EnableSensitiveDataLogging' to see key values.
[2026-08-08 03:20:36.372 DBG] [0HNNKNSO8HTMU:00000010] Microsoft.EntityFrameworkCore.ChangeTracking: Context 'ApplicationDbContext' started tracking 'TrainingSession' entity. Consider using 'DbContextOptionsBuilder.EnableSensitiveDataLogging' to see key values.
[2026-08-08 03:20:36.372 DBG] [0HNNKNSO8HTMU:00000010] Microsoft.EntityFrameworkCore.ChangeTracking: Context 'ApplicationDbContext' started tracking 'TrainingSession' entity. Consider using 'DbContextOptionsBuilder.EnableSensitiveDataLogging' to see key values.
[2026-08-08 03:20:36.372 DBG] [0HNNKNSO8HTMU:00000010] Microsoft.EntityFrameworkCore.Database.Command: Closing data reader to 'supportroom' on server 'tcp://localhost:5432'.
[2026-08-08 03:20:36.372 DBG] [0HNNKNSO8HTMU:00000010] Microsoft.EntityFrameworkCore.Database.Command: A data reader for 'supportroom' on server 'tcp://localhost:5432' is being disposed after spending 0ms reading results.
[2026-08-08 03:20:36.372 DBG] [0HNNKNSO8HTMU:00000010] Microsoft.EntityFrameworkCore.Database.Connection: Closing connection to database 'supportroom' on server 'tcp://localhost:5432'.
[2026-08-08 03:20:36.372 DBG] [0HNNKNSO8HTMU:00000010] Microsoft.EntityFrameworkCore.Database.Connection: Closed connection to database 'supportroom' on server 'tcp://localhost:5432' (0ms).
[2026-08-08 03:20:36.373 INF] [0HNNKNSO8HTMU:00000010] Serilog.AspNetCore.RequestLoggingMiddleware: HTTP GET /api/sessions responded 200 in 6.0875 ms
[2026-08-08 03:20:36.373 DBG] [] Microsoft.EntityFrameworkCore.Infrastructure: 'ApplicationDbContext' disposed.
[2026-08-08 03:20:36.373 DBG] [] Microsoft.EntityFrameworkCore.Database.Connection: Disposing connection to database 'supportroom' on server 'tcp://localhost:5432'.
[2026-08-08 03:20:36.373 DBG] [] Microsoft.EntityFrameworkCore.Database.Connection: Disposed connection to database 'supportroom' on server 'tcp://localhost:5432' (0ms).
[2026-08-08 03:20:37.963 DBG] [0HNNKNSO8HTMU:00000011] Microsoft.EntityFrameworkCore.Infrastructure: Entity Framework Core 10.0.10 initialized 'ApplicationDbContext' using provider 'Npgsql.EntityFrameworkCore.PostgreSQL:10.0.3+5e912bf071068a44e5abbdab497b313ba99d3ee1' with options: None
[2026-08-08 03:20:37.964 DBG] [0HNNKNSO8HTMU:00000011] Microsoft.EntityFrameworkCore.Database.Connection: Creating DbConnection.
[2026-08-08 03:20:37.965 DBG] [0HNNKNSO8HTMU:00000011] Microsoft.EntityFrameworkCore.Database.Connection: Created DbConnection. (0ms).
[2026-08-08 03:20:37.965 DBG] [0HNNKNSO8HTMU:00000011] Microsoft.EntityFrameworkCore.Database.Connection: Opening connection to database 'supportroom' on server 'tcp://localhost:5432'.
[2026-08-08 03:20:37.965 DBG] [0HNNKNSO8HTMU:00000011] Microsoft.EntityFrameworkCore.Database.Connection: Opened connection to database 'supportroom' on server 'tcp://localhost:5432'.
[2026-08-08 03:20:37.965 DBG] [0HNNKNSO8HTMU:00000011] Microsoft.EntityFrameworkCore.Database.Command: Creating DbCommand for 'ExecuteReader'.
[2026-08-08 03:20:37.965 DBG] [0HNNKNSO8HTMU:00000011] Microsoft.EntityFrameworkCore.Database.Command: Created DbCommand for 'ExecuteReader' (0ms).
[2026-08-08 03:20:37.965 DBG] [0HNNKNSO8HTMU:00000011] Microsoft.EntityFrameworkCore.Database.Command: Initialized DbCommand for 'ExecuteReader' (0ms).
[2026-08-08 03:20:37.965 DBG] [0HNNKNSO8HTMU:00000011] Microsoft.EntityFrameworkCore.Database.Command: Executing DbCommand [Parameters=[], CommandType='Text', CommandTimeout='30']
SELECT d."Id", d."ContentType", d."CreateBy", d."CreateDate", d."DeleteBy", d."DeletedAt", d."FileName", d."IndexedChunkCount", d."IndexingStatus", d."IsDelete", d."LessonId", d."ObsBucket", d."ObsKey", d."SizeBytes", d."UpdateBy", d."UpdateDate"
FROM "DocumentResource" AS d
WHERE d."LessonId" IS NULL
ORDER BY d."CreateDate" DESC
[2026-08-08 03:20:37.968 INF] [0HNNKNSO8HTMU:00000011] Microsoft.EntityFrameworkCore.Database.Command: Executed DbCommand (3ms) [Parameters=[], CommandType='Text', CommandTimeout='30']
SELECT d."Id", d."ContentType", d."CreateBy", d."CreateDate", d."DeleteBy", d."DeletedAt", d."FileName", d."IndexedChunkCount", d."IndexingStatus", d."IsDelete", d."LessonId", d."ObsBucket", d."ObsKey", d."SizeBytes", d."UpdateBy", d."UpdateDate"
FROM "DocumentResource" AS d
WHERE d."LessonId" IS NULL
ORDER BY d."CreateDate" DESC
[2026-08-08 03:20:37.968 DBG] [0HNNKNSO8HTMU:00000011] Microsoft.EntityFrameworkCore.ChangeTracking: Context 'ApplicationDbContext' started tracking 'DocumentResource' entity. Consider using 'DbContextOptionsBuilder.EnableSensitiveDataLogging' to see key values.
[2026-08-08 03:20:37.968 DBG] [0HNNKNSO8HTMU:00000011] Microsoft.EntityFrameworkCore.ChangeTracking: Context 'ApplicationDbContext' started tracking 'DocumentResource' entity. Consider using 'DbContextOptionsBuilder.EnableSensitiveDataLogging' to see key values.
[2026-08-08 03:20:37.968 DBG] [0HNNKNSO8HTMU:00000011] Microsoft.EntityFrameworkCore.ChangeTracking: Context 'ApplicationDbContext' started tracking 'DocumentResource' entity. Consider using 'DbContextOptionsBuilder.EnableSensitiveDataLogging' to see key values.
[2026-08-08 03:20:37.968 DBG] [0HNNKNSO8HTMU:00000011] Microsoft.EntityFrameworkCore.ChangeTracking: Context 'ApplicationDbContext' started tracking 'DocumentResource' entity. Consider using 'DbContextOptionsBuilder.EnableSensitiveDataLogging' to see key values.
[2026-08-08 03:20:37.968 DBG] [0HNNKNSO8HTMU:00000011] Microsoft.EntityFrameworkCore.ChangeTracking: Context 'ApplicationDbContext' started tracking 'DocumentResource' entity. Consider using 'DbContextOptionsBuilder.EnableSensitiveDataLogging' to see key values.
[2026-08-08 03:20:37.969 DBG] [0HNNKNSO8HTMU:00000011] Microsoft.EntityFrameworkCore.ChangeTracking: Context 'ApplicationDbContext' started tracking 'DocumentResource' entity. Consider using 'DbContextOptionsBuilder.EnableSensitiveDataLogging' to see key values.
[2026-08-08 03:20:37.969 DBG] [0HNNKNSO8HTMU:00000011] Microsoft.EntityFrameworkCore.ChangeTracking: Context 'ApplicationDbContext' started tracking 'DocumentResource' entity. Consider using 'DbContextOptionsBuilder.EnableSensitiveDataLogging' to see key values.
[2026-08-08 03:20:37.969 DBG] [0HNNKNSO8HTMU:00000011] Microsoft.EntityFrameworkCore.Database.Command: Closing data reader to 'supportroom' on server 'tcp://localhost:5432'.
[2026-08-08 03:20:37.969 DBG] [0HNNKNSO8HTMU:00000011] Microsoft.EntityFrameworkCore.Database.Command: A data reader for 'supportroom' on server 'tcp://localhost:5432' is being disposed after spending 0ms reading results.
[2026-08-08 03:20:37.969 DBG] [0HNNKNSO8HTMU:00000011] Microsoft.EntityFrameworkCore.Database.Connection: Closing connection to database 'supportroom' on server 'tcp://localhost:5432'.
[2026-08-08 03:20:37.969 DBG] [0HNNKNSO8HTMU:00000011] Microsoft.EntityFrameworkCore.Database.Connection: Closed connection to database 'supportroom' on server 'tcp://localhost:5432' (0ms).
[2026-08-08 03:20:37.969 INF] [0HNNKNSO8HTMU:00000011] Serilog.AspNetCore.RequestLoggingMiddleware: HTTP GET /api/documents responded 200 in 6.9637 ms
[2026-08-08 03:20:37.969 DBG] [] Microsoft.EntityFrameworkCore.Infrastructure: 'ApplicationDbContext' disposed.
[2026-08-08 03:20:37.969 DBG] [] Microsoft.EntityFrameworkCore.Database.Connection: Disposing connection to database 'supportroom' on server 'tcp://localhost:5432'.
[2026-08-08 03:20:37.969 DBG] [] Microsoft.EntityFrameworkCore.Database.Connection: Disposed connection to database 'supportroom' on server 'tcp://localhost:5432' (0ms).
[2026-08-08 03:20:37.974 DBG] [0HNNKNSO8HTMV:00000007] Microsoft.EntityFrameworkCore.Infrastructure: Entity Framework Core 10.0.10 initialized 'ApplicationDbContext' using provider 'Npgsql.EntityFrameworkCore.PostgreSQL:10.0.3+5e912bf071068a44e5abbdab497b313ba99d3ee1' with options: None
[2026-08-08 03:20:37.974 DBG] [0HNNKNSO8HTMV:00000007] Microsoft.EntityFrameworkCore.Database.Connection: Creating DbConnection.
[2026-08-08 03:20:37.975 DBG] [0HNNKNSO8HTMV:00000007] Microsoft.EntityFrameworkCore.Database.Connection: Created DbConnection. (0ms).
[2026-08-08 03:20:37.975 DBG] [0HNNKNSO8HTMV:00000007] Microsoft.EntityFrameworkCore.Database.Connection: Opening connection to database 'supportroom' on server 'tcp://localhost:5432'.
[2026-08-08 03:20:37.975 DBG] [0HNNKNSO8HTMV:00000007] Microsoft.EntityFrameworkCore.Database.Connection: Opened connection to database 'supportroom' on server 'tcp://localhost:5432'.
[2026-08-08 03:20:37.975 DBG] [0HNNKNSO8HTMV:00000007] Microsoft.EntityFrameworkCore.Database.Command: Creating DbCommand for 'ExecuteReader'.
[2026-08-08 03:20:37.975 DBG] [0HNNKNSO8HTMV:00000007] Microsoft.EntityFrameworkCore.Database.Command: Created DbCommand for 'ExecuteReader' (0ms).
[2026-08-08 03:20:37.975 DBG] [0HNNKNSO8HTMV:00000007] Microsoft.EntityFrameworkCore.Database.Command: Initialized DbCommand for 'ExecuteReader' (0ms).
[2026-08-08 03:20:37.975 DBG] [0HNNKNSO8HTMV:00000007] Microsoft.EntityFrameworkCore.Database.Command: Executing DbCommand [Parameters=[], CommandType='Text', CommandTimeout='30']
SELECT d."Id", d."ContentType", d."CreateBy", d."CreateDate", d."DeleteBy", d."DeletedAt", d."FileName", d."IndexedChunkCount", d."IndexingStatus", d."IsDelete", d."LessonId", d."ObsBucket", d."ObsKey", d."SizeBytes", d."UpdateBy", d."UpdateDate"
FROM "DocumentResource" AS d
WHERE d."LessonId" IS NULL
ORDER BY d."CreateDate" DESC
[2026-08-08 03:20:37.977 INF] [0HNNKNSO8HTMV:00000007] Microsoft.EntityFrameworkCore.Database.Command: Executed DbCommand (2ms) [Parameters=[], CommandType='Text', CommandTimeout='30']
SELECT d."Id", d."ContentType", d."CreateBy", d."CreateDate", d."DeleteBy", d."DeletedAt", d."FileName", d."IndexedChunkCount", d."IndexingStatus", d."IsDelete", d."LessonId", d."ObsBucket", d."ObsKey", d."SizeBytes", d."UpdateBy", d."UpdateDate"
FROM "DocumentResource" AS d
WHERE d."LessonId" IS NULL
ORDER BY d."CreateDate" DESC
[2026-08-08 03:20:37.977 DBG] [0HNNKNSO8HTMV:00000007] Microsoft.EntityFrameworkCore.ChangeTracking: Context 'ApplicationDbContext' started tracking 'DocumentResource' entity. Consider using 'DbContextOptionsBuilder.EnableSensitiveDataLogging' to see key values.
[2026-08-08 03:20:37.978 DBG] [0HNNKNSO8HTMV:00000007] Microsoft.EntityFrameworkCore.ChangeTracking: Context 'ApplicationDbContext' started tracking 'DocumentResource' entity. Consider using 'DbContextOptionsBuilder.EnableSensitiveDataLogging' to see key values.
[2026-08-08 03:20:37.978 DBG] [0HNNKNSO8HTMV:00000007] Microsoft.EntityFrameworkCore.ChangeTracking: Context 'ApplicationDbContext' started tracking 'DocumentResource' entity. Consider using 'DbContextOptionsBuilder.EnableSensitiveDataLogging' to see key values.
[2026-08-08 03:20:37.978 DBG] [0HNNKNSO8HTMV:00000007] Microsoft.EntityFrameworkCore.ChangeTracking: Context 'ApplicationDbContext' started tracking 'DocumentResource' entity. Consider using 'DbContextOptionsBuilder.EnableSensitiveDataLogging' to see key values.
[2026-08-08 03:20:37.978 DBG] [0HNNKNSO8HTMV:00000007] Microsoft.EntityFrameworkCore.ChangeTracking: Context 'ApplicationDbContext' started tracking 'DocumentResource' entity. Consider using 'DbContextOptionsBuilder.EnableSensitiveDataLogging' to see key values.
[2026-08-08 03:20:37.978 DBG] [0HNNKNSO8HTMV:00000007] Microsoft.EntityFrameworkCore.ChangeTracking: Context 'ApplicationDbContext' started tracking 'DocumentResource' entity. Consider using 'DbContextOptionsBuilder.EnableSensitiveDataLogging' to see key values.
[2026-08-08 03:20:37.978 DBG] [0HNNKNSO8HTMV:00000007] Microsoft.EntityFrameworkCore.ChangeTracking: Context 'ApplicationDbContext' started tracking 'DocumentResource' entity. Consider using 'DbContextOptionsBuilder.EnableSensitiveDataLogging' to see key values.
[2026-08-08 03:20:37.978 DBG] [0HNNKNSO8HTMV:00000007] Microsoft.EntityFrameworkCore.Database.Command: Closing data reader to 'supportroom' on server 'tcp://localhost:5432'.
[2026-08-08 03:20:37.978 DBG] [0HNNKNSO8HTMV:00000007] Microsoft.EntityFrameworkCore.Database.Command: A data reader for 'supportroom' on server 'tcp://localhost:5432' is being disposed after spending 0ms reading results.
[2026-08-08 03:20:37.978 DBG] [0HNNKNSO8HTMV:00000007] Microsoft.EntityFrameworkCore.Database.Connection: Closing connection to database 'supportroom' on server 'tcp://localhost:5432'.
[2026-08-08 03:20:37.978 DBG] [0HNNKNSO8HTMV:00000007] Microsoft.EntityFrameworkCore.Database.Connection: Closed connection to database 'supportroom' on server 'tcp://localhost:5432' (0ms).
[2026-08-08 03:20:37.978 INF] [0HNNKNSO8HTMV:00000007] Serilog.AspNetCore.RequestLoggingMiddleware: HTTP GET /api/documents responded 200 in 6.0135 ms
[2026-08-08 03:20:37.979 DBG] [] Microsoft.EntityFrameworkCore.Infrastructure: 'ApplicationDbContext' disposed.
[2026-08-08 03:20:37.979 DBG] [] Microsoft.EntityFrameworkCore.Database.Connection: Disposing connection to database 'supportroom' on server 'tcp://localhost:5432'.
[2026-08-08 03:20:37.979 DBG] [] Microsoft.EntityFrameworkCore.Database.Connection: Disposed connection to database 'supportroom' on server 'tcp://localhost:5432' (0ms).
[2026-08-08 03:20:45.342 DBG] [0HNNKNSO8HTMV:00000008] Microsoft.EntityFrameworkCore.Infrastructure: Entity Framework Core 10.0.10 initialized 'ApplicationDbContext' using provider 'Npgsql.EntityFrameworkCore.PostgreSQL:10.0.3+5e912bf071068a44e5abbdab497b313ba99d3ee1' with options: None
[2026-08-08 03:20:45.354 DBG] [0HNNKNSO8HTMV:00000008] Microsoft.EntityFrameworkCore.ChangeTracking: Context 'ApplicationDbContext' started tracking 'DocumentResource' entity. Consider using 'DbContextOptionsBuilder.EnableSensitiveDataLogging' to see key values.
[2026-08-08 03:20:45.354 DBG] [0HNNKNSO8HTMV:00000008] Microsoft.EntityFrameworkCore.Update: SaveChanges starting for 'ApplicationDbContext'.
[2026-08-08 03:20:45.354 DBG] [0HNNKNSO8HTMV:00000008] Microsoft.EntityFrameworkCore.ChangeTracking: DetectChanges starting for 'ApplicationDbContext'.
[2026-08-08 03:20:45.355 DBG] [0HNNKNSO8HTMV:00000008] Microsoft.EntityFrameworkCore.ChangeTracking: DetectChanges completed for 'ApplicationDbContext'.
[2026-08-08 03:20:45.355 DBG] [0HNNKNSO8HTMV:00000008] Microsoft.EntityFrameworkCore.Database.Connection: Creating DbConnection.
[2026-08-08 03:20:45.355 DBG] [0HNNKNSO8HTMV:00000008] Microsoft.EntityFrameworkCore.Database.Connection: Created DbConnection. (0ms).
[2026-08-08 03:20:45.355 DBG] [0HNNKNSO8HTMV:00000008] Microsoft.EntityFrameworkCore.Database.Connection: Opening connection to database 'supportroom' on server 'tcp://localhost:5432'.
[2026-08-08 03:20:45.355 DBG] [0HNNKNSO8HTMV:00000008] Microsoft.EntityFrameworkCore.Database.Connection: Opened connection to database 'supportroom' on server 'tcp://localhost:5432'.
[2026-08-08 03:20:45.356 DBG] [0HNNKNSO8HTMV:00000008] Microsoft.EntityFrameworkCore.Database.Command: Creating DbCommand for 'ExecuteReader'.
[2026-08-08 03:20:45.356 DBG] [0HNNKNSO8HTMV:00000008] Microsoft.EntityFrameworkCore.Database.Command: Created DbCommand for 'ExecuteReader' (0ms).
[2026-08-08 03:20:45.356 DBG] [0HNNKNSO8HTMV:00000008] Microsoft.EntityFrameworkCore.Database.Command: Initialized DbCommand for 'ExecuteReader' (0ms).
[2026-08-08 03:20:45.356 DBG] [0HNNKNSO8HTMV:00000008] Microsoft.EntityFrameworkCore.Database.Command: Executing DbCommand [Parameters=[@p0='?', @p1='?', @p2='?', @p3='?' (DbType = DateTime), @p4='?', @p5='?' (DbType = DateTime), @p6='?', @p7='?' (DbType = Int32), @p8='?', @p9='?' (DbType = Boolean), @p10='?', @p11='?', @p12='?', @p13='?' (DbType = Int64), @p14='?', @p15='?' (DbType = DateTime)], CommandType='Text', CommandTimeout='30']
INSERT INTO "DocumentResource" ("Id", "ContentType", "CreateBy", "CreateDate", "DeleteBy", "DeletedAt", "FileName", "IndexedChunkCount", "IndexingStatus", "IsDelete", "LessonId", "ObsBucket", "ObsKey", "SizeBytes", "UpdateBy", "UpdateDate")
VALUES (@p0, @p1, @p2, @p3, @p4, @p5, @p6, @p7, @p8, @p9, @p10, @p11, @p12, @p13, @p14, @p15);
[2026-08-08 03:20:45.361 INF] [0HNNKNSO8HTMV:00000008] Microsoft.EntityFrameworkCore.Database.Command: Executed DbCommand (5ms) [Parameters=[@p0='?', @p1='?', @p2='?', @p3='?' (DbType = DateTime), @p4='?', @p5='?' (DbType = DateTime), @p6='?', @p7='?' (DbType = Int32), @p8='?', @p9='?' (DbType = Boolean), @p10='?', @p11='?', @p12='?', @p13='?' (DbType = Int64), @p14='?', @p15='?' (DbType = DateTime)], CommandType='Text', CommandTimeout='30']
INSERT INTO "DocumentResource" ("Id", "ContentType", "CreateBy", "CreateDate", "DeleteBy", "DeletedAt", "FileName", "IndexedChunkCount", "IndexingStatus", "IsDelete", "LessonId", "ObsBucket", "ObsKey", "SizeBytes", "UpdateBy", "UpdateDate")
VALUES (@p0, @p1, @p2, @p3, @p4, @p5, @p6, @p7, @p8, @p9, @p10, @p11, @p12, @p13, @p14, @p15);
[2026-08-08 03:20:45.361 DBG] [0HNNKNSO8HTMV:00000008] Microsoft.EntityFrameworkCore.Database.Command: Closing data reader to 'supportroom' on server 'tcp://localhost:5432'.
[2026-08-08 03:20:45.361 DBG] [0HNNKNSO8HTMV:00000008] Microsoft.EntityFrameworkCore.Database.Command: A data reader for 'supportroom' on server 'tcp://localhost:5432' is being disposed after spending 0ms reading results.
[2026-08-08 03:20:45.361 DBG] [0HNNKNSO8HTMV:00000008] Microsoft.EntityFrameworkCore.Database.Connection: Closing connection to database 'supportroom' on server 'tcp://localhost:5432'.
[2026-08-08 03:20:45.361 DBG] [0HNNKNSO8HTMV:00000008] Microsoft.EntityFrameworkCore.Database.Connection: Closed connection to database 'supportroom' on server 'tcp://localhost:5432' (0ms).
[2026-08-08 03:20:45.361 DBG] [0HNNKNSO8HTMV:00000008] Microsoft.EntityFrameworkCore.ChangeTracking: An entity of type 'DocumentResource' tracked by 'ApplicationDbContext' changed state from 'Added' to 'Unchanged'. Consider using 'DbContextOptionsBuilder.EnableSensitiveDataLogging' to see key values.
[2026-08-08 03:20:45.362 DBG] [0HNNKNSO8HTMV:00000008] Microsoft.EntityFrameworkCore.Update: SaveChanges completed for 'ApplicationDbContext' with 1 entities written to the database.
[2026-08-08 03:20:45.475 INF] [0HNNKNSO8HTMV:00000008] SupportRoom.Application.Services.IKnowledgeIndexingService: Indexed 9 chunks into knowledge namespace kb-global
[2026-08-08 03:20:45.476 DBG] [0HNNKNSO8HTMV:00000008] Microsoft.EntityFrameworkCore.ChangeTracking: An entity of type 'DocumentResource' tracked by 'ApplicationDbContext' changed state from 'Unchanged' to 'Modified'. Consider using 'DbContextOptionsBuilder.EnableSensitiveDataLogging' to see key values.
[2026-08-08 03:20:45.476 DBG] [0HNNKNSO8HTMV:00000008] Microsoft.EntityFrameworkCore.Update: SaveChanges starting for 'ApplicationDbContext'.
[2026-08-08 03:20:45.476 DBG] [0HNNKNSO8HTMV:00000008] Microsoft.EntityFrameworkCore.ChangeTracking: DetectChanges starting for 'ApplicationDbContext'.
[2026-08-08 03:20:45.476 DBG] [0HNNKNSO8HTMV:00000008] Microsoft.EntityFrameworkCore.ChangeTracking: DetectChanges completed for 'ApplicationDbContext'.
[2026-08-08 03:20:45.476 DBG] [0HNNKNSO8HTMV:00000008] Microsoft.EntityFrameworkCore.Database.Connection: Opening connection to database 'supportroom' on server 'tcp://localhost:5432'.
[2026-08-08 03:20:45.476 DBG] [0HNNKNSO8HTMV:00000008] Microsoft.EntityFrameworkCore.Database.Connection: Opened connection to database 'supportroom' on server 'tcp://localhost:5432'.
[2026-08-08 03:20:45.476 DBG] [0HNNKNSO8HTMV:00000008] Microsoft.EntityFrameworkCore.Database.Command: Creating DbCommand for 'ExecuteReader'.
[2026-08-08 03:20:45.476 DBG] [0HNNKNSO8HTMV:00000008] Microsoft.EntityFrameworkCore.Database.Command: Created DbCommand for 'ExecuteReader' (0ms).
[2026-08-08 03:20:45.476 DBG] [0HNNKNSO8HTMV:00000008] Microsoft.EntityFrameworkCore.Database.Command: Initialized DbCommand for 'ExecuteReader' (0ms).
[2026-08-08 03:20:45.476 DBG] [0HNNKNSO8HTMV:00000008] Microsoft.EntityFrameworkCore.Database.Command: Executing DbCommand [Parameters=[@p15='?', @p0='?', @p1='?', @p2='?' (DbType = DateTime), @p3='?', @p4='?' (DbType = DateTime), @p5='?', @p6='?' (DbType = Int32), @p7='?', @p8='?' (DbType = Boolean), @p9='?', @p10='?', @p11='?', @p12='?' (DbType = Int64), @p13='?', @p14='?' (DbType = DateTime)], CommandType='Text', CommandTimeout='30']
UPDATE "DocumentResource" SET "ContentType" = @p0, "CreateBy" = @p1, "CreateDate" = @p2, "DeleteBy" = @p3, "DeletedAt" = @p4, "FileName" = @p5, "IndexedChunkCount" = @p6, "IndexingStatus" = @p7, "IsDelete" = @p8, "LessonId" = @p9, "ObsBucket" = @p10, "ObsKey" = @p11, "SizeBytes" = @p12, "UpdateBy" = @p13, "UpdateDate" = @p14
WHERE "Id" = @p15;
[2026-08-08 03:20:45.479 INF] [0HNNKNSO8HTMV:00000008] Microsoft.EntityFrameworkCore.Database.Command: Executed DbCommand (3ms) [Parameters=[@p15='?', @p0='?', @p1='?', @p2='?' (DbType = DateTime), @p3='?', @p4='?' (DbType = DateTime), @p5='?', @p6='?' (DbType = Int32), @p7='?', @p8='?' (DbType = Boolean), @p9='?', @p10='?', @p11='?', @p12='?' (DbType = Int64), @p13='?', @p14='?' (DbType = DateTime)], CommandType='Text', CommandTimeout='30']
UPDATE "DocumentResource" SET "ContentType" = @p0, "CreateBy" = @p1, "CreateDate" = @p2, "DeleteBy" = @p3, "DeletedAt" = @p4, "FileName" = @p5, "IndexedChunkCount" = @p6, "IndexingStatus" = @p7, "IsDelete" = @p8, "LessonId" = @p9, "ObsBucket" = @p10, "ObsKey" = @p11, "SizeBytes" = @p12, "UpdateBy" = @p13, "UpdateDate" = @p14
WHERE "Id" = @p15;
[2026-08-08 03:20:45.479 DBG] [0HNNKNSO8HTMV:00000008] Microsoft.EntityFrameworkCore.Database.Command: Closing data reader to 'supportroom' on server 'tcp://localhost:5432'.
[2026-08-08 03:20:45.480 DBG] [0HNNKNSO8HTMV:00000008] Microsoft.EntityFrameworkCore.Database.Command: A data reader for 'supportroom' on server 'tcp://localhost:5432' is being disposed after spending 0ms reading results.
[2026-08-08 03:20:45.480 DBG] [0HNNKNSO8HTMV:00000008] Microsoft.EntityFrameworkCore.Database.Connection: Closing connection to database 'supportroom' on server 'tcp://localhost:5432'.
[2026-08-08 03:20:45.480 DBG] [0HNNKNSO8HTMV:00000008] Microsoft.EntityFrameworkCore.Database.Connection: Closed connection to database 'supportroom' on server 'tcp://localhost:5432' (0ms).
[2026-08-08 03:20:45.480 DBG] [0HNNKNSO8HTMV:00000008] Microsoft.EntityFrameworkCore.ChangeTracking: An entity of type 'DocumentResource' tracked by 'ApplicationDbContext' changed state from 'Modified' to 'Unchanged'. Consider using 'DbContextOptionsBuilder.EnableSensitiveDataLogging' to see key values.
[2026-08-08 03:20:45.480 DBG] [0HNNKNSO8HTMV:00000008] Microsoft.EntityFrameworkCore.Update: SaveChanges completed for 'ApplicationDbContext' with 1 entities written to the database.
[2026-08-08 03:20:45.480 INF] [0HNNKNSO8HTMV:00000008] SupportRoom.Application.Services.IDocumentResourceService: Document uploaded: doc-aaf25251-5416-4a54-a905-2795dd7e71b4 status=indexed chunks=9 namespace=kb-global
[2026-08-08 03:20:45.480 INF] [0HNNKNSO8HTMV:00000008] Serilog.AspNetCore.RequestLoggingMiddleware: HTTP POST /api/documents responded 200 in 138.2938 ms
[2026-08-08 03:20:45.481 DBG] [] Microsoft.EntityFrameworkCore.Infrastructure: 'ApplicationDbContext' disposed.
[2026-08-08 03:20:45.481 DBG] [] Microsoft.EntityFrameworkCore.Database.Connection: Disposing connection to database 'supportroom' on server 'tcp://localhost:5432'.
[2026-08-08 03:20:45.481 DBG] [] Microsoft.EntityFrameworkCore.Database.Connection: Disposed connection to database 'supportroom' on server 'tcp://localhost:5432' (0ms).
[2026-08-08 03:20:45.484 DBG] [0HNNKNSO8HTMV:00000009] Microsoft.EntityFrameworkCore.Infrastructure: Entity Framework Core 10.0.10 initialized 'ApplicationDbContext' using provider 'Npgsql.EntityFrameworkCore.PostgreSQL:10.0.3+5e912bf071068a44e5abbdab497b313ba99d3ee1' with options: None
[2026-08-08 03:20:45.485 DBG] [0HNNKNSO8HTMV:00000009] Microsoft.EntityFrameworkCore.Database.Connection: Creating DbConnection.
[2026-08-08 03:20:45.485 DBG] [0HNNKNSO8HTMV:00000009] Microsoft.EntityFrameworkCore.Database.Connection: Created DbConnection. (0ms).
[2026-08-08 03:20:45.485 DBG] [0HNNKNSO8HTMV:00000009] Microsoft.EntityFrameworkCore.Database.Connection: Opening connection to database 'supportroom' on server 'tcp://localhost:5432'.
[2026-08-08 03:20:45.485 DBG] [0HNNKNSO8HTMV:00000009] Microsoft.EntityFrameworkCore.Database.Connection: Opened connection to database 'supportroom' on server 'tcp://localhost:5432'.
[2026-08-08 03:20:45.485 DBG] [0HNNKNSO8HTMV:00000009] Microsoft.EntityFrameworkCore.Database.Command: Creating DbCommand for 'ExecuteReader'.
[2026-08-08 03:20:45.485 DBG] [0HNNKNSO8HTMV:00000009] Microsoft.EntityFrameworkCore.Database.Command: Created DbCommand for 'ExecuteReader' (0ms).
[2026-08-08 03:20:45.485 DBG] [0HNNKNSO8HTMV:00000009] Microsoft.EntityFrameworkCore.Database.Command: Initialized DbCommand for 'ExecuteReader' (0ms).
[2026-08-08 03:20:45.485 DBG] [0HNNKNSO8HTMV:00000009] Microsoft.EntityFrameworkCore.Database.Command: Executing DbCommand [Parameters=[], CommandType='Text', CommandTimeout='30']
SELECT d."Id", d."ContentType", d."CreateBy", d."CreateDate", d."DeleteBy", d."DeletedAt", d."FileName", d."IndexedChunkCount", d."IndexingStatus", d."IsDelete", d."LessonId", d."ObsBucket", d."ObsKey", d."SizeBytes", d."UpdateBy", d."UpdateDate"
FROM "DocumentResource" AS d
WHERE d."LessonId" IS NULL
ORDER BY d."CreateDate" DESC
[2026-08-08 03:20:45.488 INF] [0HNNKNSO8HTMV:00000009] Microsoft.EntityFrameworkCore.Database.Command: Executed DbCommand (3ms) [Parameters=[], CommandType='Text', CommandTimeout='30']
SELECT d."Id", d."ContentType", d."CreateBy", d."CreateDate", d."DeleteBy", d."DeletedAt", d."FileName", d."IndexedChunkCount", d."IndexingStatus", d."IsDelete", d."LessonId", d."ObsBucket", d."ObsKey", d."SizeBytes", d."UpdateBy", d."UpdateDate"
FROM "DocumentResource" AS d
WHERE d."LessonId" IS NULL
ORDER BY d."CreateDate" DESC
[2026-08-08 03:20:45.488 DBG] [0HNNKNSO8HTMV:00000009] Microsoft.EntityFrameworkCore.ChangeTracking: Context 'ApplicationDbContext' started tracking 'DocumentResource' entity. Consider using 'DbContextOptionsBuilder.EnableSensitiveDataLogging' to see key values.
[2026-08-08 03:20:45.488 DBG] [0HNNKNSO8HTMV:00000009] Microsoft.EntityFrameworkCore.ChangeTracking: Context 'ApplicationDbContext' started tracking 'DocumentResource' entity. Consider using 'DbContextOptionsBuilder.EnableSensitiveDataLogging' to see key values.
[2026-08-08 03:20:45.488 DBG] [0HNNKNSO8HTMV:00000009] Microsoft.EntityFrameworkCore.ChangeTracking: Context 'ApplicationDbContext' started tracking 'DocumentResource' entity. Consider using 'DbContextOptionsBuilder.EnableSensitiveDataLogging' to see key values.
[2026-08-08 03:20:45.488 DBG] [0HNNKNSO8HTMV:00000009] Microsoft.EntityFrameworkCore.ChangeTracking: Context 'ApplicationDbContext' started tracking 'DocumentResource' entity. Consider using 'DbContextOptionsBuilder.EnableSensitiveDataLogging' to see key values.
[2026-08-08 03:20:45.488 DBG] [0HNNKNSO8HTMV:00000009] Microsoft.EntityFrameworkCore.ChangeTracking: Context 'ApplicationDbContext' started tracking 'DocumentResource' entity. Consider using 'DbContextOptionsBuilder.EnableSensitiveDataLogging' to see key values.
[2026-08-08 03:20:45.488 DBG] [0HNNKNSO8HTMV:00000009] Microsoft.EntityFrameworkCore.ChangeTracking: Context 'ApplicationDbContext' started tracking 'DocumentResource' entity. Consider using 'DbContextOptionsBuilder.EnableSensitiveDataLogging' to see key values.
[2026-08-08 03:20:45.488 DBG] [0HNNKNSO8HTMV:00000009] Microsoft.EntityFrameworkCore.ChangeTracking: Context 'ApplicationDbContext' started tracking 'DocumentResource' entity. Consider using 'DbContextOptionsBuilder.EnableSensitiveDataLogging' to see key values.
[2026-08-08 03:20:45.488 DBG] [0HNNKNSO8HTMV:00000009] Microsoft.EntityFrameworkCore.ChangeTracking: Context 'ApplicationDbContext' started tracking 'DocumentResource' entity. Consider using 'DbContextOptionsBuilder.EnableSensitiveDataLogging' to see key values.
[2026-08-08 03:20:45.488 DBG] [0HNNKNSO8HTMV:00000009] Microsoft.EntityFrameworkCore.Database.Command: Closing data reader to 'supportroom' on server 'tcp://localhost:5432'.
[2026-08-08 03:20:45.488 DBG] [0HNNKNSO8HTMV:00000009] Microsoft.EntityFrameworkCore.Database.Command: A data reader for 'supportroom' on server 'tcp://localhost:5432' is being disposed after spending 0ms reading results.
[2026-08-08 03:20:45.488 DBG] [0HNNKNSO8HTMV:00000009] Microsoft.EntityFrameworkCore.Database.Connection: Closing connection to database 'supportroom' on server 'tcp://localhost:5432'.
[2026-08-08 03:20:45.488 DBG] [0HNNKNSO8HTMV:00000009] Microsoft.EntityFrameworkCore.Database.Connection: Closed connection to database 'supportroom' on server 'tcp://localhost:5432' (0ms).
[2026-08-08 03:20:45.489 INF] [0HNNKNSO8HTMV:00000009] Serilog.AspNetCore.RequestLoggingMiddleware: HTTP GET /api/documents responded 200 in 5.0485 ms
[2026-08-08 03:20:45.489 DBG] [] Microsoft.EntityFrameworkCore.Infrastructure: 'ApplicationDbContext' disposed.
[2026-08-08 03:20:45.489 DBG] [] Microsoft.EntityFrameworkCore.Database.Connection: Disposing connection to database 'supportroom' on server 'tcp://localhost:5432'.
[2026-08-08 03:20:45.489 DBG] [] Microsoft.EntityFrameworkCore.Database.Connection: Disposed connection to database 'supportroom' on server 'tcp://localhost:5432' (0ms).
[2026-08-08 03:20:47.819 DBG] [0HNNKNSO8HTMV:0000000A] Microsoft.EntityFrameworkCore.Infrastructure: Entity Framework Core 10.0.10 initialized 'ApplicationDbContext' using provider 'Npgsql.EntityFrameworkCore.PostgreSQL:10.0.3+5e912bf071068a44e5abbdab497b313ba99d3ee1' with options: None
[2026-08-08 03:20:47.820 DBG] [0HNNKNSO8HTMV:0000000A] Microsoft.EntityFrameworkCore.Database.Connection: Creating DbConnection.
[2026-08-08 03:20:47.820 DBG] [0HNNKNSO8HTMV:0000000A] Microsoft.EntityFrameworkCore.Database.Connection: Created DbConnection. (0ms).
[2026-08-08 03:20:47.820 DBG] [0HNNKNSO8HTMV:0000000A] Microsoft.EntityFrameworkCore.Database.Connection: Opening connection to database 'supportroom' on server 'tcp://localhost:5432'.
[2026-08-08 03:20:47.820 DBG] [0HNNKNSO8HTMV:0000000A] Microsoft.EntityFrameworkCore.Database.Connection: Opened connection to database 'supportroom' on server 'tcp://localhost:5432'.
[2026-08-08 03:20:47.820 DBG] [0HNNKNSO8HTMV:0000000A] Microsoft.EntityFrameworkCore.Database.Command: Creating DbCommand for 'ExecuteReader'.
[2026-08-08 03:20:47.820 DBG] [0HNNKNSO8HTMV:0000000A] Microsoft.EntityFrameworkCore.Database.Command: Created DbCommand for 'ExecuteReader' (0ms).
[2026-08-08 03:20:47.820 DBG] [0HNNKNSO8HTMV:0000000A] Microsoft.EntityFrameworkCore.Database.Command: Initialized DbCommand for 'ExecuteReader' (0ms).
[2026-08-08 03:20:47.820 DBG] [0HNNKNSO8HTMV:0000000A] Microsoft.EntityFrameworkCore.Database.Command: Executing DbCommand [Parameters=[], CommandType='Text', CommandTimeout='30']
SELECT t."Id", t."CompletedAllSlides", t."CreateBy", t."CreateDate", t."DeleteBy", t."DeletedAt", t."EndedAt", t."ExpiresAt", t."IsDelete", t."LastSlideObjectId", t."LessonId", t."LessonSlug", t."SchoolName", t."StartedAt", t."Status", t."TeacherName", t."Token", t."UpdateBy", t."UpdateDate"
FROM "TrainingSession" AS t
ORDER BY t."CreateDate" DESC
[2026-08-08 03:20:47.822 INF] [0HNNKNSO8HTMV:0000000A] Microsoft.EntityFrameworkCore.Database.Command: Executed DbCommand (2ms) [Parameters=[], CommandType='Text', CommandTimeout='30']
SELECT t."Id", t."CompletedAllSlides", t."CreateBy", t."CreateDate", t."DeleteBy", t."DeletedAt", t."EndedAt", t."ExpiresAt", t."IsDelete", t."LastSlideObjectId", t."LessonId", t."LessonSlug", t."SchoolName", t."StartedAt", t."Status", t."TeacherName", t."Token", t."UpdateBy", t."UpdateDate"
FROM "TrainingSession" AS t
ORDER BY t."CreateDate" DESC
[2026-08-08 03:20:47.823 DBG] [0HNNKNSO8HTMV:0000000A] Microsoft.EntityFrameworkCore.ChangeTracking: Context 'ApplicationDbContext' started tracking 'TrainingSession' entity. Consider using 'DbContextOptionsBuilder.EnableSensitiveDataLogging' to see key values.
[2026-08-08 03:20:47.823 DBG] [0HNNKNSO8HTMV:0000000A] Microsoft.EntityFrameworkCore.ChangeTracking: Context 'ApplicationDbContext' started tracking 'TrainingSession' entity. Consider using 'DbContextOptionsBuilder.EnableSensitiveDataLogging' to see key values.
[2026-08-08 03:20:47.823 DBG] [0HNNKNSO8HTMV:0000000A] Microsoft.EntityFrameworkCore.ChangeTracking: Context 'ApplicationDbContext' started tracking 'TrainingSession' entity. Consider using 'DbContextOptionsBuilder.EnableSensitiveDataLogging' to see key values.
[2026-08-08 03:20:47.823 DBG] [0HNNKNSO8HTMV:0000000A] Microsoft.EntityFrameworkCore.ChangeTracking: Context 'ApplicationDbContext' started tracking 'TrainingSession' entity. Consider using 'DbContextOptionsBuilder.EnableSensitiveDataLogging' to see key values.
[2026-08-08 03:20:47.823 DBG] [0HNNKNSO8HTMV:0000000A] Microsoft.EntityFrameworkCore.Database.Command: Closing data reader to 'supportroom' on server 'tcp://localhost:5432'.
[2026-08-08 03:20:47.823 DBG] [0HNNKNSO8HTMV:0000000A] Microsoft.EntityFrameworkCore.Database.Command: A data reader for 'supportroom' on server 'tcp://localhost:5432' is being disposed after spending 0ms reading results.
[2026-08-08 03:20:47.823 DBG] [0HNNKNSO8HTMV:0000000A] Microsoft.EntityFrameworkCore.Database.Connection: Closing connection to database 'supportroom' on server 'tcp://localhost:5432'.
[2026-08-08 03:20:47.823 DBG] [0HNNKNSO8HTMV:0000000A] Microsoft.EntityFrameworkCore.Database.Connection: Closed connection to database 'supportroom' on server 'tcp://localhost:5432' (0ms).
[2026-08-08 03:20:47.823 INF] [0HNNKNSO8HTMV:0000000A] Serilog.AspNetCore.RequestLoggingMiddleware: HTTP GET /api/sessions responded 200 in 4.6598 ms
[2026-08-08 03:20:47.823 DBG] [] Microsoft.EntityFrameworkCore.Infrastructure: 'ApplicationDbContext' disposed.
[2026-08-08 03:20:47.823 DBG] [] Microsoft.EntityFrameworkCore.Database.Connection: Disposing connection to database 'supportroom' on server 'tcp://localhost:5432'.
[2026-08-08 03:20:47.823 DBG] [] Microsoft.EntityFrameworkCore.Database.Connection: Disposed connection to database 'supportroom' on server 'tcp://localhost:5432' (0ms).
[2026-08-08 03:20:47.825 DBG] [0HNNKNSO8HTMU:00000012] Microsoft.EntityFrameworkCore.Infrastructure: Entity Framework Core 10.0.10 initialized 'ApplicationDbContext' using provider 'Npgsql.EntityFrameworkCore.PostgreSQL:10.0.3+5e912bf071068a44e5abbdab497b313ba99d3ee1' with options: None
[2026-08-08 03:20:47.826 DBG] [0HNNKNSO8HTMU:00000012] Microsoft.EntityFrameworkCore.Database.Connection: Creating DbConnection.
[2026-08-08 03:20:47.826 DBG] [0HNNKNSO8HTMU:00000012] Microsoft.EntityFrameworkCore.Database.Connection: Created DbConnection. (0ms).
[2026-08-08 03:20:47.826 DBG] [0HNNKNSO8HTMU:00000012] Microsoft.EntityFrameworkCore.Database.Connection: Opening connection to database 'supportroom' on server 'tcp://localhost:5432'.
[2026-08-08 03:20:47.826 DBG] [0HNNKNSO8HTMU:00000012] Microsoft.EntityFrameworkCore.Database.Connection: Opened connection to database 'supportroom' on server 'tcp://localhost:5432'.
[2026-08-08 03:20:47.826 DBG] [0HNNKNSO8HTMU:00000012] Microsoft.EntityFrameworkCore.Database.Command: Creating DbCommand for 'ExecuteReader'.
[2026-08-08 03:20:47.826 DBG] [0HNNKNSO8HTMU:00000012] Microsoft.EntityFrameworkCore.Database.Command: Created DbCommand for 'ExecuteReader' (0ms).
[2026-08-08 03:20:47.826 DBG] [0HNNKNSO8HTMU:00000012] Microsoft.EntityFrameworkCore.Database.Command: Initialized DbCommand for 'ExecuteReader' (0ms).
[2026-08-08 03:20:47.826 DBG] [0HNNKNSO8HTMU:00000012] Microsoft.EntityFrameworkCore.Database.Command: Executing DbCommand [Parameters=[], CommandType='Text', CommandTimeout='30']
SELECT t."Id", t."CompletedAllSlides", t."CreateBy", t."CreateDate", t."DeleteBy", t."DeletedAt", t."EndedAt", t."ExpiresAt", t."IsDelete", t."LastSlideObjectId", t."LessonId", t."LessonSlug", t."SchoolName", t."StartedAt", t."Status", t."TeacherName", t."Token", t."UpdateBy", t."UpdateDate"
FROM "TrainingSession" AS t
ORDER BY t."CreateDate" DESC
[2026-08-08 03:20:47.829 INF] [0HNNKNSO8HTMU:00000012] Microsoft.EntityFrameworkCore.Database.Command: Executed DbCommand (2ms) [Parameters=[], CommandType='Text', CommandTimeout='30']
SELECT t."Id", t."CompletedAllSlides", t."CreateBy", t."CreateDate", t."DeleteBy", t."DeletedAt", t."EndedAt", t."ExpiresAt", t."IsDelete", t."LastSlideObjectId", t."LessonId", t."LessonSlug", t."SchoolName", t."StartedAt", t."Status", t."TeacherName", t."Token", t."UpdateBy", t."UpdateDate"
FROM "TrainingSession" AS t
ORDER BY t."CreateDate" DESC
[2026-08-08 03:20:47.829 DBG] [0HNNKNSO8HTMU:00000012] Microsoft.EntityFrameworkCore.ChangeTracking: Context 'ApplicationDbContext' started tracking 'TrainingSession' entity. Consider using 'DbContextOptionsBuilder.EnableSensitiveDataLogging' to see key values.
[2026-08-08 03:20:47.829 DBG] [0HNNKNSO8HTMU:00000012] Microsoft.EntityFrameworkCore.ChangeTracking: Context 'ApplicationDbContext' started tracking 'TrainingSession' entity. Consider using 'DbContextOptionsBuilder.EnableSensitiveDataLogging' to see key values.
[2026-08-08 03:20:47.829 DBG] [0HNNKNSO8HTMU:00000012] Microsoft.EntityFrameworkCore.ChangeTracking: Context 'ApplicationDbContext' started tracking 'TrainingSession' entity. Consider using 'DbContextOptionsBuilder.EnableSensitiveDataLogging' to see key values.
[2026-08-08 03:20:47.829 DBG] [0HNNKNSO8HTMU:00000012] Microsoft.EntityFrameworkCore.ChangeTracking: Context 'ApplicationDbContext' started tracking 'TrainingSession' entity. Consider using 'DbContextOptionsBuilder.EnableSensitiveDataLogging' to see key values.
[2026-08-08 03:20:47.829 DBG] [0HNNKNSO8HTMU:00000012] Microsoft.EntityFrameworkCore.Database.Command: Closing data reader to 'supportroom' on server 'tcp://localhost:5432'.
[2026-08-08 03:20:47.829 DBG] [0HNNKNSO8HTMU:00000012] Microsoft.EntityFrameworkCore.Database.Command: A data reader for 'supportroom' on server 'tcp://localhost:5432' is being disposed after spending 0ms reading results.
[2026-08-08 03:20:47.829 DBG] [0HNNKNSO8HTMU:00000012] Microsoft.EntityFrameworkCore.Database.Connection: Closing connection to database 'supportroom' on server 'tcp://localhost:5432'.
[2026-08-08 03:20:47.829 DBG] [0HNNKNSO8HTMU:00000012] Microsoft.EntityFrameworkCore.Database.Connection: Closed connection to database 'supportroom' on server 'tcp://localhost:5432' (0ms).
[2026-08-08 03:20:47.829 INF] [0HNNKNSO8HTMU:00000012] Serilog.AspNetCore.RequestLoggingMiddleware: HTTP GET /api/sessions responded 200 in 4.6179 ms
[2026-08-08 03:20:47.829 DBG] [] Microsoft.EntityFrameworkCore.Infrastructure: 'ApplicationDbContext' disposed.
[2026-08-08 03:20:47.829 DBG] [] Microsoft.EntityFrameworkCore.Database.Connection: Disposing connection to database 'supportroom' on server 'tcp://localhost:5432'.
[2026-08-08 03:20:47.829 DBG] [] Microsoft.EntityFrameworkCore.Database.Connection: Disposed connection to database 'supportroom' on server 'tcp://localhost:5432' (0ms).
[2026-08-08 03:20:49.267 DBG] [0HNNKNSO8HTMU:00000013] Microsoft.EntityFrameworkCore.Infrastructure: Entity Framework Core 10.0.10 initialized 'ApplicationDbContext' using provider 'Npgsql.EntityFrameworkCore.PostgreSQL:10.0.3+5e912bf071068a44e5abbdab497b313ba99d3ee1' with options: None
[2026-08-08 03:20:49.267 DBG] [0HNNKNSO8HTMU:00000013] Microsoft.EntityFrameworkCore.Database.Connection: Creating DbConnection.
[2026-08-08 03:20:49.267 DBG] [0HNNKNSO8HTMU:00000013] Microsoft.EntityFrameworkCore.Database.Connection: Created DbConnection. (0ms).
[2026-08-08 03:20:49.267 DBG] [0HNNKNSO8HTMU:00000013] Microsoft.EntityFrameworkCore.Database.Connection: Opening connection to database 'supportroom' on server 'tcp://localhost:5432'.
[2026-08-08 03:20:49.267 DBG] [0HNNKNSO8HTMU:00000013] Microsoft.EntityFrameworkCore.Database.Connection: Opened connection to database 'supportroom' on server 'tcp://localhost:5432'.
[2026-08-08 03:20:49.267 DBG] [0HNNKNSO8HTMU:00000013] Microsoft.EntityFrameworkCore.Database.Command: Creating DbCommand for 'ExecuteReader'.
[2026-08-08 03:20:49.267 DBG] [0HNNKNSO8HTMU:00000013] Microsoft.EntityFrameworkCore.Database.Command: Created DbCommand for 'ExecuteReader' (0ms).
[2026-08-08 03:20:49.267 DBG] [0HNNKNSO8HTMU:00000013] Microsoft.EntityFrameworkCore.Database.Command: Initialized DbCommand for 'ExecuteReader' (0ms).
[2026-08-08 03:20:49.267 DBG] [0HNNKNSO8HTMU:00000013] Microsoft.EntityFrameworkCore.Database.Command: Executing DbCommand [Parameters=[], CommandType='Text', CommandTimeout='30']
SELECT l."Id", l."BreathPauseMs", l."CreateBy", l."CreateDate", l."DeleteBy", l."DeletedAt", l."Description", l."FinalQuestionWaitMs", l."IntroWaitMs", l."IsActive", l."IsDelete", l."PresentationId", l."SlidesEmbedUrl", l."SlidesSourceUrl", l."Slug", l."Title", l."UpdateBy", l."UpdateDate", l."SlideConfigs"
FROM "LessonConfig" AS l
[2026-08-08 03:20:49.269 INF] [0HNNKNSO8HTMU:00000013] Microsoft.EntityFrameworkCore.Database.Command: Executed DbCommand (2ms) [Parameters=[], CommandType='Text', CommandTimeout='30']
SELECT l."Id", l."BreathPauseMs", l."CreateBy", l."CreateDate", l."DeleteBy", l."DeletedAt", l."Description", l."FinalQuestionWaitMs", l."IntroWaitMs", l."IsActive", l."IsDelete", l."PresentationId", l."SlidesEmbedUrl", l."SlidesSourceUrl", l."Slug", l."Title", l."UpdateBy", l."UpdateDate", l."SlideConfigs"
FROM "LessonConfig" AS l
[2026-08-08 03:20:49.269 DBG] [0HNNKNSO8HTMU:00000013] Microsoft.EntityFrameworkCore.ChangeTracking: Context 'ApplicationDbContext' started tracking 'LessonConfig' entity. Consider using 'DbContextOptionsBuilder.EnableSensitiveDataLogging' to see key values.
[2026-08-08 03:20:49.269 DBG] [0HNNKNSO8HTMU:00000013] Microsoft.EntityFrameworkCore.ChangeTracking: Context 'ApplicationDbContext' started tracking 'SlideConfig' entity. Consider using 'DbContextOptionsBuilder.EnableSensitiveDataLogging' to see key values.
[2026-08-08 03:20:49.269 DBG] [0HNNKNSO8HTMU:00000013] Microsoft.EntityFrameworkCore.ChangeTracking: Context 'ApplicationDbContext' started tracking 'SlideConfig' entity. Consider using 'DbContextOptionsBuilder.EnableSensitiveDataLogging' to see key values.
[2026-08-08 03:20:49.269 DBG] [0HNNKNSO8HTMU:00000013] Microsoft.EntityFrameworkCore.ChangeTracking: Context 'ApplicationDbContext' started tracking 'SlideConfig' entity. Consider using 'DbContextOptionsBuilder.EnableSensitiveDataLogging' to see key values.
[2026-08-08 03:20:49.269 DBG] [0HNNKNSO8HTMU:00000013] Microsoft.EntityFrameworkCore.ChangeTracking: Context 'ApplicationDbContext' started tracking 'SlideConfig' entity. Consider using 'DbContextOptionsBuilder.EnableSensitiveDataLogging' to see key values.
[2026-08-08 03:20:49.269 DBG] [0HNNKNSO8HTMU:00000013] Microsoft.EntityFrameworkCore.ChangeTracking: Context 'ApplicationDbContext' started tracking 'SlideConfig' entity. Consider using 'DbContextOptionsBuilder.EnableSensitiveDataLogging' to see key values.
[2026-08-08 03:20:49.269 DBG] [0HNNKNSO8HTMU:00000013] Microsoft.EntityFrameworkCore.ChangeTracking: Context 'ApplicationDbContext' started tracking 'SlideConfig' entity. Consider using 'DbContextOptionsBuilder.EnableSensitiveDataLogging' to see key values.
[2026-08-08 03:20:49.269 DBG] [0HNNKNSO8HTMU:00000013] Microsoft.EntityFrameworkCore.Database.Command: Closing data reader to 'supportroom' on server 'tcp://localhost:5432'.
[2026-08-08 03:20:49.269 DBG] [0HNNKNSO8HTMU:00000013] Microsoft.EntityFrameworkCore.Database.Command: A data reader for 'supportroom' on server 'tcp://localhost:5432' is being disposed after spending 0ms reading results.
[2026-08-08 03:20:49.270 DBG] [0HNNKNSO8HTMU:00000013] Microsoft.EntityFrameworkCore.Database.Connection: Closing connection to database 'supportroom' on server 'tcp://localhost:5432'.
[2026-08-08 03:20:49.270 DBG] [0HNNKNSO8HTMU:00000013] Microsoft.EntityFrameworkCore.Database.Connection: Closed connection to database 'supportroom' on server 'tcp://localhost:5432' (0ms).
[2026-08-08 03:20:49.270 INF] [0HNNKNSO8HTMU:00000013] Serilog.AspNetCore.RequestLoggingMiddleware: HTTP GET /api/lessons responded 200 in 3.6358 ms
[2026-08-08 03:20:49.270 DBG] [] Microsoft.EntityFrameworkCore.Infrastructure: 'ApplicationDbContext' disposed.
[2026-08-08 03:20:49.270 DBG] [] Microsoft.EntityFrameworkCore.Database.Connection: Disposing connection to database 'supportroom' on server 'tcp://localhost:5432'.
[2026-08-08 03:20:49.270 DBG] [] Microsoft.EntityFrameworkCore.Database.Connection: Disposed connection to database 'supportroom' on server 'tcp://localhost:5432' (0ms).
[2026-08-08 03:20:49.272 DBG] [0HNNKNSO8HTMV:0000000B] Microsoft.EntityFrameworkCore.Infrastructure: Entity Framework Core 10.0.10 initialized 'ApplicationDbContext' using provider 'Npgsql.EntityFrameworkCore.PostgreSQL:10.0.3+5e912bf071068a44e5abbdab497b313ba99d3ee1' with options: None
[2026-08-08 03:20:49.272 DBG] [0HNNKNSO8HTMV:0000000B] Microsoft.EntityFrameworkCore.Database.Connection: Creating DbConnection.
[2026-08-08 03:20:49.273 DBG] [0HNNKNSO8HTMV:0000000B] Microsoft.EntityFrameworkCore.Database.Connection: Created DbConnection. (0ms).
[2026-08-08 03:20:49.273 DBG] [0HNNKNSO8HTMV:0000000B] Microsoft.EntityFrameworkCore.Database.Connection: Opening connection to database 'supportroom' on server 'tcp://localhost:5432'.
[2026-08-08 03:20:49.273 DBG] [0HNNKNSO8HTMV:0000000B] Microsoft.EntityFrameworkCore.Database.Connection: Opened connection to database 'supportroom' on server 'tcp://localhost:5432'.
[2026-08-08 03:20:49.273 DBG] [0HNNKNSO8HTMV:0000000B] Microsoft.EntityFrameworkCore.Database.Command: Creating DbCommand for 'ExecuteReader'.
[2026-08-08 03:20:49.273 DBG] [0HNNKNSO8HTMV:0000000B] Microsoft.EntityFrameworkCore.Database.Command: Created DbCommand for 'ExecuteReader' (0ms).
[2026-08-08 03:20:49.273 DBG] [0HNNKNSO8HTMV:0000000B] Microsoft.EntityFrameworkCore.Database.Command: Initialized DbCommand for 'ExecuteReader' (0ms).
[2026-08-08 03:20:49.273 DBG] [0HNNKNSO8HTMV:0000000B] Microsoft.EntityFrameworkCore.Database.Command: Executing DbCommand [Parameters=[], CommandType='Text', CommandTimeout='30']
SELECT l."Id", l."BreathPauseMs", l."CreateBy", l."CreateDate", l."DeleteBy", l."DeletedAt", l."Description", l."FinalQuestionWaitMs", l."IntroWaitMs", l."IsActive", l."IsDelete", l."PresentationId", l."SlidesEmbedUrl", l."SlidesSourceUrl", l."Slug", l."Title", l."UpdateBy", l."UpdateDate", l."SlideConfigs"
FROM "LessonConfig" AS l
[2026-08-08 03:20:49.275 INF] [0HNNKNSO8HTMV:0000000B] Microsoft.EntityFrameworkCore.Database.Command: Executed DbCommand (2ms) [Parameters=[], CommandType='Text', CommandTimeout='30']
SELECT l."Id", l."BreathPauseMs", l."CreateBy", l."CreateDate", l."DeleteBy", l."DeletedAt", l."Description", l."FinalQuestionWaitMs", l."IntroWaitMs", l."IsActive", l."IsDelete", l."PresentationId", l."SlidesEmbedUrl", l."SlidesSourceUrl", l."Slug", l."Title", l."UpdateBy", l."UpdateDate", l."SlideConfigs"
FROM "LessonConfig" AS l
[2026-08-08 03:20:49.276 DBG] [0HNNKNSO8HTMV:0000000B] Microsoft.EntityFrameworkCore.ChangeTracking: Context 'ApplicationDbContext' started tracking 'LessonConfig' entity. Consider using 'DbContextOptionsBuilder.EnableSensitiveDataLogging' to see key values.
[2026-08-08 03:20:49.276 DBG] [0HNNKNSO8HTMV:0000000B] Microsoft.EntityFrameworkCore.ChangeTracking: Context 'ApplicationDbContext' started tracking 'SlideConfig' entity. Consider using 'DbContextOptionsBuilder.EnableSensitiveDataLogging' to see key values.
[2026-08-08 03:20:49.276 DBG] [0HNNKNSO8HTMV:0000000B] Microsoft.EntityFrameworkCore.ChangeTracking: Context 'ApplicationDbContext' started tracking 'SlideConfig' entity. Consider using 'DbContextOptionsBuilder.EnableSensitiveDataLogging' to see key values.
[2026-08-08 03:20:49.276 DBG] [0HNNKNSO8HTMV:0000000B] Microsoft.EntityFrameworkCore.ChangeTracking: Context 'ApplicationDbContext' started tracking 'SlideConfig' entity. Consider using 'DbContextOptionsBuilder.EnableSensitiveDataLogging' to see key values.
[2026-08-08 03:20:49.276 DBG] [0HNNKNSO8HTMV:0000000B] Microsoft.EntityFrameworkCore.ChangeTracking: Context 'ApplicationDbContext' started tracking 'SlideConfig' entity. Consider using 'DbContextOptionsBuilder.EnableSensitiveDataLogging' to see key values.
[2026-08-08 03:20:49.276 DBG] [0HNNKNSO8HTMV:0000000B] Microsoft.EntityFrameworkCore.ChangeTracking: Context 'ApplicationDbContext' started tracking 'SlideConfig' entity. Consider using 'DbContextOptionsBuilder.EnableSensitiveDataLogging' to see key values.
[2026-08-08 03:20:49.276 DBG] [0HNNKNSO8HTMV:0000000B] Microsoft.EntityFrameworkCore.ChangeTracking: Context 'ApplicationDbContext' started tracking 'SlideConfig' entity. Consider using 'DbContextOptionsBuilder.EnableSensitiveDataLogging' to see key values.
[2026-08-08 03:20:49.276 DBG] [0HNNKNSO8HTMV:0000000B] Microsoft.EntityFrameworkCore.Database.Command: Closing data reader to 'supportroom' on server 'tcp://localhost:5432'.
[2026-08-08 03:20:49.276 DBG] [0HNNKNSO8HTMV:0000000B] Microsoft.EntityFrameworkCore.Database.Command: A data reader for 'supportroom' on server 'tcp://localhost:5432' is being disposed after spending 0ms reading results.
[2026-08-08 03:20:49.276 DBG] [0HNNKNSO8HTMV:0000000B] Microsoft.EntityFrameworkCore.Database.Connection: Closing connection to database 'supportroom' on server 'tcp://localhost:5432'.
[2026-08-08 03:20:49.276 DBG] [0HNNKNSO8HTMV:0000000B] Microsoft.EntityFrameworkCore.Database.Connection: Closed connection to database 'supportroom' on server 'tcp://localhost:5432' (0ms).
[2026-08-08 03:20:49.276 INF] [0HNNKNSO8HTMV:0000000B] Serilog.AspNetCore.RequestLoggingMiddleware: HTTP GET /api/lessons responded 200 in 4.7302 ms
[2026-08-08 03:20:49.276 DBG] [] Microsoft.EntityFrameworkCore.Infrastructure: 'ApplicationDbContext' disposed.
[2026-08-08 03:20:49.276 DBG] [] Microsoft.EntityFrameworkCore.Database.Connection: Disposing connection to database 'supportroom' on server 'tcp://localhost:5432'.
[2026-08-08 03:20:49.276 DBG] [] Microsoft.EntityFrameworkCore.Database.Connection: Disposed connection to database 'supportroom' on server 'tcp://localhost:5432' (0ms).
[2026-08-08 03:21:01.891 INF] [0HNNKNSO8HTMV:0000000C] Serilog.AspNetCore.RequestLoggingMiddleware: HTTP OPTIONS /api/sessions responded 204 in 0.0352 ms
[2026-08-08 03:21:01.894 DBG] [0HNNKNSO8HTMV:0000000D] Microsoft.EntityFrameworkCore.Infrastructure: Entity Framework Core 10.0.10 initialized 'ApplicationDbContext' using provider 'Npgsql.EntityFrameworkCore.PostgreSQL:10.0.3+5e912bf071068a44e5abbdab497b313ba99d3ee1' with options: None
[2026-08-08 03:21:01.894 DBG] [0HNNKNSO8HTMV:0000000D] Microsoft.EntityFrameworkCore.Database.Connection: Creating DbConnection.
[2026-08-08 03:21:01.895 DBG] [0HNNKNSO8HTMV:0000000D] Microsoft.EntityFrameworkCore.Database.Connection: Created DbConnection. (0ms).
[2026-08-08 03:21:01.895 DBG] [0HNNKNSO8HTMV:0000000D] Microsoft.EntityFrameworkCore.Database.Connection: Opening connection to database 'supportroom' on server 'tcp://localhost:5432'.
[2026-08-08 03:21:01.895 DBG] [0HNNKNSO8HTMV:0000000D] Microsoft.EntityFrameworkCore.Database.Connection: Opened connection to database 'supportroom' on server 'tcp://localhost:5432'.
[2026-08-08 03:21:01.895 DBG] [0HNNKNSO8HTMV:0000000D] Microsoft.EntityFrameworkCore.Database.Command: Creating DbCommand for 'ExecuteReader'.
[2026-08-08 03:21:01.895 DBG] [0HNNKNSO8HTMV:0000000D] Microsoft.EntityFrameworkCore.Database.Command: Created DbCommand for 'ExecuteReader' (0ms).
[2026-08-08 03:21:01.895 DBG] [0HNNKNSO8HTMV:0000000D] Microsoft.EntityFrameworkCore.Database.Command: Initialized DbCommand for 'ExecuteReader' (0ms).
[2026-08-08 03:21:01.895 DBG] [0HNNKNSO8HTMV:0000000D] Microsoft.EntityFrameworkCore.Database.Command: Executing DbCommand [Parameters=[@slug='?'], CommandType='Text', CommandTimeout='30']
SELECT l."Id", l."BreathPauseMs", l."CreateBy", l."CreateDate", l."DeleteBy", l."DeletedAt", l."Description", l."FinalQuestionWaitMs", l."IntroWaitMs", l."IsActive", l."IsDelete", l."PresentationId", l."SlidesEmbedUrl", l."SlidesSourceUrl", l."Slug", l."Title", l."UpdateBy", l."UpdateDate", l."SlideConfigs"
FROM "LessonConfig" AS l
WHERE l."Slug" = @slug
LIMIT 2
[2026-08-08 03:21:01.897 INF] [0HNNKNSO8HTMV:0000000D] Microsoft.EntityFrameworkCore.Database.Command: Executed DbCommand (3ms) [Parameters=[@slug='?'], CommandType='Text', CommandTimeout='30']
SELECT l."Id", l."BreathPauseMs", l."CreateBy", l."CreateDate", l."DeleteBy", l."DeletedAt", l."Description", l."FinalQuestionWaitMs", l."IntroWaitMs", l."IsActive", l."IsDelete", l."PresentationId", l."SlidesEmbedUrl", l."SlidesSourceUrl", l."Slug", l."Title", l."UpdateBy", l."UpdateDate", l."SlideConfigs"
FROM "LessonConfig" AS l
WHERE l."Slug" = @slug
LIMIT 2
[2026-08-08 03:21:01.898 DBG] [0HNNKNSO8HTMV:0000000D] Microsoft.EntityFrameworkCore.ChangeTracking: Context 'ApplicationDbContext' started tracking 'LessonConfig' entity. Consider using 'DbContextOptionsBuilder.EnableSensitiveDataLogging' to see key values.
[2026-08-08 03:21:01.898 DBG] [0HNNKNSO8HTMV:0000000D] Microsoft.EntityFrameworkCore.ChangeTracking: Context 'ApplicationDbContext' started tracking 'SlideConfig' entity. Consider using 'DbContextOptionsBuilder.EnableSensitiveDataLogging' to see key values.
[2026-08-08 03:21:01.898 DBG] [0HNNKNSO8HTMV:0000000D] Microsoft.EntityFrameworkCore.ChangeTracking: Context 'ApplicationDbContext' started tracking 'SlideConfig' entity. Consider using 'DbContextOptionsBuilder.EnableSensitiveDataLogging' to see key values.
[2026-08-08 03:21:01.898 DBG] [0HNNKNSO8HTMV:0000000D] Microsoft.EntityFrameworkCore.ChangeTracking: Context 'ApplicationDbContext' started tracking 'SlideConfig' entity. Consider using 'DbContextOptionsBuilder.EnableSensitiveDataLogging' to see key values.
[2026-08-08 03:21:01.898 DBG] [0HNNKNSO8HTMV:0000000D] Microsoft.EntityFrameworkCore.ChangeTracking: Context 'ApplicationDbContext' started tracking 'SlideConfig' entity. Consider using 'DbContextOptionsBuilder.EnableSensitiveDataLogging' to see key values.
[2026-08-08 03:21:01.898 DBG] [0HNNKNSO8HTMV:0000000D] Microsoft.EntityFrameworkCore.ChangeTracking: Context 'ApplicationDbContext' started tracking 'SlideConfig' entity. Consider using 'DbContextOptionsBuilder.EnableSensitiveDataLogging' to see key values.
[2026-08-08 03:21:01.898 DBG] [0HNNKNSO8HTMV:0000000D] Microsoft.EntityFrameworkCore.ChangeTracking: Context 'ApplicationDbContext' started tracking 'SlideConfig' entity. Consider using 'DbContextOptionsBuilder.EnableSensitiveDataLogging' to see key values.
[2026-08-08 03:21:01.898 DBG] [0HNNKNSO8HTMV:0000000D] Microsoft.EntityFrameworkCore.Database.Command: Closing data reader to 'supportroom' on server 'tcp://localhost:5432'.
[2026-08-08 03:21:01.898 DBG] [0HNNKNSO8HTMV:0000000D] Microsoft.EntityFrameworkCore.Database.Command: A data reader for 'supportroom' on server 'tcp://localhost:5432' is being disposed after spending 0ms reading results.
[2026-08-08 03:21:01.898 DBG] [0HNNKNSO8HTMV:0000000D] Microsoft.EntityFrameworkCore.Database.Connection: Closing connection to database 'supportroom' on server 'tcp://localhost:5432'.
[2026-08-08 03:21:01.898 DBG] [0HNNKNSO8HTMV:0000000D] Microsoft.EntityFrameworkCore.Database.Connection: Closed connection to database 'supportroom' on server 'tcp://localhost:5432' (0ms).
[2026-08-08 03:21:01.898 DBG] [0HNNKNSO8HTMV:0000000D] Microsoft.EntityFrameworkCore.ChangeTracking: Context 'ApplicationDbContext' started tracking 'TrainingSession' entity. Consider using 'DbContextOptionsBuilder.EnableSensitiveDataLogging' to see key values.
[2026-08-08 03:21:01.898 DBG] [0HNNKNSO8HTMV:0000000D] Microsoft.EntityFrameworkCore.Update: SaveChanges starting for 'ApplicationDbContext'.
[2026-08-08 03:21:01.899 DBG] [0HNNKNSO8HTMV:0000000D] Microsoft.EntityFrameworkCore.ChangeTracking: DetectChanges starting for 'ApplicationDbContext'.
[2026-08-08 03:21:01.899 DBG] [0HNNKNSO8HTMV:0000000D] Microsoft.EntityFrameworkCore.ChangeTracking: DetectChanges completed for 'ApplicationDbContext'.
[2026-08-08 03:21:01.899 DBG] [0HNNKNSO8HTMV:0000000D] Microsoft.EntityFrameworkCore.Database.Connection: Opening connection to database 'supportroom' on server 'tcp://localhost:5432'.
[2026-08-08 03:21:01.899 DBG] [0HNNKNSO8HTMV:0000000D] Microsoft.EntityFrameworkCore.Database.Connection: Opened connection to database 'supportroom' on server 'tcp://localhost:5432'.
[2026-08-08 03:21:01.899 DBG] [0HNNKNSO8HTMV:0000000D] Microsoft.EntityFrameworkCore.Database.Command: Creating DbCommand for 'ExecuteReader'.
[2026-08-08 03:21:01.899 DBG] [0HNNKNSO8HTMV:0000000D] Microsoft.EntityFrameworkCore.Database.Command: Created DbCommand for 'ExecuteReader' (0ms).
[2026-08-08 03:21:01.899 DBG] [0HNNKNSO8HTMV:0000000D] Microsoft.EntityFrameworkCore.Database.Command: Initialized DbCommand for 'ExecuteReader' (0ms).
[2026-08-08 03:21:01.899 DBG] [0HNNKNSO8HTMV:0000000D] Microsoft.EntityFrameworkCore.Database.Command: Executing DbCommand [Parameters=[@p0='?', @p1='?' (DbType = Boolean), @p2='?', @p3='?' (DbType = DateTime), @p4='?', @p5='?' (DbType = DateTime), @p6='?' (DbType = DateTime), @p7='?' (DbType = DateTime), @p8='?' (DbType = Boolean), @p9='?', @p10='?', @p11='?', @p12='?', @p13='?' (DbType = DateTime), @p14='?', @p15='?', @p16='?', @p17='?', @p18='?' (DbType = DateTime)], CommandType='Text', CommandTimeout='30']
INSERT INTO "TrainingSession" ("Id", "CompletedAllSlides", "CreateBy", "CreateDate", "DeleteBy", "DeletedAt", "EndedAt", "ExpiresAt", "IsDelete", "LastSlideObjectId", "LessonId", "LessonSlug", "SchoolName", "StartedAt", "Status", "TeacherName", "Token", "UpdateBy", "UpdateDate")
VALUES (@p0, @p1, @p2, @p3, @p4, @p5, @p6, @p7, @p8, @p9, @p10, @p11, @p12, @p13, @p14, @p15, @p16, @p17, @p18);
[2026-08-08 03:21:01.908 INF] [0HNNKNSO8HTMV:0000000D] Microsoft.EntityFrameworkCore.Database.Command: Executed DbCommand (9ms) [Parameters=[@p0='?', @p1='?' (DbType = Boolean), @p2='?', @p3='?' (DbType = DateTime), @p4='?', @p5='?' (DbType = DateTime), @p6='?' (DbType = DateTime), @p7='?' (DbType = DateTime), @p8='?' (DbType = Boolean), @p9='?', @p10='?', @p11='?', @p12='?', @p13='?' (DbType = DateTime), @p14='?', @p15='?', @p16='?', @p17='?', @p18='?' (DbType = DateTime)], CommandType='Text', CommandTimeout='30']
INSERT INTO "TrainingSession" ("Id", "CompletedAllSlides", "CreateBy", "CreateDate", "DeleteBy", "DeletedAt", "EndedAt", "ExpiresAt", "IsDelete", "LastSlideObjectId", "LessonId", "LessonSlug", "SchoolName", "StartedAt", "Status", "TeacherName", "Token", "UpdateBy", "UpdateDate")
VALUES (@p0, @p1, @p2, @p3, @p4, @p5, @p6, @p7, @p8, @p9, @p10, @p11, @p12, @p13, @p14, @p15, @p16, @p17, @p18);
[2026-08-08 03:21:01.908 DBG] [0HNNKNSO8HTMV:0000000D] Microsoft.EntityFrameworkCore.Database.Command: Closing data reader to 'supportroom' on server 'tcp://localhost:5432'.
[2026-08-08 03:21:01.908 DBG] [0HNNKNSO8HTMV:0000000D] Microsoft.EntityFrameworkCore.Database.Command: A data reader for 'supportroom' on server 'tcp://localhost:5432' is being disposed after spending 0ms reading results.
[2026-08-08 03:21:01.909 DBG] [0HNNKNSO8HTMV:0000000D] Microsoft.EntityFrameworkCore.Database.Connection: Closing connection to database 'supportroom' on server 'tcp://localhost:5432'.
[2026-08-08 03:21:01.909 DBG] [0HNNKNSO8HTMV:0000000D] Microsoft.EntityFrameworkCore.Database.Connection: Closed connection to database 'supportroom' on server 'tcp://localhost:5432' (0ms).
[2026-08-08 03:21:01.909 DBG] [0HNNKNSO8HTMV:0000000D] Microsoft.EntityFrameworkCore.ChangeTracking: An entity of type 'TrainingSession' tracked by 'ApplicationDbContext' changed state from 'Added' to 'Unchanged'. Consider using 'DbContextOptionsBuilder.EnableSensitiveDataLogging' to see key values.
[2026-08-08 03:21:01.909 DBG] [0HNNKNSO8HTMV:0000000D] Microsoft.EntityFrameworkCore.Update: SaveChanges completed for 'ApplicationDbContext' with 1 entities written to the database.
[2026-08-08 03:21:01.909 INF] [0HNNKNSO8HTMV:0000000D] SupportRoom.Application.Services.ITrainingSessionService: Session created: session-4daacfd6-9ccf-40d4-a4d0-e9e801732014 lesson=login-mobile-test
[2026-08-08 03:21:01.909 INF] [0HNNKNSO8HTMV:0000000D] Serilog.AspNetCore.RequestLoggingMiddleware: HTTP POST /api/sessions responded 201 in 15.6531 ms
[2026-08-08 03:21:01.909 DBG] [] Microsoft.EntityFrameworkCore.Infrastructure: 'ApplicationDbContext' disposed.
[2026-08-08 03:21:01.909 DBG] [] Microsoft.EntityFrameworkCore.Database.Connection: Disposing connection to database 'supportroom' on server 'tcp://localhost:5432'.
[2026-08-08 03:21:01.909 DBG] [] Microsoft.EntityFrameworkCore.Database.Connection: Disposed connection to database 'supportroom' on server 'tcp://localhost:5432' (0ms).
[2026-08-08 03:21:07.132 DBG] [0HNNKNSO8HTMV:0000000E] Microsoft.EntityFrameworkCore.Infrastructure: Entity Framework Core 10.0.10 initialized 'ApplicationDbContext' using provider 'Npgsql.EntityFrameworkCore.PostgreSQL:10.0.3+5e912bf071068a44e5abbdab497b313ba99d3ee1' with options: None
[2026-08-08 03:21:07.133 DBG] [0HNNKNSO8HTMV:0000000E] Microsoft.EntityFrameworkCore.Database.Connection: Creating DbConnection.
[2026-08-08 03:21:07.133 DBG] [0HNNKNSO8HTMV:0000000E] Microsoft.EntityFrameworkCore.Database.Connection: Created DbConnection. (0ms).
[2026-08-08 03:21:07.133 DBG] [0HNNKNSO8HTMV:0000000E] Microsoft.EntityFrameworkCore.Database.Connection: Opening connection to database 'supportroom' on server 'tcp://localhost:5432'.
[2026-08-08 03:21:07.133 DBG] [0HNNKNSO8HTMV:0000000E] Microsoft.EntityFrameworkCore.Database.Connection: Opened connection to database 'supportroom' on server 'tcp://localhost:5432'.
[2026-08-08 03:21:07.133 DBG] [0HNNKNSO8HTMV:0000000E] Microsoft.EntityFrameworkCore.Database.Command: Creating DbCommand for 'ExecuteReader'.
[2026-08-08 03:21:07.133 DBG] [0HNNKNSO8HTMV:0000000E] Microsoft.EntityFrameworkCore.Database.Command: Created DbCommand for 'ExecuteReader' (0ms).
[2026-08-08 03:21:07.133 DBG] [0HNNKNSO8HTMV:0000000E] Microsoft.EntityFrameworkCore.Database.Command: Initialized DbCommand for 'ExecuteReader' (0ms).
[2026-08-08 03:21:07.133 DBG] [0HNNKNSO8HTMV:0000000E] Microsoft.EntityFrameworkCore.Database.Command: Executing DbCommand [Parameters=[@token='?'], CommandType='Text', CommandTimeout='30']
SELECT t."Id", t."CompletedAllSlides", t."CreateBy", t."CreateDate", t."DeleteBy", t."DeletedAt", t."EndedAt", t."ExpiresAt", t."IsDelete", t."LastSlideObjectId", t."LessonId", t."LessonSlug", t."SchoolName", t."StartedAt", t."Status", t."TeacherName", t."Token", t."UpdateBy", t."UpdateDate"
FROM "TrainingSession" AS t
WHERE t."Token" = @token
LIMIT 2
[2026-08-08 03:21:07.136 INF] [0HNNKNSO8HTMV:0000000E] Microsoft.EntityFrameworkCore.Database.Command: Executed DbCommand (3ms) [Parameters=[@token='?'], CommandType='Text', CommandTimeout='30']
SELECT t."Id", t."CompletedAllSlides", t."CreateBy", t."CreateDate", t."DeleteBy", t."DeletedAt", t."EndedAt", t."ExpiresAt", t."IsDelete", t."LastSlideObjectId", t."LessonId", t."LessonSlug", t."SchoolName", t."StartedAt", t."Status", t."TeacherName", t."Token", t."UpdateBy", t."UpdateDate"
FROM "TrainingSession" AS t
WHERE t."Token" = @token
LIMIT 2
[2026-08-08 03:21:07.137 DBG] [0HNNKNSO8HTMV:0000000E] Microsoft.EntityFrameworkCore.ChangeTracking: Context 'ApplicationDbContext' started tracking 'TrainingSession' entity. Consider using 'DbContextOptionsBuilder.EnableSensitiveDataLogging' to see key values.
[2026-08-08 03:21:07.137 DBG] [0HNNKNSO8HTMV:0000000E] Microsoft.EntityFrameworkCore.Database.Command: Closing data reader to 'supportroom' on server 'tcp://localhost:5432'.
[2026-08-08 03:21:07.137 DBG] [0HNNKNSO8HTMV:0000000E] Microsoft.EntityFrameworkCore.Database.Command: A data reader for 'supportroom' on server 'tcp://localhost:5432' is being disposed after spending 0ms reading results.
[2026-08-08 03:21:07.137 DBG] [0HNNKNSO8HTMV:0000000E] Microsoft.EntityFrameworkCore.Database.Connection: Closing connection to database 'supportroom' on server 'tcp://localhost:5432'.
[2026-08-08 03:21:07.137 DBG] [0HNNKNSO8HTMV:0000000E] Microsoft.EntityFrameworkCore.Database.Connection: Closed connection to database 'supportroom' on server 'tcp://localhost:5432' (0ms).
[2026-08-08 03:21:07.137 DBG] [0HNNKNSO8HTMV:0000000E] Microsoft.EntityFrameworkCore.Database.Connection: Opening connection to database 'supportroom' on server 'tcp://localhost:5432'.
[2026-08-08 03:21:07.138 DBG] [0HNNKNSO8HTMV:0000000E] Microsoft.EntityFrameworkCore.Database.Connection: Opened connection to database 'supportroom' on server 'tcp://localhost:5432'.
[2026-08-08 03:21:07.138 DBG] [0HNNKNSO8HTMV:0000000E] Microsoft.EntityFrameworkCore.Database.Command: Creating DbCommand for 'ExecuteReader'.
[2026-08-08 03:21:07.138 DBG] [0HNNKNSO8HTMV:0000000E] Microsoft.EntityFrameworkCore.Database.Command: Created DbCommand for 'ExecuteReader' (0ms).
[2026-08-08 03:21:07.138 DBG] [0HNNKNSO8HTMV:0000000E] Microsoft.EntityFrameworkCore.Database.Command: Initialized DbCommand for 'ExecuteReader' (0ms).
[2026-08-08 03:21:07.138 DBG] [0HNNKNSO8HTMV:0000000E] Microsoft.EntityFrameworkCore.Database.Command: Executing DbCommand [Parameters=[@slug='?'], CommandType='Text', CommandTimeout='30']
SELECT l."Id", l."BreathPauseMs", l."CreateBy", l."CreateDate", l."DeleteBy", l."DeletedAt", l."Description", l."FinalQuestionWaitMs", l."IntroWaitMs", l."IsActive", l."IsDelete", l."PresentationId", l."SlidesEmbedUrl", l."SlidesSourceUrl", l."Slug", l."Title", l."UpdateBy", l."UpdateDate", l."SlideConfigs"
FROM "LessonConfig" AS l
WHERE l."Slug" = @slug
LIMIT 2
[2026-08-08 03:21:07.140 INF] [0HNNKNSO8HTMV:0000000E] Microsoft.EntityFrameworkCore.Database.Command: Executed DbCommand (3ms) [Parameters=[@slug='?'], CommandType='Text', CommandTimeout='30']
SELECT l."Id", l."BreathPauseMs", l."CreateBy", l."CreateDate", l."DeleteBy", l."DeletedAt", l."Description", l."FinalQuestionWaitMs", l."IntroWaitMs", l."IsActive", l."IsDelete", l."PresentationId", l."SlidesEmbedUrl", l."SlidesSourceUrl", l."Slug", l."Title", l."UpdateBy", l."UpdateDate", l."SlideConfigs"
FROM "LessonConfig" AS l
WHERE l."Slug" = @slug
LIMIT 2
[2026-08-08 03:21:07.140 DBG] [0HNNKNSO8HTMV:0000000E] Microsoft.EntityFrameworkCore.ChangeTracking: Context 'ApplicationDbContext' started tracking 'LessonConfig' entity. Consider using 'DbContextOptionsBuilder.EnableSensitiveDataLogging' to see key values.
[2026-08-08 03:21:07.141 DBG] [0HNNKNSO8HTMV:0000000E] Microsoft.EntityFrameworkCore.ChangeTracking: Context 'ApplicationDbContext' started tracking 'SlideConfig' entity. Consider using 'DbContextOptionsBuilder.EnableSensitiveDataLogging' to see key values.
[2026-08-08 03:21:07.141 DBG] [0HNNKNSO8HTMV:0000000E] Microsoft.EntityFrameworkCore.ChangeTracking: Context 'ApplicationDbContext' started tracking 'SlideConfig' entity. Consider using 'DbContextOptionsBuilder.EnableSensitiveDataLogging' to see key values.
[2026-08-08 03:21:07.141 DBG] [0HNNKNSO8HTMV:0000000E] Microsoft.EntityFrameworkCore.ChangeTracking: Context 'ApplicationDbContext' started tracking 'SlideConfig' entity. Consider using 'DbContextOptionsBuilder.EnableSensitiveDataLogging' to see key values.
[2026-08-08 03:21:07.141 DBG] [0HNNKNSO8HTMV:0000000E] Microsoft.EntityFrameworkCore.ChangeTracking: Context 'ApplicationDbContext' started tracking 'SlideConfig' entity. Consider using 'DbContextOptionsBuilder.EnableSensitiveDataLogging' to see key values.
[2026-08-08 03:21:07.141 DBG] [0HNNKNSO8HTMV:0000000E] Microsoft.EntityFrameworkCore.ChangeTracking: Context 'ApplicationDbContext' started tracking 'SlideConfig' entity. Consider using 'DbContextOptionsBuilder.EnableSensitiveDataLogging' to see key values.
[2026-08-08 03:21:07.141 DBG] [0HNNKNSO8HTMV:0000000E] Microsoft.EntityFrameworkCore.ChangeTracking: Context 'ApplicationDbContext' started tracking 'SlideConfig' entity. Consider using 'DbContextOptionsBuilder.EnableSensitiveDataLogging' to see key values.
[2026-08-08 03:21:07.141 DBG] [0HNNKNSO8HTMV:0000000E] Microsoft.EntityFrameworkCore.Database.Command: Closing data reader to 'supportroom' on server 'tcp://localhost:5432'.
[2026-08-08 03:21:07.141 DBG] [0HNNKNSO8HTMV:0000000E] Microsoft.EntityFrameworkCore.Database.Command: A data reader for 'supportroom' on server 'tcp://localhost:5432' is being disposed after spending 0ms reading results.
[2026-08-08 03:21:07.141 DBG] [0HNNKNSO8HTMV:0000000E] Microsoft.EntityFrameworkCore.Database.Connection: Closing connection to database 'supportroom' on server 'tcp://localhost:5432'.
[2026-08-08 03:21:07.141 DBG] [0HNNKNSO8HTMV:0000000E] Microsoft.EntityFrameworkCore.Database.Connection: Closed connection to database 'supportroom' on server 'tcp://localhost:5432' (0ms).
[2026-08-08 03:21:07.141 INF] [0HNNKNSO8HTMV:0000000E] Serilog.AspNetCore.RequestLoggingMiddleware: HTTP GET /api/sessions/b61a9e47-2be5-4afc-9323-a82e918a4d80 responded 200 in 9.4928 ms
[2026-08-08 03:21:07.141 DBG] [] Microsoft.EntityFrameworkCore.Infrastructure: 'ApplicationDbContext' disposed.
[2026-08-08 03:21:07.141 DBG] [] Microsoft.EntityFrameworkCore.Database.Connection: Disposing connection to database 'supportroom' on server 'tcp://localhost:5432'.
[2026-08-08 03:21:07.142 DBG] [] Microsoft.EntityFrameworkCore.Database.Connection: Disposed connection to database 'supportroom' on server 'tcp://localhost:5432' (0ms).
[2026-08-08 03:21:09.077 DBG] [0HNNKNSO8HTMV:0000000F] Microsoft.EntityFrameworkCore.Infrastructure: Entity Framework Core 10.0.10 initialized 'ApplicationDbContext' using provider 'Npgsql.EntityFrameworkCore.PostgreSQL:10.0.3+5e912bf071068a44e5abbdab497b313ba99d3ee1' with options: None
[2026-08-08 03:21:09.078 DBG] [0HNNKNSO8HTMV:0000000F] Microsoft.EntityFrameworkCore.Database.Connection: Creating DbConnection.
[2026-08-08 03:21:09.078 DBG] [0HNNKNSO8HTMV:0000000F] Microsoft.EntityFrameworkCore.Database.Connection: Created DbConnection. (0ms).
[2026-08-08 03:21:09.078 DBG] [0HNNKNSO8HTMV:0000000F] Microsoft.EntityFrameworkCore.Database.Connection: Opening connection to database 'supportroom' on server 'tcp://localhost:5432'.
[2026-08-08 03:21:09.078 DBG] [0HNNKNSO8HTMV:0000000F] Microsoft.EntityFrameworkCore.Database.Connection: Opened connection to database 'supportroom' on server 'tcp://localhost:5432'.
[2026-08-08 03:21:09.078 DBG] [0HNNKNSO8HTMV:0000000F] Microsoft.EntityFrameworkCore.Database.Command: Creating DbCommand for 'ExecuteReader'.
[2026-08-08 03:21:09.078 DBG] [0HNNKNSO8HTMV:0000000F] Microsoft.EntityFrameworkCore.Database.Command: Created DbCommand for 'ExecuteReader' (0ms).
[2026-08-08 03:21:09.078 DBG] [0HNNKNSO8HTMV:0000000F] Microsoft.EntityFrameworkCore.Database.Command: Initialized DbCommand for 'ExecuteReader' (0ms).
[2026-08-08 03:21:09.078 DBG] [0HNNKNSO8HTMV:0000000F] Microsoft.EntityFrameworkCore.Database.Command: Executing DbCommand [Parameters=[@token='?'], CommandType='Text', CommandTimeout='30']
SELECT t."Id", t."CompletedAllSlides", t."CreateBy", t."CreateDate", t."DeleteBy", t."DeletedAt", t."EndedAt", t."ExpiresAt", t."IsDelete", t."LastSlideObjectId", t."LessonId", t."LessonSlug", t."SchoolName", t."StartedAt", t."Status", t."TeacherName", t."Token", t."UpdateBy", t."UpdateDate"
FROM "TrainingSession" AS t
WHERE t."Token" = @token
LIMIT 2
[2026-08-08 03:21:09.081 INF] [0HNNKNSO8HTMV:0000000F] Microsoft.EntityFrameworkCore.Database.Command: Executed DbCommand (3ms) [Parameters=[@token='?'], CommandType='Text', CommandTimeout='30']
SELECT t."Id", t."CompletedAllSlides", t."CreateBy", t."CreateDate", t."DeleteBy", t."DeletedAt", t."EndedAt", t."ExpiresAt", t."IsDelete", t."LastSlideObjectId", t."LessonId", t."LessonSlug", t."SchoolName", t."StartedAt", t."Status", t."TeacherName", t."Token", t."UpdateBy", t."UpdateDate"
FROM "TrainingSession" AS t
WHERE t."Token" = @token
LIMIT 2
[2026-08-08 03:21:09.082 DBG] [0HNNKNSO8HTMV:0000000F] Microsoft.EntityFrameworkCore.ChangeTracking: Context 'ApplicationDbContext' started tracking 'TrainingSession' entity. Consider using 'DbContextOptionsBuilder.EnableSensitiveDataLogging' to see key values.
[2026-08-08 03:21:09.082 DBG] [0HNNKNSO8HTMV:0000000F] Microsoft.EntityFrameworkCore.Database.Command: Closing data reader to 'supportroom' on server 'tcp://localhost:5432'.
[2026-08-08 03:21:09.082 DBG] [0HNNKNSO8HTMV:0000000F] Microsoft.EntityFrameworkCore.Database.Command: A data reader for 'supportroom' on server 'tcp://localhost:5432' is being disposed after spending 0ms reading results.
[2026-08-08 03:21:09.082 DBG] [0HNNKNSO8HTMV:0000000F] Microsoft.EntityFrameworkCore.Database.Connection: Closing connection to database 'supportroom' on server 'tcp://localhost:5432'.
[2026-08-08 03:21:09.082 DBG] [0HNNKNSO8HTMV:0000000F] Microsoft.EntityFrameworkCore.Database.Connection: Closed connection to database 'supportroom' on server 'tcp://localhost:5432' (0ms).
[2026-08-08 03:21:09.082 DBG] [0HNNKNSO8HTMV:0000000F] Microsoft.EntityFrameworkCore.Database.Connection: Opening connection to database 'supportroom' on server 'tcp://localhost:5432'.
[2026-08-08 03:21:09.082 DBG] [0HNNKNSO8HTMV:0000000F] Microsoft.EntityFrameworkCore.Database.Connection: Opened connection to database 'supportroom' on server 'tcp://localhost:5432'.
[2026-08-08 03:21:09.082 DBG] [0HNNKNSO8HTMV:0000000F] Microsoft.EntityFrameworkCore.Database.Command: Creating DbCommand for 'ExecuteReader'.
[2026-08-08 03:21:09.082 DBG] [0HNNKNSO8HTMV:0000000F] Microsoft.EntityFrameworkCore.Database.Command: Created DbCommand for 'ExecuteReader' (0ms).
[2026-08-08 03:21:09.082 DBG] [0HNNKNSO8HTMV:0000000F] Microsoft.EntityFrameworkCore.Database.Command: Initialized DbCommand for 'ExecuteReader' (0ms).
[2026-08-08 03:21:09.082 DBG] [0HNNKNSO8HTMV:0000000F] Microsoft.EntityFrameworkCore.Database.Command: Executing DbCommand [Parameters=[@slug='?'], CommandType='Text', CommandTimeout='30']
SELECT l."Id", l."BreathPauseMs", l."CreateBy", l."CreateDate", l."DeleteBy", l."DeletedAt", l."Description", l."FinalQuestionWaitMs", l."IntroWaitMs", l."IsActive", l."IsDelete", l."PresentationId", l."SlidesEmbedUrl", l."SlidesSourceUrl", l."Slug", l."Title", l."UpdateBy", l."UpdateDate", l."SlideConfigs"
FROM "LessonConfig" AS l
WHERE l."Slug" = @slug
LIMIT 2
[2026-08-08 03:21:09.085 INF] [0HNNKNSO8HTMV:0000000F] Microsoft.EntityFrameworkCore.Database.Command: Executed DbCommand (2ms) [Parameters=[@slug='?'], CommandType='Text', CommandTimeout='30']
SELECT l."Id", l."BreathPauseMs", l."CreateBy", l."CreateDate", l."DeleteBy", l."DeletedAt", l."Description", l."FinalQuestionWaitMs", l."IntroWaitMs", l."IsActive", l."IsDelete", l."PresentationId", l."SlidesEmbedUrl", l."SlidesSourceUrl", l."Slug", l."Title", l."UpdateBy", l."UpdateDate", l."SlideConfigs"
FROM "LessonConfig" AS l
WHERE l."Slug" = @slug
LIMIT 2
[2026-08-08 03:21:09.085 DBG] [0HNNKNSO8HTMV:0000000F] Microsoft.EntityFrameworkCore.ChangeTracking: Context 'ApplicationDbContext' started tracking 'LessonConfig' entity. Consider using 'DbContextOptionsBuilder.EnableSensitiveDataLogging' to see key values.
[2026-08-08 03:21:09.085 DBG] [0HNNKNSO8HTMV:0000000F] Microsoft.EntityFrameworkCore.ChangeTracking: Context 'ApplicationDbContext' started tracking 'SlideConfig' entity. Consider using 'DbContextOptionsBuilder.EnableSensitiveDataLogging' to see key values.
[2026-08-08 03:21:09.085 DBG] [0HNNKNSO8HTMV:0000000F] Microsoft.EntityFrameworkCore.ChangeTracking: Context 'ApplicationDbContext' started tracking 'SlideConfig' entity. Consider using 'DbContextOptionsBuilder.EnableSensitiveDataLogging' to see key values.
[2026-08-08 03:21:09.085 DBG] [0HNNKNSO8HTMV:0000000F] Microsoft.EntityFrameworkCore.ChangeTracking: Context 'ApplicationDbContext' started tracking 'SlideConfig' entity. Consider using 'DbContextOptionsBuilder.EnableSensitiveDataLogging' to see key values.
[2026-08-08 03:21:09.085 DBG] [0HNNKNSO8HTMV:0000000F] Microsoft.EntityFrameworkCore.ChangeTracking: Context 'ApplicationDbContext' started tracking 'SlideConfig' entity. Consider using 'DbContextOptionsBuilder.EnableSensitiveDataLogging' to see key values.
[2026-08-08 03:21:09.085 DBG] [0HNNKNSO8HTMV:0000000F] Microsoft.EntityFrameworkCore.ChangeTracking: Context 'ApplicationDbContext' started tracking 'SlideConfig' entity. Consider using 'DbContextOptionsBuilder.EnableSensitiveDataLogging' to see key values.
[2026-08-08 03:21:09.085 DBG] [0HNNKNSO8HTMV:0000000F] Microsoft.EntityFrameworkCore.ChangeTracking: Context 'ApplicationDbContext' started tracking 'SlideConfig' entity. Consider using 'DbContextOptionsBuilder.EnableSensitiveDataLogging' to see key values.
[2026-08-08 03:21:09.085 DBG] [0HNNKNSO8HTMV:0000000F] Microsoft.EntityFrameworkCore.Database.Command: Closing data reader to 'supportroom' on server 'tcp://localhost:5432'.
[2026-08-08 03:21:09.085 DBG] [0HNNKNSO8HTMV:0000000F] Microsoft.EntityFrameworkCore.Database.Command: A data reader for 'supportroom' on server 'tcp://localhost:5432' is being disposed after spending 0ms reading results.
[2026-08-08 03:21:09.085 DBG] [0HNNKNSO8HTMV:0000000F] Microsoft.EntityFrameworkCore.Database.Connection: Closing connection to database 'supportroom' on server 'tcp://localhost:5432'.
[2026-08-08 03:21:09.086 DBG] [0HNNKNSO8HTMV:0000000F] Microsoft.EntityFrameworkCore.Database.Connection: Closed connection to database 'supportroom' on server 'tcp://localhost:5432' (0ms).
[2026-08-08 03:21:09.086 INF] [0HNNKNSO8HTMV:0000000F] Serilog.AspNetCore.RequestLoggingMiddleware: HTTP GET /api/sessions/b61a9e47-2be5-4afc-9323-a82e918a4d80 responded 200 in 8.9523 ms
[2026-08-08 03:21:09.086 DBG] [] Microsoft.EntityFrameworkCore.Infrastructure: 'ApplicationDbContext' disposed.
[2026-08-08 03:21:09.086 DBG] [] Microsoft.EntityFrameworkCore.Database.Connection: Disposing connection to database 'supportroom' on server 'tcp://localhost:5432'.
[2026-08-08 03:21:09.086 DBG] [] Microsoft.EntityFrameworkCore.Database.Connection: Disposed connection to database 'supportroom' on server 'tcp://localhost:5432' (0ms).
[2026-08-08 03:21:09.087 DBG] [0HNNKNSO8HTMU:00000014] Microsoft.EntityFrameworkCore.Infrastructure: Entity Framework Core 10.0.10 initialized 'ApplicationDbContext' using provider 'Npgsql.EntityFrameworkCore.PostgreSQL:10.0.3+5e912bf071068a44e5abbdab497b313ba99d3ee1' with options: None
[2026-08-08 03:21:09.088 DBG] [0HNNKNSO8HTMU:00000014] Microsoft.EntityFrameworkCore.Database.Connection: Creating DbConnection.
[2026-08-08 03:21:09.088 DBG] [0HNNKNSO8HTMU:00000014] Microsoft.EntityFrameworkCore.Database.Connection: Created DbConnection. (0ms).
[2026-08-08 03:21:09.088 DBG] [0HNNKNSO8HTMU:00000014] Microsoft.EntityFrameworkCore.Database.Connection: Opening connection to database 'supportroom' on server 'tcp://localhost:5432'.
[2026-08-08 03:21:09.088 DBG] [0HNNKNSO8HTMU:00000014] Microsoft.EntityFrameworkCore.Database.Connection: Opened connection to database 'supportroom' on server 'tcp://localhost:5432'.
[2026-08-08 03:21:09.089 DBG] [0HNNKNSO8HTMU:00000014] Microsoft.EntityFrameworkCore.Database.Command: Creating DbCommand for 'ExecuteReader'.
[2026-08-08 03:21:09.089 DBG] [0HNNKNSO8HTMU:00000014] Microsoft.EntityFrameworkCore.Database.Command: Created DbCommand for 'ExecuteReader' (0ms).
[2026-08-08 03:21:09.089 DBG] [0HNNKNSO8HTMU:00000014] Microsoft.EntityFrameworkCore.Database.Command: Initialized DbCommand for 'ExecuteReader' (0ms).
[2026-08-08 03:21:09.089 DBG] [0HNNKNSO8HTMU:00000014] Microsoft.EntityFrameworkCore.Database.Command: Executing DbCommand [Parameters=[@token='?'], CommandType='Text', CommandTimeout='30']
SELECT t."Id", t."CompletedAllSlides", t."CreateBy", t."CreateDate", t."DeleteBy", t."DeletedAt", t."EndedAt", t."ExpiresAt", t."IsDelete", t."LastSlideObjectId", t."LessonId", t."LessonSlug", t."SchoolName", t."StartedAt", t."Status", t."TeacherName", t."Token", t."UpdateBy", t."UpdateDate"
FROM "TrainingSession" AS t
WHERE t."Token" = @token
LIMIT 2
[2026-08-08 03:21:09.091 INF] [0HNNKNSO8HTMU:00000014] Microsoft.EntityFrameworkCore.Database.Command: Executed DbCommand (2ms) [Parameters=[@token='?'], CommandType='Text', CommandTimeout='30']
SELECT t."Id", t."CompletedAllSlides", t."CreateBy", t."CreateDate", t."DeleteBy", t."DeletedAt", t."EndedAt", t."ExpiresAt", t."IsDelete", t."LastSlideObjectId", t."LessonId", t."LessonSlug", t."SchoolName", t."StartedAt", t."Status", t."TeacherName", t."Token", t."UpdateBy", t."UpdateDate"
FROM "TrainingSession" AS t
WHERE t."Token" = @token
LIMIT 2
[2026-08-08 03:21:09.091 DBG] [0HNNKNSO8HTMU:00000014] Microsoft.EntityFrameworkCore.ChangeTracking: Context 'ApplicationDbContext' started tracking 'TrainingSession' entity. Consider using 'DbContextOptionsBuilder.EnableSensitiveDataLogging' to see key values.
[2026-08-08 03:21:09.091 DBG] [0HNNKNSO8HTMU:00000014] Microsoft.EntityFrameworkCore.Database.Command: Closing data reader to 'supportroom' on server 'tcp://localhost:5432'.
[2026-08-08 03:21:09.091 DBG] [0HNNKNSO8HTMU:00000014] Microsoft.EntityFrameworkCore.Database.Command: A data reader for 'supportroom' on server 'tcp://localhost:5432' is being disposed after spending 0ms reading results.
[2026-08-08 03:21:09.091 DBG] [0HNNKNSO8HTMU:00000014] Microsoft.EntityFrameworkCore.Database.Connection: Closing connection to database 'supportroom' on server 'tcp://localhost:5432'.
[2026-08-08 03:21:09.091 DBG] [0HNNKNSO8HTMU:00000014] Microsoft.EntityFrameworkCore.Database.Connection: Closed connection to database 'supportroom' on server 'tcp://localhost:5432' (0ms).
[2026-08-08 03:21:09.092 DBG] [0HNNKNSO8HTMU:00000014] Microsoft.EntityFrameworkCore.Database.Connection: Opening connection to database 'supportroom' on server 'tcp://localhost:5432'.
[2026-08-08 03:21:09.092 DBG] [0HNNKNSO8HTMU:00000014] Microsoft.EntityFrameworkCore.Database.Connection: Opened connection to database 'supportroom' on server 'tcp://localhost:5432'.
[2026-08-08 03:21:09.092 DBG] [0HNNKNSO8HTMU:00000014] Microsoft.EntityFrameworkCore.Database.Command: Creating DbCommand for 'ExecuteReader'.
[2026-08-08 03:21:09.092 DBG] [0HNNKNSO8HTMU:00000014] Microsoft.EntityFrameworkCore.Database.Command: Created DbCommand for 'ExecuteReader' (0ms).
[2026-08-08 03:21:09.092 DBG] [0HNNKNSO8HTMU:00000014] Microsoft.EntityFrameworkCore.Database.Command: Initialized DbCommand for 'ExecuteReader' (0ms).
[2026-08-08 03:21:09.092 DBG] [0HNNKNSO8HTMU:00000014] Microsoft.EntityFrameworkCore.Database.Command: Executing DbCommand [Parameters=[@slug='?'], CommandType='Text', CommandTimeout='30']
SELECT l."Id", l."BreathPauseMs", l."CreateBy", l."CreateDate", l."DeleteBy", l."DeletedAt", l."Description", l."FinalQuestionWaitMs", l."IntroWaitMs", l."IsActive", l."IsDelete", l."PresentationId", l."SlidesEmbedUrl", l."SlidesSourceUrl", l."Slug", l."Title", l."UpdateBy", l."UpdateDate", l."SlideConfigs"
FROM "LessonConfig" AS l
WHERE l."Slug" = @slug
LIMIT 2
[2026-08-08 03:21:09.094 INF] [0HNNKNSO8HTMU:00000014] Microsoft.EntityFrameworkCore.Database.Command: Executed DbCommand (2ms) [Parameters=[@slug='?'], CommandType='Text', CommandTimeout='30']
SELECT l."Id", l."BreathPauseMs", l."CreateBy", l."CreateDate", l."DeleteBy", l."DeletedAt", l."Description", l."FinalQuestionWaitMs", l."IntroWaitMs", l."IsActive", l."IsDelete", l."PresentationId", l."SlidesEmbedUrl", l."SlidesSourceUrl", l."Slug", l."Title", l."UpdateBy", l."UpdateDate", l."SlideConfigs"
FROM "LessonConfig" AS l
WHERE l."Slug" = @slug
LIMIT 2
[2026-08-08 03:21:09.094 DBG] [0HNNKNSO8HTMU:00000014] Microsoft.EntityFrameworkCore.ChangeTracking: Context 'ApplicationDbContext' started tracking 'LessonConfig' entity. Consider using 'DbContextOptionsBuilder.EnableSensitiveDataLogging' to see key values.
[2026-08-08 03:21:09.094 DBG] [0HNNKNSO8HTMU:00000014] Microsoft.EntityFrameworkCore.ChangeTracking: Context 'ApplicationDbContext' started tracking 'SlideConfig' entity. Consider using 'DbContextOptionsBuilder.EnableSensitiveDataLogging' to see key values.
[2026-08-08 03:21:09.094 DBG] [0HNNKNSO8HTMU:00000014] Microsoft.EntityFrameworkCore.ChangeTracking: Context 'ApplicationDbContext' started tracking 'SlideConfig' entity. Consider using 'DbContextOptionsBuilder.EnableSensitiveDataLogging' to see key values.
[2026-08-08 03:21:09.094 DBG] [0HNNKNSO8HTMU:00000014] Microsoft.EntityFrameworkCore.ChangeTracking: Context 'ApplicationDbContext' started tracking 'SlideConfig' entity. Consider using 'DbContextOptionsBuilder.EnableSensitiveDataLogging' to see key values.
[2026-08-08 03:21:09.094 DBG] [0HNNKNSO8HTMU:00000014] Microsoft.EntityFrameworkCore.ChangeTracking: Context 'ApplicationDbContext' started tracking 'SlideConfig' entity. Consider using 'DbContextOptionsBuilder.EnableSensitiveDataLogging' to see key values.
[2026-08-08 03:21:09.094 DBG] [0HNNKNSO8HTMU:00000014] Microsoft.EntityFrameworkCore.ChangeTracking: Context 'ApplicationDbContext' started tracking 'SlideConfig' entity. Consider using 'DbContextOptionsBuilder.EnableSensitiveDataLogging' to see key values.
[2026-08-08 03:21:09.094 DBG] [0HNNKNSO8HTMU:00000014] Microsoft.EntityFrameworkCore.ChangeTracking: Context 'ApplicationDbContext' started tracking 'SlideConfig' entity. Consider using 'DbContextOptionsBuilder.EnableSensitiveDataLogging' to see key values.
[2026-08-08 03:21:09.095 DBG] [0HNNKNSO8HTMU:00000014] Microsoft.EntityFrameworkCore.Database.Command: Closing data reader to 'supportroom' on server 'tcp://localhost:5432'.
[2026-08-08 03:21:09.095 DBG] [0HNNKNSO8HTMU:00000014] Microsoft.EntityFrameworkCore.Database.Command: A data reader for 'supportroom' on server 'tcp://localhost:5432' is being disposed after spending 0ms reading results.
[2026-08-08 03:21:09.095 DBG] [0HNNKNSO8HTMU:00000014] Microsoft.EntityFrameworkCore.Database.Connection: Closing connection to database 'supportroom' on server 'tcp://localhost:5432'.
[2026-08-08 03:21:09.095 DBG] [0HNNKNSO8HTMU:00000014] Microsoft.EntityFrameworkCore.Database.Connection: Closed connection to database 'supportroom' on server 'tcp://localhost:5432' (0ms).
[2026-08-08 03:21:09.095 INF] [0HNNKNSO8HTMU:00000014] Serilog.AspNetCore.RequestLoggingMiddleware: HTTP GET /api/sessions/b61a9e47-2be5-4afc-9323-a82e918a4d80 responded 200 in 7.9385 ms
[2026-08-08 03:21:09.095 DBG] [] Microsoft.EntityFrameworkCore.Infrastructure: 'ApplicationDbContext' disposed.
[2026-08-08 03:21:09.095 DBG] [] Microsoft.EntityFrameworkCore.Database.Connection: Disposing connection to database 'supportroom' on server 'tcp://localhost:5432'.
[2026-08-08 03:21:09.095 DBG] [] Microsoft.EntityFrameworkCore.Database.Connection: Disposed connection to database 'supportroom' on server 'tcp://localhost:5432' (0ms).
[2026-08-08 03:21:09.113 INF] [0HNNKNSO8HTMU:00000015] Serilog.AspNetCore.RequestLoggingMiddleware: HTTP OPTIONS /api/sessions/b61a9e47-2be5-4afc-9323-a82e918a4d80 responded 204 in 0.0897 ms
[2026-08-08 03:21:09.114 DBG] [0HNNKNSO8HTMV:00000010] Microsoft.EntityFrameworkCore.Infrastructure: Entity Framework Core 10.0.10 initialized 'ApplicationDbContext' using provider 'Npgsql.EntityFrameworkCore.PostgreSQL:10.0.3+5e912bf071068a44e5abbdab497b313ba99d3ee1' with options: None
[2026-08-08 03:21:09.115 DBG] [0HNNKNSO8HTMV:00000010] Microsoft.EntityFrameworkCore.Database.Connection: Creating DbConnection.
[2026-08-08 03:21:09.115 DBG] [0HNNKNSO8HTMV:00000010] Microsoft.EntityFrameworkCore.Database.Connection: Created DbConnection. (0ms).
[2026-08-08 03:21:09.115 DBG] [0HNNKNSO8HTMV:00000010] Microsoft.EntityFrameworkCore.Database.Connection: Opening connection to database 'supportroom' on server 'tcp://localhost:5432'.
[2026-08-08 03:21:09.115 DBG] [0HNNKNSO8HTMV:00000010] Microsoft.EntityFrameworkCore.Database.Connection: Opened connection to database 'supportroom' on server 'tcp://localhost:5432'.
[2026-08-08 03:21:09.115 DBG] [0HNNKNSO8HTMV:00000010] Microsoft.EntityFrameworkCore.Database.Command: Creating DbCommand for 'ExecuteReader'.
[2026-08-08 03:21:09.115 DBG] [0HNNKNSO8HTMV:00000010] Microsoft.EntityFrameworkCore.Database.Command: Created DbCommand for 'ExecuteReader' (0ms).
[2026-08-08 03:21:09.115 DBG] [0HNNKNSO8HTMV:00000010] Microsoft.EntityFrameworkCore.Database.Command: Initialized DbCommand for 'ExecuteReader' (0ms).
[2026-08-08 03:21:09.115 DBG] [0HNNKNSO8HTMV:00000010] Microsoft.EntityFrameworkCore.Database.Command: Executing DbCommand [Parameters=[@slug='?'], CommandType='Text', CommandTimeout='30']
SELECT l."Id", l."BreathPauseMs", l."CreateBy", l."CreateDate", l."DeleteBy", l."DeletedAt", l."Description", l."FinalQuestionWaitMs", l."IntroWaitMs", l."IsActive", l."IsDelete", l."PresentationId", l."SlidesEmbedUrl", l."SlidesSourceUrl", l."Slug", l."Title", l."UpdateBy", l."UpdateDate", l."SlideConfigs"
FROM "LessonConfig" AS l
WHERE l."Slug" = @slug
LIMIT 2
[2026-08-08 03:21:09.117 DBG] [0HNNKNSO8HTMU:00000016] Microsoft.EntityFrameworkCore.Infrastructure: Entity Framework Core 10.0.10 initialized 'ApplicationDbContext' using provider 'Npgsql.EntityFrameworkCore.PostgreSQL:10.0.3+5e912bf071068a44e5abbdab497b313ba99d3ee1' with options: None
[2026-08-08 03:21:09.117 INF] [0HNNKNSO8HTMV:00000010] Microsoft.EntityFrameworkCore.Database.Command: Executed DbCommand (2ms) [Parameters=[@slug='?'], CommandType='Text', CommandTimeout='30']
SELECT l."Id", l."BreathPauseMs", l."CreateBy", l."CreateDate", l."DeleteBy", l."DeletedAt", l."Description", l."FinalQuestionWaitMs", l."IntroWaitMs", l."IsActive", l."IsDelete", l."PresentationId", l."SlidesEmbedUrl", l."SlidesSourceUrl", l."Slug", l."Title", l."UpdateBy", l."UpdateDate", l."SlideConfigs"
FROM "LessonConfig" AS l
WHERE l."Slug" = @slug
LIMIT 2
[2026-08-08 03:21:09.117 DBG] [0HNNKNSO8HTMV:00000010] Microsoft.EntityFrameworkCore.ChangeTracking: Context 'ApplicationDbContext' started tracking 'LessonConfig' entity. Consider using 'DbContextOptionsBuilder.EnableSensitiveDataLogging' to see key values.
[2026-08-08 03:21:09.118 DBG] [0HNNKNSO8HTMV:00000010] Microsoft.EntityFrameworkCore.ChangeTracking: Context 'ApplicationDbContext' started tracking 'SlideConfig' entity. Consider using 'DbContextOptionsBuilder.EnableSensitiveDataLogging' to see key values.
[2026-08-08 03:21:09.118 DBG] [0HNNKNSO8HTMV:00000010] Microsoft.EntityFrameworkCore.ChangeTracking: Context 'ApplicationDbContext' started tracking 'SlideConfig' entity. Consider using 'DbContextOptionsBuilder.EnableSensitiveDataLogging' to see key values.
[2026-08-08 03:21:09.118 DBG] [0HNNKNSO8HTMV:00000010] Microsoft.EntityFrameworkCore.ChangeTracking: Context 'ApplicationDbContext' started tracking 'SlideConfig' entity. Consider using 'DbContextOptionsBuilder.EnableSensitiveDataLogging' to see key values.
[2026-08-08 03:21:09.118 DBG] [0HNNKNSO8HTMU:00000016] Microsoft.EntityFrameworkCore.Database.Connection: Creating DbConnection.
[2026-08-08 03:21:09.118 DBG] [0HNNKNSO8HTMV:00000010] Microsoft.EntityFrameworkCore.ChangeTracking: Context 'ApplicationDbContext' started tracking 'SlideConfig' entity. Consider using 'DbContextOptionsBuilder.EnableSensitiveDataLogging' to see key values.
[2026-08-08 03:21:09.118 DBG] [0HNNKNSO8HTMU:00000016] Microsoft.EntityFrameworkCore.Database.Connection: Created DbConnection. (0ms).
[2026-08-08 03:21:09.118 DBG] [0HNNKNSO8HTMU:00000016] Microsoft.EntityFrameworkCore.Database.Connection: Opening connection to database 'supportroom' on server 'tcp://localhost:5432'.
[2026-08-08 03:21:09.118 DBG] [0HNNKNSO8HTMV:00000010] Microsoft.EntityFrameworkCore.ChangeTracking: Context 'ApplicationDbContext' started tracking 'SlideConfig' entity. Consider using 'DbContextOptionsBuilder.EnableSensitiveDataLogging' to see key values.
[2026-08-08 03:21:09.118 DBG] [0HNNKNSO8HTMU:00000016] Microsoft.EntityFrameworkCore.Database.Connection: Opened connection to database 'supportroom' on server 'tcp://localhost:5432'.
[2026-08-08 03:21:09.118 DBG] [0HNNKNSO8HTMV:00000010] Microsoft.EntityFrameworkCore.ChangeTracking: Context 'ApplicationDbContext' started tracking 'SlideConfig' entity. Consider using 'DbContextOptionsBuilder.EnableSensitiveDataLogging' to see key values.
[2026-08-08 03:21:09.118 DBG] [0HNNKNSO8HTMU:00000016] Microsoft.EntityFrameworkCore.Database.Command: Creating DbCommand for 'ExecuteReader'.
[2026-08-08 03:21:09.118 DBG] [0HNNKNSO8HTMV:00000010] Microsoft.EntityFrameworkCore.Database.Command: Closing data reader to 'supportroom' on server 'tcp://localhost:5432'.
[2026-08-08 03:21:09.118 DBG] [0HNNKNSO8HTMU:00000016] Microsoft.EntityFrameworkCore.Database.Command: Created DbCommand for 'ExecuteReader' (0ms).
[2026-08-08 03:21:09.118 DBG] [0HNNKNSO8HTMU:00000016] Microsoft.EntityFrameworkCore.Database.Command: Initialized DbCommand for 'ExecuteReader' (0ms).
[2026-08-08 03:21:09.118 DBG] [0HNNKNSO8HTMV:00000010] Microsoft.EntityFrameworkCore.Database.Command: A data reader for 'supportroom' on server 'tcp://localhost:5432' is being disposed after spending 0ms reading results.
[2026-08-08 03:21:09.118 DBG] [0HNNKNSO8HTMV:00000010] Microsoft.EntityFrameworkCore.Database.Connection: Closing connection to database 'supportroom' on server 'tcp://localhost:5432'.
[2026-08-08 03:21:09.118 DBG] [0HNNKNSO8HTMU:00000016] Microsoft.EntityFrameworkCore.Database.Command: Executing DbCommand [Parameters=[@token='?'], CommandType='Text', CommandTimeout='30']
SELECT t."Id", t."CompletedAllSlides", t."CreateBy", t."CreateDate", t."DeleteBy", t."DeletedAt", t."EndedAt", t."ExpiresAt", t."IsDelete", t."LastSlideObjectId", t."LessonId", t."LessonSlug", t."SchoolName", t."StartedAt", t."Status", t."TeacherName", t."Token", t."UpdateBy", t."UpdateDate"
FROM "TrainingSession" AS t
WHERE t."Token" = @token
LIMIT 2
[2026-08-08 03:21:09.118 DBG] [0HNNKNSO8HTMV:00000010] Microsoft.EntityFrameworkCore.Database.Connection: Closed connection to database 'supportroom' on server 'tcp://localhost:5432' (0ms).
[2026-08-08 03:21:09.118 INF] [0HNNKNSO8HTMV:00000010] Serilog.AspNetCore.RequestLoggingMiddleware: HTTP GET /api/lessons/login-mobile-test responded 200 in 4.7952 ms
[2026-08-08 03:21:09.119 DBG] [] Microsoft.EntityFrameworkCore.Infrastructure: 'ApplicationDbContext' disposed.
[2026-08-08 03:21:09.119 DBG] [] Microsoft.EntityFrameworkCore.Database.Connection: Disposing connection to database 'supportroom' on server 'tcp://localhost:5432'.
[2026-08-08 03:21:09.119 DBG] [] Microsoft.EntityFrameworkCore.Database.Connection: Disposed connection to database 'supportroom' on server 'tcp://localhost:5432' (0ms).
[2026-08-08 03:21:09.119 INF] [0HNNKNSO8HTN0:00000001] Serilog.AspNetCore.RequestLoggingMiddleware: HTTP OPTIONS /hubs/session/negotiate responded 204 in 0.0390 ms
[2026-08-08 03:21:09.121 INF] [0HNNKNSO8HTMU:00000016] Microsoft.EntityFrameworkCore.Database.Command: Executed DbCommand (3ms) [Parameters=[@token='?'], CommandType='Text', CommandTimeout='30']
SELECT t."Id", t."CompletedAllSlides", t."CreateBy", t."CreateDate", t."DeleteBy", t."DeletedAt", t."EndedAt", t."ExpiresAt", t."IsDelete", t."LastSlideObjectId", t."LessonId", t."LessonSlug", t."SchoolName", t."StartedAt", t."Status", t."TeacherName", t."Token", t."UpdateBy", t."UpdateDate"
FROM "TrainingSession" AS t
WHERE t."Token" = @token
LIMIT 2
[2026-08-08 03:21:09.121 DBG] [0HNNKNSO8HTMU:00000016] Microsoft.EntityFrameworkCore.ChangeTracking: Context 'ApplicationDbContext' started tracking 'TrainingSession' entity. Consider using 'DbContextOptionsBuilder.EnableSensitiveDataLogging' to see key values.
[2026-08-08 03:21:09.121 DBG] [0HNNKNSO8HTMU:00000016] Microsoft.EntityFrameworkCore.Database.Command: Closing data reader to 'supportroom' on server 'tcp://localhost:5432'.
[2026-08-08 03:21:09.121 DBG] [0HNNKNSO8HTMU:00000016] Microsoft.EntityFrameworkCore.Database.Command: A data reader for 'supportroom' on server 'tcp://localhost:5432' is being disposed after spending 0ms reading results.
[2026-08-08 03:21:09.121 DBG] [0HNNKNSO8HTMU:00000016] Microsoft.EntityFrameworkCore.Database.Connection: Closing connection to database 'supportroom' on server 'tcp://localhost:5432'.
[2026-08-08 03:21:09.121 DBG] [0HNNKNSO8HTMU:00000016] Microsoft.EntityFrameworkCore.Database.Connection: Closed connection to database 'supportroom' on server 'tcp://localhost:5432' (0ms).
[2026-08-08 03:21:09.121 DBG] [0HNNKNSO8HTMU:00000016] Microsoft.EntityFrameworkCore.ChangeTracking: An entity of type 'TrainingSession' tracked by 'ApplicationDbContext' changed state from 'Unchanged' to 'Modified'. Consider using 'DbContextOptionsBuilder.EnableSensitiveDataLogging' to see key values.
[2026-08-08 03:21:09.121 DBG] [0HNNKNSO8HTMU:00000016] Microsoft.EntityFrameworkCore.Update: SaveChanges starting for 'ApplicationDbContext'.
[2026-08-08 03:21:09.121 DBG] [0HNNKNSO8HTMU:00000016] Microsoft.EntityFrameworkCore.ChangeTracking: DetectChanges starting for 'ApplicationDbContext'.
[2026-08-08 03:21:09.121 DBG] [0HNNKNSO8HTMU:00000016] Microsoft.EntityFrameworkCore.ChangeTracking: DetectChanges completed for 'ApplicationDbContext'.
[2026-08-08 03:21:09.122 DBG] [0HNNKNSO8HTMU:00000016] Microsoft.EntityFrameworkCore.Database.Connection: Opening connection to database 'supportroom' on server 'tcp://localhost:5432'.
[2026-08-08 03:21:09.122 DBG] [0HNNKNSO8HTMU:00000016] Microsoft.EntityFrameworkCore.Database.Connection: Opened connection to database 'supportroom' on server 'tcp://localhost:5432'.
[2026-08-08 03:21:09.122 DBG] [0HNNKNSO8HTMU:00000016] Microsoft.EntityFrameworkCore.Database.Command: Creating DbCommand for 'ExecuteReader'.
[2026-08-08 03:21:09.122 DBG] [0HNNKNSO8HTMU:00000016] Microsoft.EntityFrameworkCore.Database.Command: Created DbCommand for 'ExecuteReader' (0ms).
[2026-08-08 03:21:09.122 DBG] [0HNNKNSO8HTMU:00000016] Microsoft.EntityFrameworkCore.Database.Command: Initialized DbCommand for 'ExecuteReader' (0ms).
[2026-08-08 03:21:09.122 DBG] [0HNNKNSO8HTMU:00000016] Microsoft.EntityFrameworkCore.Database.Command: Executing DbCommand [Parameters=[@p18='?', @p0='?' (DbType = Boolean), @p1='?', @p2='?' (DbType = DateTime), @p3='?', @p4='?' (DbType = DateTime), @p5='?' (DbType = DateTime), @p6='?' (DbType = DateTime), @p7='?' (DbType = Boolean), @p8='?', @p9='?', @p10='?', @p11='?', @p12='?' (DbType = DateTime), @p13='?', @p14='?', @p15='?', @p16='?', @p17='?' (DbType = DateTime)], CommandType='Text', CommandTimeout='30']
UPDATE "TrainingSession" SET "CompletedAllSlides" = @p0, "CreateBy" = @p1, "CreateDate" = @p2, "DeleteBy" = @p3, "DeletedAt" = @p4, "EndedAt" = @p5, "ExpiresAt" = @p6, "IsDelete" = @p7, "LastSlideObjectId" = @p8, "LessonId" = @p9, "LessonSlug" = @p10, "SchoolName" = @p11, "StartedAt" = @p12, "Status" = @p13, "TeacherName" = @p14, "Token" = @p15, "UpdateBy" = @p16, "UpdateDate" = @p17
WHERE "Id" = @p18;
[2026-08-08 03:21:09.124 DBG] [0HNNKNSO8HTN0:00000002] Microsoft.EntityFrameworkCore.Infrastructure: Entity Framework Core 10.0.10 initialized 'ApplicationDbContext' using provider 'Npgsql.EntityFrameworkCore.PostgreSQL:10.0.3+5e912bf071068a44e5abbdab497b313ba99d3ee1' with options: None
[2026-08-08 03:21:09.124 INF] [0HNNKNSO8HTN1:00000001] Serilog.AspNetCore.RequestLoggingMiddleware: HTTP POST /hubs/session/negotiate responded 200 in 0.2306 ms
[2026-08-08 03:21:09.126 INF] [0HNNKNSO8HTN2:00000001] Serilog.AspNetCore.RequestLoggingMiddleware: HTTP OPTIONS /hubs/session/negotiate responded 204 in 0.0441 ms
[2026-08-08 03:21:09.126 DBG] [0HNNKNSO8HTN0:00000002] Microsoft.EntityFrameworkCore.Database.Connection: Creating DbConnection.
[2026-08-08 03:21:09.127 DBG] [0HNNKNSO8HTN0:00000002] Microsoft.EntityFrameworkCore.Database.Connection: Created DbConnection. (0ms).
[2026-08-08 03:21:09.127 DBG] [0HNNKNSO8HTN0:00000002] Microsoft.EntityFrameworkCore.Database.Connection: Opening connection to database 'supportroom' on server 'tcp://localhost:5432'.
[2026-08-08 03:21:09.127 DBG] [0HNNKNSO8HTN0:00000002] Microsoft.EntityFrameworkCore.Database.Connection: Opened connection to database 'supportroom' on server 'tcp://localhost:5432'.
[2026-08-08 03:21:09.127 DBG] [0HNNKNSO8HTN0:00000002] Microsoft.EntityFrameworkCore.Database.Command: Creating DbCommand for 'ExecuteReader'.
[2026-08-08 03:21:09.127 DBG] [0HNNKNSO8HTN0:00000002] Microsoft.EntityFrameworkCore.Database.Command: Created DbCommand for 'ExecuteReader' (0ms).
[2026-08-08 03:21:09.127 DBG] [0HNNKNSO8HTN0:00000002] Microsoft.EntityFrameworkCore.Database.Command: Initialized DbCommand for 'ExecuteReader' (0ms).
[2026-08-08 03:21:09.127 DBG] [0HNNKNSO8HTN0:00000002] Microsoft.EntityFrameworkCore.Database.Command: Executing DbCommand [Parameters=[@sessionId='?'], CommandType='Text', CommandTimeout='30']
SELECT c."Id", c."CreateBy", c."CreateDate", c."DeleteBy", c."DeletedAt", c."IsDelete", c."SenderName", c."SenderRole", c."SessionId", c."Text", c."UpdateBy", c."UpdateDate"
FROM "ChatMessage" AS c
WHERE c."SessionId" = @sessionId
ORDER BY c."CreateDate"
[2026-08-08 03:21:09.129 INF] [0HNNKNSO8HTMU:00000016] Microsoft.EntityFrameworkCore.Database.Command: Executed DbCommand (7ms) [Parameters=[@p18='?', @p0='?' (DbType = Boolean), @p1='?', @p2='?' (DbType = DateTime), @p3='?', @p4='?' (DbType = DateTime), @p5='?' (DbType = DateTime), @p6='?' (DbType = DateTime), @p7='?' (DbType = Boolean), @p8='?', @p9='?', @p10='?', @p11='?', @p12='?' (DbType = DateTime), @p13='?', @p14='?', @p15='?', @p16='?', @p17='?' (DbType = DateTime)], CommandType='Text', CommandTimeout='30']
UPDATE "TrainingSession" SET "CompletedAllSlides" = @p0, "CreateBy" = @p1, "CreateDate" = @p2, "DeleteBy" = @p3, "DeletedAt" = @p4, "EndedAt" = @p5, "ExpiresAt" = @p6, "IsDelete" = @p7, "LastSlideObjectId" = @p8, "LessonId" = @p9, "LessonSlug" = @p10, "SchoolName" = @p11, "StartedAt" = @p12, "Status" = @p13, "TeacherName" = @p14, "Token" = @p15, "UpdateBy" = @p16, "UpdateDate" = @p17
WHERE "Id" = @p18;
[2026-08-08 03:21:09.129 DBG] [0HNNKNSO8HTMU:00000016] Microsoft.EntityFrameworkCore.Database.Command: Closing data reader to 'supportroom' on server 'tcp://localhost:5432'.
[2026-08-08 03:21:09.129 DBG] [0HNNKNSO8HTMU:00000016] Microsoft.EntityFrameworkCore.Database.Command: A data reader for 'supportroom' on server 'tcp://localhost:5432' is being disposed after spending 0ms reading results.
[2026-08-08 03:21:09.129 DBG] [0HNNKNSO8HTMU:00000016] Microsoft.EntityFrameworkCore.Database.Connection: Closing connection to database 'supportroom' on server 'tcp://localhost:5432'.
[2026-08-08 03:21:09.129 DBG] [0HNNKNSO8HTMU:00000016] Microsoft.EntityFrameworkCore.Database.Connection: Closed connection to database 'supportroom' on server 'tcp://localhost:5432' (0ms).
[2026-08-08 03:21:09.129 DBG] [0HNNKNSO8HTMU:00000016] Microsoft.EntityFrameworkCore.ChangeTracking: An entity of type 'TrainingSession' tracked by 'ApplicationDbContext' changed state from 'Modified' to 'Unchanged'. Consider using 'DbContextOptionsBuilder.EnableSensitiveDataLogging' to see key values.
[2026-08-08 03:21:09.129 DBG] [0HNNKNSO8HTMU:00000016] Microsoft.EntityFrameworkCore.Update: SaveChanges completed for 'ApplicationDbContext' with 1 entities written to the database.
[2026-08-08 03:21:09.129 INF] [0HNNKNSO8HTMU:00000016] SupportRoom.Application.Services.ITrainingSessionService: Session started: session-4daacfd6-9ccf-40d4-a4d0-e9e801732014
[2026-08-08 03:21:09.129 INF] [0HNNKNSO8HTMU:00000016] Serilog.AspNetCore.RequestLoggingMiddleware: HTTP PATCH /api/sessions/b61a9e47-2be5-4afc-9323-a82e918a4d80 responded 200 in 13.7023 ms
[2026-08-08 03:21:09.130 DBG] [] Microsoft.EntityFrameworkCore.Infrastructure: 'ApplicationDbContext' disposed.
[2026-08-08 03:21:09.130 DBG] [] Microsoft.EntityFrameworkCore.Database.Connection: Disposing connection to database 'supportroom' on server 'tcp://localhost:5432'.
[2026-08-08 03:21:09.130 DBG] [] Microsoft.EntityFrameworkCore.Database.Connection: Disposed connection to database 'supportroom' on server 'tcp://localhost:5432' (0ms).
[2026-08-08 03:21:09.131 INF] [0HNNKNSO8HTN2:00000002] Serilog.AspNetCore.RequestLoggingMiddleware: HTTP POST /hubs/session/negotiate responded 200 in 0.2536 ms
[2026-08-08 03:21:09.131 INF] [0HNNKNSO8HTN0:00000002] Microsoft.EntityFrameworkCore.Database.Command: Executed DbCommand (4ms) [Parameters=[@sessionId='?'], CommandType='Text', CommandTimeout='30']
SELECT c."Id", c."CreateBy", c."CreateDate", c."DeleteBy", c."DeletedAt", c."IsDelete", c."SenderName", c."SenderRole", c."SessionId", c."Text", c."UpdateBy", c."UpdateDate"
FROM "ChatMessage" AS c
WHERE c."SessionId" = @sessionId
ORDER BY c."CreateDate"
[2026-08-08 03:21:09.131 DBG] [0HNNKNSO8HTN0:00000002] Microsoft.EntityFrameworkCore.Database.Command: Closing data reader to 'supportroom' on server 'tcp://localhost:5432'.
[2026-08-08 03:21:09.131 DBG] [0HNNKNSO8HTN0:00000002] Microsoft.EntityFrameworkCore.Database.Command: A data reader for 'supportroom' on server 'tcp://localhost:5432' is being disposed after spending 0ms reading results.
[2026-08-08 03:21:09.131 DBG] [0HNNKNSO8HTN0:00000002] Microsoft.EntityFrameworkCore.Database.Connection: Closing connection to database 'supportroom' on server 'tcp://localhost:5432'.
[2026-08-08 03:21:09.131 DBG] [0HNNKNSO8HTN0:00000002] Microsoft.EntityFrameworkCore.Database.Connection: Closed connection to database 'supportroom' on server 'tcp://localhost:5432' (0ms).
[2026-08-08 03:21:09.131 DBG] [0HNNKNSO8HTMV:00000011] Microsoft.EntityFrameworkCore.Infrastructure: Entity Framework Core 10.0.10 initialized 'ApplicationDbContext' using provider 'Npgsql.EntityFrameworkCore.PostgreSQL:10.0.3+5e912bf071068a44e5abbdab497b313ba99d3ee1' with options: None
[2026-08-08 03:21:09.132 INF] [0HNNKNSO8HTN0:00000002] Serilog.AspNetCore.RequestLoggingMiddleware: HTTP GET /api/chat-messages responded 200 in 9.4660 ms
[2026-08-08 03:21:09.132 DBG] [] Microsoft.EntityFrameworkCore.Infrastructure: 'ApplicationDbContext' disposed.
[2026-08-08 03:21:09.132 DBG] [] Microsoft.EntityFrameworkCore.Database.Connection: Disposing connection to database 'supportroom' on server 'tcp://localhost:5432'.
[2026-08-08 03:21:09.132 DBG] [] Microsoft.EntityFrameworkCore.Database.Connection: Disposed connection to database 'supportroom' on server 'tcp://localhost:5432' (0ms).
[2026-08-08 03:21:09.132 DBG] [0HNNKNSO8HTMV:00000011] Microsoft.EntityFrameworkCore.Database.Connection: Creating DbConnection.
[2026-08-08 03:21:09.132 DBG] [0HNNKNSO8HTMV:00000011] Microsoft.EntityFrameworkCore.Database.Connection: Created DbConnection. (0ms).
[2026-08-08 03:21:09.132 DBG] [0HNNKNSO8HTMV:00000011] Microsoft.EntityFrameworkCore.Database.Connection: Opening connection to database 'supportroom' on server 'tcp://localhost:5432'.
[2026-08-08 03:21:09.132 DBG] [0HNNKNSO8HTMV:00000011] Microsoft.EntityFrameworkCore.Database.Connection: Opened connection to database 'supportroom' on server 'tcp://localhost:5432'.
[2026-08-08 03:21:09.132 DBG] [0HNNKNSO8HTMV:00000011] Microsoft.EntityFrameworkCore.Database.Command: Creating DbCommand for 'ExecuteReader'.
[2026-08-08 03:21:09.132 DBG] [0HNNKNSO8HTMV:00000011] Microsoft.EntityFrameworkCore.Database.Command: Created DbCommand for 'ExecuteReader' (0ms).
[2026-08-08 03:21:09.132 DBG] [0HNNKNSO8HTMV:00000011] Microsoft.EntityFrameworkCore.Database.Command: Initialized DbCommand for 'ExecuteReader' (0ms).
[2026-08-08 03:21:09.132 DBG] [0HNNKNSO8HTMV:00000011] Microsoft.EntityFrameworkCore.Database.Command: Executing DbCommand [Parameters=[@token='?'], CommandType='Text', CommandTimeout='30']
SELECT t."Id", t."CompletedAllSlides", t."CreateBy", t."CreateDate", t."DeleteBy", t."DeletedAt", t."EndedAt", t."ExpiresAt", t."IsDelete", t."LastSlideObjectId", t."LessonId", t."LessonSlug", t."SchoolName", t."StartedAt", t."Status", t."TeacherName", t."Token", t."UpdateBy", t."UpdateDate"
FROM "TrainingSession" AS t
WHERE t."Token" = @token
LIMIT 2
[2026-08-08 03:21:09.134 DBG] [0HNNKNSO8HTMU:00000017] Microsoft.EntityFrameworkCore.Infrastructure: Entity Framework Core 10.0.10 initialized 'ApplicationDbContext' using provider 'Npgsql.EntityFrameworkCore.PostgreSQL:10.0.3+5e912bf071068a44e5abbdab497b313ba99d3ee1' with options: None
[2026-08-08 03:21:09.136 INF] [0HNNKNSO8HTMV:00000011] Microsoft.EntityFrameworkCore.Database.Command: Executed DbCommand (4ms) [Parameters=[@token='?'], CommandType='Text', CommandTimeout='30']
SELECT t."Id", t."CompletedAllSlides", t."CreateBy", t."CreateDate", t."DeleteBy", t."DeletedAt", t."EndedAt", t."ExpiresAt", t."IsDelete", t."LastSlideObjectId", t."LessonId", t."LessonSlug", t."SchoolName", t."StartedAt", t."Status", t."TeacherName", t."Token", t."UpdateBy", t."UpdateDate"
FROM "TrainingSession" AS t
WHERE t."Token" = @token
LIMIT 2
[2026-08-08 03:21:09.136 DBG] [0HNNKNSO8HTMV:00000011] Microsoft.EntityFrameworkCore.ChangeTracking: Context 'ApplicationDbContext' started tracking 'TrainingSession' entity. Consider using 'DbContextOptionsBuilder.EnableSensitiveDataLogging' to see key values.
[2026-08-08 03:21:09.137 DBG] [0HNNKNSO8HTMV:00000011] Microsoft.EntityFrameworkCore.Database.Command: Closing data reader to 'supportroom' on server 'tcp://localhost:5432'.
[2026-08-08 03:21:09.137 DBG] [0HNNKNSO8HTMV:00000011] Microsoft.EntityFrameworkCore.Database.Command: A data reader for 'supportroom' on server 'tcp://localhost:5432' is being disposed after spending 0ms reading results.
[2026-08-08 03:21:09.137 DBG] [0HNNKNSO8HTMV:00000011] Microsoft.EntityFrameworkCore.Database.Connection: Closing connection to database 'supportroom' on server 'tcp://localhost:5432'.
[2026-08-08 03:21:09.137 DBG] [0HNNKNSO8HTMV:00000011] Microsoft.EntityFrameworkCore.Database.Connection: Closed connection to database 'supportroom' on server 'tcp://localhost:5432' (0ms).
[2026-08-08 03:21:09.137 DBG] [0HNNKNSO8HTMV:00000011] Microsoft.EntityFrameworkCore.ChangeTracking: An entity of type 'TrainingSession' tracked by 'ApplicationDbContext' changed state from 'Unchanged' to 'Modified'. Consider using 'DbContextOptionsBuilder.EnableSensitiveDataLogging' to see key values.
[2026-08-08 03:21:09.137 DBG] [0HNNKNSO8HTMV:00000011] Microsoft.EntityFrameworkCore.Update: SaveChanges starting for 'ApplicationDbContext'.
[2026-08-08 03:21:09.137 DBG] [0HNNKNSO8HTMV:00000011] Microsoft.EntityFrameworkCore.ChangeTracking: DetectChanges starting for 'ApplicationDbContext'.
[2026-08-08 03:21:09.137 DBG] [0HNNKNSO8HTMV:00000011] Microsoft.EntityFrameworkCore.ChangeTracking: DetectChanges completed for 'ApplicationDbContext'.
[2026-08-08 03:21:09.137 DBG] [0HNNKNSO8HTMU:00000017] Microsoft.EntityFrameworkCore.Database.Connection: Creating DbConnection.
[2026-08-08 03:21:09.137 DBG] [0HNNKNSO8HTMU:00000017] Microsoft.EntityFrameworkCore.Database.Connection: Created DbConnection. (0ms).
[2026-08-08 03:21:09.137 DBG] [0HNNKNSO8HTMU:00000017] Microsoft.EntityFrameworkCore.Database.Connection: Opening connection to database 'supportroom' on server 'tcp://localhost:5432'.
[2026-08-08 03:21:09.137 DBG] [0HNNKNSO8HTMU:00000017] Microsoft.EntityFrameworkCore.Database.Connection: Opened connection to database 'supportroom' on server 'tcp://localhost:5432'.
[2026-08-08 03:21:09.137 DBG] [0HNNKNSO8HTMU:00000017] Microsoft.EntityFrameworkCore.Database.Command: Creating DbCommand for 'ExecuteReader'.
[2026-08-08 03:21:09.137 DBG] [0HNNKNSO8HTMV:00000011] Microsoft.EntityFrameworkCore.Database.Connection: Opening connection to database 'supportroom' on server 'tcp://localhost:5432'.
[2026-08-08 03:21:09.137 DBG] [0HNNKNSO8HTMU:00000017] Microsoft.EntityFrameworkCore.Database.Command: Created DbCommand for 'ExecuteReader' (0ms).
[2026-08-08 03:21:09.137 DBG] [0HNNKNSO8HTMV:00000011] Microsoft.EntityFrameworkCore.Database.Connection: Opened connection to database 'supportroom' on server 'tcp://localhost:5432'.
[2026-08-08 03:21:09.137 DBG] [0HNNKNSO8HTMU:00000017] Microsoft.EntityFrameworkCore.Database.Command: Initialized DbCommand for 'ExecuteReader' (0ms).
[2026-08-08 03:21:09.137 DBG] [0HNNKNSO8HTMV:00000011] Microsoft.EntityFrameworkCore.Database.Command: Creating DbCommand for 'ExecuteReader'.
[2026-08-08 03:21:09.137 DBG] [0HNNKNSO8HTMV:00000011] Microsoft.EntityFrameworkCore.Database.Command: Created DbCommand for 'ExecuteReader' (0ms).
[2026-08-08 03:21:09.137 DBG] [0HNNKNSO8HTMU:00000017] Microsoft.EntityFrameworkCore.Database.Command: Executing DbCommand [Parameters=[@sessionId='?'], CommandType='Text', CommandTimeout='30']
SELECT c."Id", c."CreateBy", c."CreateDate", c."DeleteBy", c."DeletedAt", c."IsDelete", c."SenderName", c."SenderRole", c."SessionId", c."Text", c."UpdateBy", c."UpdateDate"
FROM "ChatMessage" AS c
WHERE c."SessionId" = @sessionId
ORDER BY c."CreateDate"
[2026-08-08 03:21:09.137 DBG] [0HNNKNSO8HTMV:00000011] Microsoft.EntityFrameworkCore.Database.Command: Initialized DbCommand for 'ExecuteReader' (0ms).
[2026-08-08 03:21:09.138 DBG] [0HNNKNSO8HTMV:00000011] Microsoft.EntityFrameworkCore.Database.Command: Executing DbCommand [Parameters=[@p18='?', @p0='?' (DbType = Boolean), @p1='?', @p2='?' (DbType = DateTime), @p3='?', @p4='?' (DbType = DateTime), @p5='?' (DbType = DateTime), @p6='?' (DbType = DateTime), @p7='?' (DbType = Boolean), @p8='?', @p9='?', @p10='?', @p11='?', @p12='?' (DbType = DateTime), @p13='?', @p14='?', @p15='?', @p16='?', @p17='?' (DbType = DateTime)], CommandType='Text', CommandTimeout='30']
UPDATE "TrainingSession" SET "CompletedAllSlides" = @p0, "CreateBy" = @p1, "CreateDate" = @p2, "DeleteBy" = @p3, "DeletedAt" = @p4, "EndedAt" = @p5, "ExpiresAt" = @p6, "IsDelete" = @p7, "LastSlideObjectId" = @p8, "LessonId" = @p9, "LessonSlug" = @p10, "SchoolName" = @p11, "StartedAt" = @p12, "Status" = @p13, "TeacherName" = @p14, "Token" = @p15, "UpdateBy" = @p16, "UpdateDate" = @p17
WHERE "Id" = @p18;
[2026-08-08 03:21:09.140 INF] [0HNNKNSO8HTMU:00000017] Microsoft.EntityFrameworkCore.Database.Command: Executed DbCommand (3ms) [Parameters=[@sessionId='?'], CommandType='Text', CommandTimeout='30']
SELECT c."Id", c."CreateBy", c."CreateDate", c."DeleteBy", c."DeletedAt", c."IsDelete", c."SenderName", c."SenderRole", c."SessionId", c."Text", c."UpdateBy", c."UpdateDate"
FROM "ChatMessage" AS c
WHERE c."SessionId" = @sessionId
ORDER BY c."CreateDate"
[2026-08-08 03:21:09.140 DBG] [0HNNKNSO8HTMU:00000017] Microsoft.EntityFrameworkCore.Database.Command: Closing data reader to 'supportroom' on server 'tcp://localhost:5432'.
[2026-08-08 03:21:09.140 DBG] [0HNNKNSO8HTMU:00000017] Microsoft.EntityFrameworkCore.Database.Command: A data reader for 'supportroom' on server 'tcp://localhost:5432' is being disposed after spending 0ms reading results.
[2026-08-08 03:21:09.140 DBG] [0HNNKNSO8HTMU:00000017] Microsoft.EntityFrameworkCore.Database.Connection: Closing connection to database 'supportroom' on server 'tcp://localhost:5432'.
[2026-08-08 03:21:09.140 DBG] [0HNNKNSO8HTMU:00000017] Microsoft.EntityFrameworkCore.Database.Connection: Closed connection to database 'supportroom' on server 'tcp://localhost:5432' (0ms).
[2026-08-08 03:21:09.141 INF] [0HNNKNSO8HTMU:00000017] Serilog.AspNetCore.RequestLoggingMiddleware: HTTP GET /api/chat-messages responded 200 in 7.6233 ms
[2026-08-08 03:21:09.141 DBG] [] Microsoft.EntityFrameworkCore.Infrastructure: 'ApplicationDbContext' disposed.
[2026-08-08 03:21:09.141 DBG] [] Microsoft.EntityFrameworkCore.Database.Connection: Disposing connection to database 'supportroom' on server 'tcp://localhost:5432'.
[2026-08-08 03:21:09.141 DBG] [] Microsoft.EntityFrameworkCore.Database.Connection: Disposed connection to database 'supportroom' on server 'tcp://localhost:5432' (0ms).
[2026-08-08 03:21:09.143 INF] [0HNNKNSO8HTMV:00000011] Microsoft.EntityFrameworkCore.Database.Command: Executed DbCommand (6ms) [Parameters=[@p18='?', @p0='?' (DbType = Boolean), @p1='?', @p2='?' (DbType = DateTime), @p3='?', @p4='?' (DbType = DateTime), @p5='?' (DbType = DateTime), @p6='?' (DbType = DateTime), @p7='?' (DbType = Boolean), @p8='?', @p9='?', @p10='?', @p11='?', @p12='?' (DbType = DateTime), @p13='?', @p14='?', @p15='?', @p16='?', @p17='?' (DbType = DateTime)], CommandType='Text', CommandTimeout='30']
UPDATE "TrainingSession" SET "CompletedAllSlides" = @p0, "CreateBy" = @p1, "CreateDate" = @p2, "DeleteBy" = @p3, "DeletedAt" = @p4, "EndedAt" = @p5, "ExpiresAt" = @p6, "IsDelete" = @p7, "LastSlideObjectId" = @p8, "LessonId" = @p9, "LessonSlug" = @p10, "SchoolName" = @p11, "StartedAt" = @p12, "Status" = @p13, "TeacherName" = @p14, "Token" = @p15, "UpdateBy" = @p16, "UpdateDate" = @p17
WHERE "Id" = @p18;
[2026-08-08 03:21:09.144 DBG] [0HNNKNSO8HTMV:00000011] Microsoft.EntityFrameworkCore.Database.Command: Closing data reader to 'supportroom' on server 'tcp://localhost:5432'.
[2026-08-08 03:21:09.144 DBG] [0HNNKNSO8HTMV:00000011] Microsoft.EntityFrameworkCore.Database.Command: A data reader for 'supportroom' on server 'tcp://localhost:5432' is being disposed after spending 0ms reading results.
[2026-08-08 03:21:09.144 DBG] [0HNNKNSO8HTMV:00000011] Microsoft.EntityFrameworkCore.Database.Connection: Closing connection to database 'supportroom' on server 'tcp://localhost:5432'.
[2026-08-08 03:21:09.144 DBG] [0HNNKNSO8HTMV:00000011] Microsoft.EntityFrameworkCore.Database.Connection: Closed connection to database 'supportroom' on server 'tcp://localhost:5432' (0ms).
[2026-08-08 03:21:09.144 DBG] [0HNNKNSO8HTMV:00000011] Microsoft.EntityFrameworkCore.ChangeTracking: An entity of type 'TrainingSession' tracked by 'ApplicationDbContext' changed state from 'Modified' to 'Unchanged'. Consider using 'DbContextOptionsBuilder.EnableSensitiveDataLogging' to see key values.
[2026-08-08 03:21:09.144 DBG] [0HNNKNSO8HTMV:00000011] Microsoft.EntityFrameworkCore.Update: SaveChanges completed for 'ApplicationDbContext' with 1 entities written to the database.
[2026-08-08 03:21:09.144 INF] [0HNNKNSO8HTMV:00000011] SupportRoom.Application.Services.ITrainingSessionService: Session started: session-4daacfd6-9ccf-40d4-a4d0-e9e801732014
[2026-08-08 03:21:09.144 INF] [0HNNKNSO8HTMV:00000011] Serilog.AspNetCore.RequestLoggingMiddleware: HTTP PATCH /api/sessions/b61a9e47-2be5-4afc-9323-a82e918a4d80 responded 200 in 13.1922 ms
[2026-08-08 03:21:09.144 DBG] [] Microsoft.EntityFrameworkCore.Infrastructure: 'ApplicationDbContext' disposed.
[2026-08-08 03:21:09.144 DBG] [] Microsoft.EntityFrameworkCore.Database.Connection: Disposing connection to database 'supportroom' on server 'tcp://localhost:5432'.
[2026-08-08 03:21:09.144 DBG] [] Microsoft.EntityFrameworkCore.Database.Connection: Disposed connection to database 'supportroom' on server 'tcp://localhost:5432' (0ms).
[2026-08-08 03:21:09.144 INF] [0HNNKNSO8HTMU:00000018] Serilog.AspNetCore.RequestLoggingMiddleware: HTTP OPTIONS /api/tts responded 204 in 0.0394 ms
[2026-08-08 03:21:09.148 INF] [0HNNKNSO8HTMU:00000019] Serilog.AspNetCore.RequestLoggingMiddleware: HTTP OPTIONS /api/tts responded 204 in 0.0440 ms
[2026-08-08 03:21:09.150 INF] [0HNNKNSO8HTMV:00000012] Serilog.AspNetCore.RequestLoggingMiddleware: HTTP POST /api/tts responded 200 in 1.4198 ms
[2026-08-08 03:21:09.151 INF] [0HNNKNSO8HTMU:0000001A] Serilog.AspNetCore.RequestLoggingMiddleware: HTTP POST /api/tts responded 200 in 0.5818 ms
[2026-08-08 03:21:09.201 INF] [0HNNKNSO8HTMU:0000001B] Serilog.AspNetCore.RequestLoggingMiddleware: HTTP POST /api/tts responded 200 in 0.4792 ms
[2026-08-08 03:21:09.204 DBG] [0HNNKNSO8HTN3:00000001] Microsoft.EntityFrameworkCore.Infrastructure: Entity Framework Core 10.0.10 initialized 'ApplicationDbContext' using provider 'Npgsql.EntityFrameworkCore.PostgreSQL:10.0.3+5e912bf071068a44e5abbdab497b313ba99d3ee1' with options: None
[2026-08-08 03:21:09.205 DBG] [0HNNKNSO8HTN3:00000001] Microsoft.EntityFrameworkCore.Database.Connection: Creating DbConnection.
[2026-08-08 03:21:09.205 DBG] [0HNNKNSO8HTN3:00000001] Microsoft.EntityFrameworkCore.Database.Connection: Created DbConnection. (0ms).
[2026-08-08 03:21:09.205 DBG] [0HNNKNSO8HTN3:00000001] Microsoft.EntityFrameworkCore.Database.Connection: Opening connection to database 'supportroom' on server 'tcp://localhost:5432'.
[2026-08-08 03:21:09.205 DBG] [0HNNKNSO8HTN3:00000001] Microsoft.EntityFrameworkCore.Database.Connection: Opened connection to database 'supportroom' on server 'tcp://localhost:5432'.
[2026-08-08 03:21:09.205 DBG] [0HNNKNSO8HTN3:00000001] Microsoft.EntityFrameworkCore.Database.Command: Creating DbCommand for 'ExecuteReader'.
[2026-08-08 03:21:09.205 DBG] [0HNNKNSO8HTN3:00000001] Microsoft.EntityFrameworkCore.Database.Command: Created DbCommand for 'ExecuteReader' (0ms).
[2026-08-08 03:21:09.205 DBG] [0HNNKNSO8HTN3:00000001] Microsoft.EntityFrameworkCore.Database.Command: Initialized DbCommand for 'ExecuteReader' (0ms).
[2026-08-08 03:21:09.205 DBG] [0HNNKNSO8HTN3:00000001] Microsoft.EntityFrameworkCore.Database.Command: Executing DbCommand [Parameters=[@token='?'], CommandType='Text', CommandTimeout='30']
SELECT t."Id", t."CompletedAllSlides", t."CreateBy", t."CreateDate", t."DeleteBy", t."DeletedAt", t."EndedAt", t."ExpiresAt", t."IsDelete", t."LastSlideObjectId", t."LessonId", t."LessonSlug", t."SchoolName", t."StartedAt", t."Status", t."TeacherName", t."Token", t."UpdateBy", t."UpdateDate"
FROM "TrainingSession" AS t
WHERE t."Token" = @token
LIMIT 2
[2026-08-08 03:21:09.207 INF] [0HNNKNSO8HTN3:00000001] Microsoft.EntityFrameworkCore.Database.Command: Executed DbCommand (2ms) [Parameters=[@token='?'], CommandType='Text', CommandTimeout='30']
SELECT t."Id", t."CompletedAllSlides", t."CreateBy", t."CreateDate", t."DeleteBy", t."DeletedAt", t."EndedAt", t."ExpiresAt", t."IsDelete", t."LastSlideObjectId", t."LessonId", t."LessonSlug", t."SchoolName", t."StartedAt", t."Status", t."TeacherName", t."Token", t."UpdateBy", t."UpdateDate"
FROM "TrainingSession" AS t
WHERE t."Token" = @token
LIMIT 2
[2026-08-08 03:21:09.207 DBG] [0HNNKNSO8HTN3:00000001] Microsoft.EntityFrameworkCore.ChangeTracking: Context 'ApplicationDbContext' started tracking 'TrainingSession' entity. Consider using 'DbContextOptionsBuilder.EnableSensitiveDataLogging' to see key values.
[2026-08-08 03:21:09.207 DBG] [0HNNKNSO8HTN3:00000001] Microsoft.EntityFrameworkCore.Database.Command: Closing data reader to 'supportroom' on server 'tcp://localhost:5432'.
[2026-08-08 03:21:09.207 DBG] [0HNNKNSO8HTN3:00000001] Microsoft.EntityFrameworkCore.Database.Command: A data reader for 'supportroom' on server 'tcp://localhost:5432' is being disposed after spending 0ms reading results.
[2026-08-08 03:21:09.207 DBG] [0HNNKNSO8HTN3:00000001] Microsoft.EntityFrameworkCore.Database.Connection: Closing connection to database 'supportroom' on server 'tcp://localhost:5432'.
[2026-08-08 03:21:09.207 DBG] [0HNNKNSO8HTN3:00000001] Microsoft.EntityFrameworkCore.Database.Connection: Closed connection to database 'supportroom' on server 'tcp://localhost:5432' (0ms).
[2026-08-08 03:21:09.208 DBG] [0HNNKNSO8HTN3:00000001] Microsoft.EntityFrameworkCore.Infrastructure: 'ApplicationDbContext' disposed.
[2026-08-08 03:21:09.208 DBG] [0HNNKNSO8HTN3:00000001] Microsoft.EntityFrameworkCore.Database.Connection: Disposing connection to database 'supportroom' on server 'tcp://localhost:5432'.
[2026-08-08 03:21:09.208 DBG] [0HNNKNSO8HTN3:00000001] Microsoft.EntityFrameworkCore.Database.Connection: Disposed connection to database 'supportroom' on server 'tcp://localhost:5432' (0ms).
[2026-08-08 03:21:09.223 INF] [0HNNKNSO8HTMU:0000001C] Serilog.AspNetCore.RequestLoggingMiddleware: HTTP POST /api/tts responded 200 in 0.3813 ms
[2026-08-08 03:21:09.230 INF] [0HNNKNSO8HTMU:0000001D] Serilog.AspNetCore.RequestLoggingMiddleware: HTTP POST /api/tts responded 200 in 0.4597 ms
[2026-08-08 03:21:09.234 INF] [0HNNKNSO8HTMU:0000001E] Serilog.AspNetCore.RequestLoggingMiddleware: HTTP POST /api/tts responded 200 in 0.3755 ms
[2026-08-08 03:21:09.237 INF] [0HNNKNSO8HTMU:0000001F] Serilog.AspNetCore.RequestLoggingMiddleware: HTTP POST /api/tts responded 200 in 0.3582 ms
[2026-08-08 03:21:09.241 INF] [0HNNKNSO8HTMU:00000020] Serilog.AspNetCore.RequestLoggingMiddleware: HTTP POST /api/tts responded 200 in 0.5055 ms
[2026-08-08 03:21:09.246 INF] [0HNNKNSO8HTMU:00000021] Serilog.AspNetCore.RequestLoggingMiddleware: HTTP POST /api/tts responded 200 in 0.3451 ms
[2026-08-08 03:21:09.249 INF] [0HNNKNSO8HTMU:00000022] Serilog.AspNetCore.RequestLoggingMiddleware: HTTP POST /api/tts responded 200 in 0.3202 ms
[2026-08-08 03:21:09.253 INF] [0HNNKNSO8HTMU:00000023] Serilog.AspNetCore.RequestLoggingMiddleware: HTTP POST /api/tts responded 200 in 0.3464 ms
[2026-08-08 03:21:09.256 INF] [0HNNKNSO8HTMU:00000024] Serilog.AspNetCore.RequestLoggingMiddleware: HTTP POST /api/tts responded 200 in 0.3345 ms
[2026-08-08 03:21:22.827 INF] [0HNNKNSO8HTMU:00000025] Serilog.AspNetCore.RequestLoggingMiddleware: HTTP OPTIONS /api/tts responded 204 in 0.0422 ms
[2026-08-08 03:21:22.831 INF] [0HNNKNSO8HTMU:00000026] Serilog.AspNetCore.RequestLoggingMiddleware: HTTP POST /api/tts responded 200 in 1.9575 ms
[2026-08-08 03:21:34.340 INF] [0HNNKNSO8HTMU:00000027] Serilog.AspNetCore.RequestLoggingMiddleware: HTTP OPTIONS /api/tts responded 204 in 0.0313 ms
[2026-08-08 03:21:34.343 INF] [0HNNKNSO8HTMU:00000028] Serilog.AspNetCore.RequestLoggingMiddleware: HTTP POST /api/tts responded 200 in 0.8795 ms
[2026-08-08 03:21:44.340 INF] [0HNNKNSO8HTMU:00000029] Serilog.AspNetCore.RequestLoggingMiddleware: HTTP OPTIONS /api/tts responded 204 in 0.0431 ms
[2026-08-08 03:21:44.343 INF] [0HNNKNSO8HTMU:0000002A] Serilog.AspNetCore.RequestLoggingMiddleware: HTTP POST /api/tts responded 200 in 1.2047 ms
[2026-08-08 03:21:55.337 INF] [0HNNKNSO8HTMU:0000002B] Serilog.AspNetCore.RequestLoggingMiddleware: HTTP OPTIONS /api/tts responded 204 in 0.0591 ms
[2026-08-08 03:21:55.340 INF] [0HNNKNSO8HTMU:0000002C] Serilog.AspNetCore.RequestLoggingMiddleware: HTTP POST /api/tts responded 200 in 0.9448 ms
[2026-08-08 03:21:57.978 INF] [0HNNKNSO8HTMU:0000002D] Serilog.AspNetCore.RequestLoggingMiddleware: HTTP OPTIONS /api/sessions/b61a9e47-2be5-4afc-9323-a82e918a4d80 responded 204 in 0.0378 ms
[2026-08-08 03:21:57.980 DBG] [0HNNKNSO8HTMU:0000002E] Microsoft.EntityFrameworkCore.Infrastructure: Entity Framework Core 10.0.10 initialized 'ApplicationDbContext' using provider 'Npgsql.EntityFrameworkCore.PostgreSQL:10.0.3+5e912bf071068a44e5abbdab497b313ba99d3ee1' with options: None
[2026-08-08 03:21:57.984 DBG] [0HNNKNSO8HTMU:0000002E] Microsoft.EntityFrameworkCore.Database.Connection: Creating DbConnection.
[2026-08-08 03:21:57.984 DBG] [0HNNKNSO8HTMU:0000002E] Microsoft.EntityFrameworkCore.Database.Connection: Created DbConnection. (0ms).
[2026-08-08 03:21:57.984 DBG] [0HNNKNSO8HTMU:0000002E] Microsoft.EntityFrameworkCore.Database.Connection: Opening connection to database 'supportroom' on server 'tcp://localhost:5432'.
[2026-08-08 03:21:57.984 DBG] [0HNNKNSO8HTMU:0000002E] Microsoft.EntityFrameworkCore.Database.Connection: Opened connection to database 'supportroom' on server 'tcp://localhost:5432'.
[2026-08-08 03:21:57.984 DBG] [0HNNKNSO8HTMU:0000002E] Microsoft.EntityFrameworkCore.Database.Command: Creating DbCommand for 'ExecuteReader'.
[2026-08-08 03:21:57.984 DBG] [0HNNKNSO8HTMU:0000002E] Microsoft.EntityFrameworkCore.Database.Command: Created DbCommand for 'ExecuteReader' (0ms).
[2026-08-08 03:21:57.984 DBG] [0HNNKNSO8HTMU:0000002E] Microsoft.EntityFrameworkCore.Database.Command: Initialized DbCommand for 'ExecuteReader' (0ms).
[2026-08-08 03:21:57.984 DBG] [0HNNKNSO8HTMU:0000002E] Microsoft.EntityFrameworkCore.Database.Command: Executing DbCommand [Parameters=[@token='?'], CommandType='Text', CommandTimeout='30']
SELECT t."Id", t."CompletedAllSlides", t."CreateBy", t."CreateDate", t."DeleteBy", t."DeletedAt", t."EndedAt", t."ExpiresAt", t."IsDelete", t."LastSlideObjectId", t."LessonId", t."LessonSlug", t."SchoolName", t."StartedAt", t."Status", t."TeacherName", t."Token", t."UpdateBy", t."UpdateDate"
FROM "TrainingSession" AS t
WHERE t."Token" = @token
LIMIT 2
[2026-08-08 03:21:57.987 INF] [0HNNKNSO8HTMU:0000002E] Microsoft.EntityFrameworkCore.Database.Command: Executed DbCommand (3ms) [Parameters=[@token='?'], CommandType='Text', CommandTimeout='30']
SELECT t."Id", t."CompletedAllSlides", t."CreateBy", t."CreateDate", t."DeleteBy", t."DeletedAt", t."EndedAt", t."ExpiresAt", t."IsDelete", t."LastSlideObjectId", t."LessonId", t."LessonSlug", t."SchoolName", t."StartedAt", t."Status", t."TeacherName", t."Token", t."UpdateBy", t."UpdateDate"
FROM "TrainingSession" AS t
WHERE t."Token" = @token
LIMIT 2
[2026-08-08 03:21:57.987 DBG] [0HNNKNSO8HTMU:0000002E] Microsoft.EntityFrameworkCore.ChangeTracking: Context 'ApplicationDbContext' started tracking 'TrainingSession' entity. Consider using 'DbContextOptionsBuilder.EnableSensitiveDataLogging' to see key values.
[2026-08-08 03:21:57.987 DBG] [0HNNKNSO8HTMU:0000002E] Microsoft.EntityFrameworkCore.Database.Command: Closing data reader to 'supportroom' on server 'tcp://localhost:5432'.
[2026-08-08 03:21:57.987 DBG] [0HNNKNSO8HTMU:0000002E] Microsoft.EntityFrameworkCore.Database.Command: A data reader for 'supportroom' on server 'tcp://localhost:5432' is being disposed after spending 0ms reading results.
[2026-08-08 03:21:57.988 DBG] [0HNNKNSO8HTMU:0000002E] Microsoft.EntityFrameworkCore.Database.Connection: Closing connection to database 'supportroom' on server 'tcp://localhost:5432'.
[2026-08-08 03:21:57.988 DBG] [0HNNKNSO8HTMU:0000002E] Microsoft.EntityFrameworkCore.Database.Connection: Closed connection to database 'supportroom' on server 'tcp://localhost:5432' (0ms).
[2026-08-08 03:21:57.988 DBG] [0HNNKNSO8HTMU:0000002E] Microsoft.EntityFrameworkCore.ChangeTracking: An entity of type 'TrainingSession' tracked by 'ApplicationDbContext' changed state from 'Unchanged' to 'Modified'. Consider using 'DbContextOptionsBuilder.EnableSensitiveDataLogging' to see key values.
[2026-08-08 03:21:57.994 DBG] [0HNNKNSO8HTMU:0000002E] Microsoft.EntityFrameworkCore.Query: Compiling query expression: 
'DbSet<SessionQuestion>()
    .Where(x => x.SessionId == @sessionId)
    .OrderBy(q => q.CreateDate)'
[2026-08-08 03:21:58.006 DBG] [0HNNKNSO8HTMU:0000002E] Microsoft.EntityFrameworkCore.Query: Generated query execution expression: 
'queryContext => SingleQueryingEnumerable.Create<SessionQuestion>(
    relationalQueryContext: (RelationalQueryContext)queryContext, 
    relationalCommandResolver: parameters => [LIFTABLE Constant: RelationalCommandCache.QueryExpression(
        Projection Mapping:
            EmptyProjectionMember -> Dictionary<IPropertyBase, int> { [Property: SessionQuestion.Id (string) Required PK AfterSave:Throw, 0], [Property: SessionQuestion.Answer (string), 1], [Property: SessionQuestion.AnswerStatus (string) Required, 2], [Property: SessionQuestion.CreateBy (string), 3], [Property: SessionQuestion.CreateDate (DateTime) Required, 4], [Property: SessionQuestion.DeleteBy (string), 5], [Property: SessionQuestion.DeletedAt (DateTime?), 6], [Property: SessionQuestion.IsDelete (bool) Required, 7], [Property: SessionQuestion.SessionId (string) Required Index, 8], [Property: SessionQuestion.SlideObjectId (string), 9], [Property: SessionQuestion.Transcript (string), 10], [Property: SessionQuestion.UpdateBy (string), 11], [Property: SessionQuestion.UpdateDate (DateTime?), 12] }
        SELECT s.Id, s.Answer, s.AnswerStatus, s.CreateBy, s.CreateDate, s.DeleteBy, s.DeletedAt, s.IsDelete, s.SessionId, s.SlideObjectId, s.Transcript, s.UpdateBy, s.UpdateDate
        FROM SessionQuestion AS s
        WHERE s.SessionId == @sessionId
        ORDER BY s.CreateDate ASC) | Resolver: c => new RelationalCommandCache(
        c.Dependencies.MemoryCache, 
        c.RelationalDependencies.QuerySqlGeneratorFactory, 
        c.RelationalDependencies.RelationalParameterBasedSqlProcessorFactory, 
        Projection Mapping:
            EmptyProjectionMember -> Dictionary<IPropertyBase, int> { [Property: SessionQuestion.Id (string) Required PK AfterSave:Throw, 0], [Property: SessionQuestion.Answer (string), 1], [Property: SessionQuestion.AnswerStatus (string) Required, 2], [Property: SessionQuestion.CreateBy (string), 3], [Property: SessionQuestion.CreateDate (DateTime) Required, 4], [Property: SessionQuestion.DeleteBy (string), 5], [Property: SessionQuestion.DeletedAt (DateTime?), 6], [Property: SessionQuestion.IsDelete (bool) Required, 7], [Property: SessionQuestion.SessionId (string) Required Index, 8], [Property: SessionQuestion.SlideObjectId (string), 9], [Property: SessionQuestion.Transcript (string), 10], [Property: SessionQuestion.UpdateBy (string), 11], [Property: SessionQuestion.UpdateDate (DateTime?), 12] }
        SELECT s.Id, s.Answer, s.AnswerStatus, s.CreateBy, s.CreateDate, s.DeleteBy, s.DeletedAt, s.IsDelete, s.SessionId, s.SlideObjectId, s.Transcript, s.UpdateBy, s.UpdateDate
        FROM SessionQuestion AS s
        WHERE s.SessionId == @sessionId
        ORDER BY s.CreateDate ASC, 
        False, 
        Parameter
    )].GetRelationalCommandTemplate(parameters), 
    readerColumns: null, 
    shaper: (queryContext, dataReader, resultContext, resultCoordinator) => 
    {
        SessionQuestion entity;
        entity = 
        {
            MaterializationContext materializationContext1;
            IEntityType entityType1;
            SessionQuestion instance1;
            InternalEntityEntry entry1;
            bool hasNullKey1;
            materializationContext1 = new MaterializationContext(
                [LIFTABLE Constant: ValueBuffer | Resolver: _ => (object)ValueBuffer.Empty], 
                queryContext.Context
            );
            instance1 = default(SessionQuestion);
            entry1 = queryContext.TryGetEntry(
                key: [LIFTABLE Constant: Key: SessionQuestion.Id PK | Resolver: c => c.Dependencies.Model.FindEntityType("SupportRoom.Domain.Entities.SessionQuestion").FindPrimaryKey()], 
                keyValues: new object[]{ (object)dataReader.GetString(0) }, 
                throwOnNullKey: True, 
                hasNullKey: hasNullKey1);
            !(hasNullKey1) ? entry1 != default(InternalEntityEntry) ? 
            {
                entityType1 = entry1.EntityType;
                return instance1 = (SessionQuestion)entry1.Entity;
            } : 
            {
                ISnapshot shadowSnapshot1;
                shadowSnapshot1 = [LIFTABLE Constant: Snapshot | Resolver: _ => Snapshot.Empty];
                entityType1 = [LIFTABLE Constant: EntityType: SessionQuestion | Resolver: namelessParameter{0} => namelessParameter{0}.Dependencies.Model.FindEntityType("SupportRoom.Domain.Entities.SessionQuestion")];
                instance1 = switch (entityType1)
                {
                    case [LIFTABLE Constant: EntityType: SessionQuestion | Resolver: namelessParameter{1} => namelessParameter{1}.Dependencies.Model.FindEntityType("SupportRoom.Domain.Entities.SessionQuestion")]: 
                        {
                            return 
                            {
                                SessionQuestion instance;
                                instance = new SessionQuestion();
                                instance.<Id>k__BackingField = dataReader.GetString(0);
                                instance.<Answer>k__BackingField = dataReader.IsDBNull(1) ? default(string) : dataReader.GetString(1);
                                instance.<AnswerStatus>k__BackingField = dataReader.GetString(2);
                                instance.<CreateBy>k__BackingField = dataReader.IsDBNull(3) ? default(string) : dataReader.GetString(3);
                                instance.<CreateDate>k__BackingField = dataReader.GetDateTime(4);
                                instance.<DeleteBy>k__BackingField = dataReader.IsDBNull(5) ? default(string) : dataReader.GetString(5);
                                instance.<DeletedAt>k__BackingField = dataReader.IsDBNull(6) ? default(DateTime?) : (DateTime?)dataReader.GetDateTime(6);
                                instance.<IsDelete>k__BackingField = dataReader.GetBoolean(7);
                                instance.<SessionId>k__BackingField = dataReader.GetString(8);
                                instance.<SlideObjectId>k__BackingField = dataReader.IsDBNull(9) ? default(string) : dataReader.GetString(9);
                                instance.<Transcript>k__BackingField = dataReader.IsDBNull(10) ? default(string) : dataReader.GetString(10);
                                instance.<UpdateBy>k__BackingField = dataReader.IsDBNull(11) ? default(string) : dataReader.GetString(11);
                                instance.<UpdateDate>k__BackingField = dataReader.IsDBNull(12) ? default(DateTime?) : (DateTime?)dataReader.GetDateTime(12);
                                (instance is IInjectableService) ? ((IInjectableService)instance).Injected(
                                    context: materializationContext1.Context, 
                                    entity: instance, 
                                    queryTrackingBehavior: TrackAll, 
                                    structuralType: [LIFTABLE Constant: EntityType: SessionQuestion | Resolver: namelessParameter{2} => namelessParameter{2}.Dependencies.Model.FindEntityType("SupportRoom.Domain.Entities.SessionQuestion")]) : default(void);
                                return instance;
                            }}
                    default: 
                        default(SessionQuestion)
                }
                ;
                entry1 = entityType1 == default(IEntityType) ? default(InternalEntityEntry) : queryContext.StartTracking(
                    entityType: entityType1, 
                    entity: instance1, 
                    snapshot: shadowSnapshot1);
                return instance1;
            } : default(void);
            return instance1;
        };
        return entity;
    }, 
    contextType: SupportRoom.Providers.Data.Data.ApplicationDbContext, 
    standAloneStateManager: False, 
    detailedErrorsEnabled: False, 
    threadSafetyChecksEnabled: True)'
[2026-08-08 03:21:58.011 DBG] [0HNNKNSO8HTMU:0000002E] Microsoft.EntityFrameworkCore.Database.Connection: Opening connection to database 'supportroom' on server 'tcp://localhost:5432'.
[2026-08-08 03:21:58.011 DBG] [0HNNKNSO8HTMU:0000002E] Microsoft.EntityFrameworkCore.Database.Connection: Opened connection to database 'supportroom' on server 'tcp://localhost:5432'.
[2026-08-08 03:21:58.011 DBG] [0HNNKNSO8HTMU:0000002E] Microsoft.EntityFrameworkCore.Database.Command: Creating DbCommand for 'ExecuteReader'.
[2026-08-08 03:21:58.011 DBG] [0HNNKNSO8HTMU:0000002E] Microsoft.EntityFrameworkCore.Database.Command: Created DbCommand for 'ExecuteReader' (0ms).
[2026-08-08 03:21:58.011 DBG] [0HNNKNSO8HTMU:0000002E] Microsoft.EntityFrameworkCore.Database.Command: Initialized DbCommand for 'ExecuteReader' (0ms).
[2026-08-08 03:21:58.011 DBG] [0HNNKNSO8HTMU:0000002E] Microsoft.EntityFrameworkCore.Database.Command: Executing DbCommand [Parameters=[@sessionId='?'], CommandType='Text', CommandTimeout='30']
SELECT s."Id", s."Answer", s."AnswerStatus", s."CreateBy", s."CreateDate", s."DeleteBy", s."DeletedAt", s."IsDelete", s."SessionId", s."SlideObjectId", s."Transcript", s."UpdateBy", s."UpdateDate"
FROM "SessionQuestion" AS s
WHERE s."SessionId" = @sessionId
ORDER BY s."CreateDate"
[2026-08-08 03:21:58.013 INF] [0HNNKNSO8HTMU:0000002E] Microsoft.EntityFrameworkCore.Database.Command: Executed DbCommand (3ms) [Parameters=[@sessionId='?'], CommandType='Text', CommandTimeout='30']
SELECT s."Id", s."Answer", s."AnswerStatus", s."CreateBy", s."CreateDate", s."DeleteBy", s."DeletedAt", s."IsDelete", s."SessionId", s."SlideObjectId", s."Transcript", s."UpdateBy", s."UpdateDate"
FROM "SessionQuestion" AS s
WHERE s."SessionId" = @sessionId
ORDER BY s."CreateDate"
[2026-08-08 03:21:58.014 DBG] [0HNNKNSO8HTMU:0000002E] Microsoft.EntityFrameworkCore.Database.Command: Closing data reader to 'supportroom' on server 'tcp://localhost:5432'.
[2026-08-08 03:21:58.014 DBG] [0HNNKNSO8HTMU:0000002E] Microsoft.EntityFrameworkCore.Database.Command: A data reader for 'supportroom' on server 'tcp://localhost:5432' is being disposed after spending 0ms reading results.
[2026-08-08 03:21:58.014 DBG] [0HNNKNSO8HTMU:0000002E] Microsoft.EntityFrameworkCore.Database.Connection: Closing connection to database 'supportroom' on server 'tcp://localhost:5432'.
[2026-08-08 03:21:58.014 DBG] [0HNNKNSO8HTMU:0000002E] Microsoft.EntityFrameworkCore.Database.Connection: Closed connection to database 'supportroom' on server 'tcp://localhost:5432' (0ms).
[2026-08-08 03:21:58.018 DBG] [0HNNKNSO8HTMU:0000002E] Microsoft.EntityFrameworkCore.Query: Compiling query expression: 
'DbSet<SessionSummary>()
    .Where(x => x.SessionId == @sessionId)
    .SingleOrDefault()'
[2026-08-08 03:21:58.030 DBG] [0HNNKNSO8HTMU:0000002E] Microsoft.EntityFrameworkCore.Query: Generated query execution expression: 
'queryContext => SingleQueryingEnumerable.Create<SessionSummary>(
    relationalQueryContext: (RelationalQueryContext)queryContext, 
    relationalCommandResolver: parameters => [LIFTABLE Constant: RelationalCommandCache.QueryExpression(
        Projection Mapping:
            EmptyProjectionMember -> Dictionary<IPropertyBase, int> { [Property: SessionSummary.Id (string) Required PK AfterSave:Throw, 0], [Property: SessionSummary.CompletedAllSlides (bool) Required, 1], [Property: SessionSummary.CreateBy (string), 2], [Property: SessionSummary.CreateDate (DateTime) Required, 3], [Property: SessionSummary.DeleteBy (string), 4], [Property: SessionSummary.DeletedAt (DateTime?), 5], [Property: SessionSummary.IsDelete (bool) Required, 6], [Property: SessionSummary.LastSlideObjectId (string), 7], [Property: SessionSummary.SessionId (string) Required Index, 8], [Property: SessionSummary.UnansweredPoints (List<string>) Required Element type: string Required, 9], [Property: SessionSummary.UpdateBy (string), 10], [Property: SessionSummary.UpdateDate (DateTime?), 11] }
        SELECT TOP(2) s.Id, s.CompletedAllSlides, s.CreateBy, s.CreateDate, s.DeleteBy, s.DeletedAt, s.IsDelete, s.LastSlideObjectId, s.SessionId, s.UnansweredPoints, s.UpdateBy, s.UpdateDate
        FROM SessionSummary AS s
        WHERE s.SessionId == @sessionId) | Resolver: c => new RelationalCommandCache(
        c.Dependencies.MemoryCache, 
        c.RelationalDependencies.QuerySqlGeneratorFactory, 
        c.RelationalDependencies.RelationalParameterBasedSqlProcessorFactory, 
        Projection Mapping:
            EmptyProjectionMember -> Dictionary<IPropertyBase, int> { [Property: SessionSummary.Id (string) Required PK AfterSave:Throw, 0], [Property: SessionSummary.CompletedAllSlides (bool) Required, 1], [Property: SessionSummary.CreateBy (string), 2], [Property: SessionSummary.CreateDate (DateTime) Required, 3], [Property: SessionSummary.DeleteBy (string), 4], [Property: SessionSummary.DeletedAt (DateTime?), 5], [Property: SessionSummary.IsDelete (bool) Required, 6], [Property: SessionSummary.LastSlideObjectId (string), 7], [Property: SessionSummary.SessionId (string) Required Index, 8], [Property: SessionSummary.UnansweredPoints (List<string>) Required Element type: string Required, 9], [Property: SessionSummary.UpdateBy (string), 10], [Property: SessionSummary.UpdateDate (DateTime?), 11] }
        SELECT TOP(2) s.Id, s.CompletedAllSlides, s.CreateBy, s.CreateDate, s.DeleteBy, s.DeletedAt, s.IsDelete, s.LastSlideObjectId, s.SessionId, s.UnansweredPoints, s.UpdateBy, s.UpdateDate
        FROM SessionSummary AS s
        WHERE s.SessionId == @sessionId, 
        False, 
        Parameter
    )].GetRelationalCommandTemplate(parameters), 
    readerColumns: null, 
    shaper: (queryContext, dataReader, resultContext, resultCoordinator) => 
    {
        SessionSummary entity;
        entity = 
        {
            MaterializationContext materializationContext1;
            IEntityType entityType1;
            SessionSummary instance1;
            InternalEntityEntry entry1;
            bool hasNullKey1;
            materializationContext1 = new MaterializationContext(
                [LIFTABLE Constant: ValueBuffer | Resolver: _ => (object)ValueBuffer.Empty], 
                queryContext.Context
            );
            instance1 = default(SessionSummary);
            entry1 = queryContext.TryGetEntry(
                key: [LIFTABLE Constant: Key: SessionSummary.Id PK | Resolver: c => c.Dependencies.Model.FindEntityType("SupportRoom.Domain.Entities.SessionSummary").FindPrimaryKey()], 
                keyValues: new object[]{ (object)dataReader.GetString(0) }, 
                throwOnNullKey: True, 
                hasNullKey: hasNullKey1);
            !(hasNullKey1) ? entry1 != default(InternalEntityEntry) ? 
            {
                entityType1 = entry1.EntityType;
                return instance1 = (SessionSummary)entry1.Entity;
            } : 
            {
                ISnapshot shadowSnapshot1;
                shadowSnapshot1 = [LIFTABLE Constant: Snapshot | Resolver: _ => Snapshot.Empty];
                entityType1 = [LIFTABLE Constant: EntityType: SessionSummary | Resolver: namelessParameter{0} => namelessParameter{0}.Dependencies.Model.FindEntityType("SupportRoom.Domain.Entities.SessionSummary")];
                instance1 = switch (entityType1)
                {
                    case [LIFTABLE Constant: EntityType: SessionSummary | Resolver: namelessParameter{1} => namelessParameter{1}.Dependencies.Model.FindEntityType("SupportRoom.Domain.Entities.SessionSummary")]: 
                        {
                            return 
                            {
                                SessionSummary instance;
                                instance = new SessionSummary();
                                instance.<Id>k__BackingField = dataReader.GetString(0);
                                instance.<CompletedAllSlides>k__BackingField = dataReader.GetBoolean(1);
                                instance.<CreateBy>k__BackingField = dataReader.IsDBNull(2) ? default(string) : dataReader.GetString(2);
                                instance.<CreateDate>k__BackingField = dataReader.GetDateTime(3);
                                instance.<DeleteBy>k__BackingField = dataReader.IsDBNull(4) ? default(string) : dataReader.GetString(4);
                                instance.<DeletedAt>k__BackingField = dataReader.IsDBNull(5) ? default(DateTime?) : (DateTime?)dataReader.GetDateTime(5);
                                instance.<IsDelete>k__BackingField = dataReader.GetBoolean(6);
                                instance.<LastSlideObjectId>k__BackingField = dataReader.IsDBNull(7) ? default(string) : dataReader.GetString(7);
                                instance.<SessionId>k__BackingField = dataReader.GetString(8);
                                {
                                    List<string> namelessParameter{2};
                                    namelessParameter{2} = instance.<UnansweredPoints>k__BackingField;
                                    namelessParameter{2} == null || dataReader.GetFieldValue<List<string>>(9) == null || namelessParameter{2}.IsReadOnly ? instance.<UnansweredPoints>k__BackingField = dataReader.GetFieldValue<List<string>>(9) : StructuralTypeMaterializerSource.PopulateList<string>(
                                        buffer: dataReader.GetFieldValue<List<string>>(9), 
                                        target: namelessParameter{2});
                                }instance.<UpdateBy>k__BackingField = dataReader.IsDBNull(10) ? default(string) : dataReader.GetString(10);
                                instance.<UpdateDate>k__BackingField = dataReader.IsDBNull(11) ? default(DateTime?) : (DateTime?)dataReader.GetDateTime(11);
                                (instance is IInjectableService) ? ((IInjectableService)instance).Injected(
                                    context: materializationContext1.Context, 
                                    entity: instance, 
                                    queryTrackingBehavior: TrackAll, 
                                    structuralType: [LIFTABLE Constant: EntityType: SessionSummary | Resolver: namelessParameter{3} => namelessParameter{3}.Dependencies.Model.FindEntityType("SupportRoom.Domain.Entities.SessionSummary")]) : default(void);
                                return instance;
                            }}
                    default: 
                        default(SessionSummary)
                }
                ;
                entry1 = entityType1 == default(IEntityType) ? default(InternalEntityEntry) : queryContext.StartTracking(
                    entityType: entityType1, 
                    entity: instance1, 
                    snapshot: shadowSnapshot1);
                return instance1;
            } : default(void);
            return instance1;
        };
        return entity;
    }, 
    contextType: SupportRoom.Providers.Data.Data.ApplicationDbContext, 
    standAloneStateManager: False, 
    detailedErrorsEnabled: False, 
    threadSafetyChecksEnabled: True)
    .SingleOrDefault()'
[2026-08-08 03:21:58.035 DBG] [0HNNKNSO8HTMU:0000002E] Microsoft.EntityFrameworkCore.Database.Connection: Opening connection to database 'supportroom' on server 'tcp://localhost:5432'.
[2026-08-08 03:21:58.035 DBG] [0HNNKNSO8HTMU:0000002E] Microsoft.EntityFrameworkCore.Database.Connection: Opened connection to database 'supportroom' on server 'tcp://localhost:5432'.
[2026-08-08 03:21:58.035 DBG] [0HNNKNSO8HTMU:0000002E] Microsoft.EntityFrameworkCore.Database.Command: Creating DbCommand for 'ExecuteReader'.
[2026-08-08 03:21:58.035 DBG] [0HNNKNSO8HTMU:0000002E] Microsoft.EntityFrameworkCore.Database.Command: Created DbCommand for 'ExecuteReader' (0ms).
[2026-08-08 03:21:58.035 DBG] [0HNNKNSO8HTMU:0000002E] Microsoft.EntityFrameworkCore.Database.Command: Initialized DbCommand for 'ExecuteReader' (0ms).
[2026-08-08 03:21:58.035 DBG] [0HNNKNSO8HTMU:0000002E] Microsoft.EntityFrameworkCore.Database.Command: Executing DbCommand [Parameters=[@sessionId='?'], CommandType='Text', CommandTimeout='30']
SELECT s."Id", s."CompletedAllSlides", s."CreateBy", s."CreateDate", s."DeleteBy", s."DeletedAt", s."IsDelete", s."LastSlideObjectId", s."SessionId", s."UnansweredPoints", s."UpdateBy", s."UpdateDate"
FROM "SessionSummary" AS s
WHERE s."SessionId" = @sessionId
LIMIT 2
[2026-08-08 03:21:58.040 INF] [0HNNKNSO8HTMU:0000002E] Microsoft.EntityFrameworkCore.Database.Command: Executed DbCommand (5ms) [Parameters=[@sessionId='?'], CommandType='Text', CommandTimeout='30']
SELECT s."Id", s."CompletedAllSlides", s."CreateBy", s."CreateDate", s."DeleteBy", s."DeletedAt", s."IsDelete", s."LastSlideObjectId", s."SessionId", s."UnansweredPoints", s."UpdateBy", s."UpdateDate"
FROM "SessionSummary" AS s
WHERE s."SessionId" = @sessionId
LIMIT 2
[2026-08-08 03:21:58.040 DBG] [0HNNKNSO8HTMU:0000002E] Microsoft.EntityFrameworkCore.Database.Command: Closing data reader to 'supportroom' on server 'tcp://localhost:5432'.
[2026-08-08 03:21:58.040 DBG] [0HNNKNSO8HTMU:0000002E] Microsoft.EntityFrameworkCore.Database.Command: A data reader for 'supportroom' on server 'tcp://localhost:5432' is being disposed after spending 0ms reading results.
[2026-08-08 03:21:58.040 DBG] [0HNNKNSO8HTMU:0000002E] Microsoft.EntityFrameworkCore.Database.Connection: Closing connection to database 'supportroom' on server 'tcp://localhost:5432'.
[2026-08-08 03:21:58.040 DBG] [0HNNKNSO8HTMU:0000002E] Microsoft.EntityFrameworkCore.Database.Connection: Closed connection to database 'supportroom' on server 'tcp://localhost:5432' (0ms).
[2026-08-08 03:21:58.091 DBG] [0HNNKNSO8HTMU:0000002E] Microsoft.EntityFrameworkCore.ChangeTracking: Context 'ApplicationDbContext' started tracking 'SessionSummary' entity. Consider using 'DbContextOptionsBuilder.EnableSensitiveDataLogging' to see key values.
[2026-08-08 03:21:58.091 INF] [0HNNKNSO8HTMU:0000002E] SupportRoom.Application.Services.ISessionSummaryService: Session summary created: session-4daacfd6-9ccf-40d4-a4d0-e9e801732014 unansweredPoints=0
[2026-08-08 03:21:58.091 DBG] [0HNNKNSO8HTMU:0000002E] Microsoft.EntityFrameworkCore.Update: SaveChanges starting for 'ApplicationDbContext'.
[2026-08-08 03:21:58.091 DBG] [0HNNKNSO8HTMU:0000002E] Microsoft.EntityFrameworkCore.ChangeTracking: DetectChanges starting for 'ApplicationDbContext'.
[2026-08-08 03:21:58.116 DBG] [0HNNKNSO8HTMU:0000002E] Microsoft.EntityFrameworkCore.ChangeTracking: DetectChanges completed for 'ApplicationDbContext'.
[2026-08-08 03:21:58.127 DBG] [0HNNKNSO8HTMU:0000002E] Microsoft.EntityFrameworkCore.Update: Executing 2 update commands as a batch.
[2026-08-08 03:21:58.128 DBG] [0HNNKNSO8HTMU:0000002E] Microsoft.EntityFrameworkCore.Database.Connection: Opening connection to database 'supportroom' on server 'tcp://localhost:5432'.
[2026-08-08 03:21:58.128 DBG] [0HNNKNSO8HTMU:0000002E] Microsoft.EntityFrameworkCore.Database.Connection: Opened connection to database 'supportroom' on server 'tcp://localhost:5432'.
[2026-08-08 03:21:58.133 DBG] [0HNNKNSO8HTMU:0000002E] Microsoft.EntityFrameworkCore.Database.Transaction: Beginning transaction with isolation level 'Unspecified'.
[2026-08-08 03:21:58.145 DBG] [0HNNKNSO8HTMU:0000002E] Microsoft.EntityFrameworkCore.Database.Transaction: Began transaction with isolation level 'ReadCommitted'.
[2026-08-08 03:21:58.148 DBG] [0HNNKNSO8HTMU:0000002E] Microsoft.EntityFrameworkCore.Database.Command: Creating DbCommand for 'ExecuteReader'.
[2026-08-08 03:21:58.149 DBG] [0HNNKNSO8HTMU:0000002E] Microsoft.EntityFrameworkCore.Database.Command: Created DbCommand for 'ExecuteReader' (0ms).
[2026-08-08 03:21:58.153 DBG] [0HNNKNSO8HTMU:0000002E] Microsoft.EntityFrameworkCore.Database.Command: Initialized DbCommand for 'ExecuteReader' (4ms).
[2026-08-08 03:21:58.153 DBG] [0HNNKNSO8HTMU:0000002E] Microsoft.EntityFrameworkCore.Database.Command: Executing DbCommand [Parameters=[@p0='?', @p1='?' (DbType = Boolean), @p2='?', @p3='?' (DbType = DateTime), @p4='?', @p5='?' (DbType = DateTime), @p6='?' (DbType = Boolean), @p7='?', @p8='?', @p9='?' (DbType = Object), @p10='?', @p11='?' (DbType = DateTime), @p30='?', @p12='?' (DbType = Boolean), @p13='?', @p14='?' (DbType = DateTime), @p15='?', @p16='?' (DbType = DateTime), @p17='?' (DbType = DateTime), @p18='?' (DbType = DateTime), @p19='?' (DbType = Boolean), @p20='?', @p21='?', @p22='?', @p23='?', @p24='?' (DbType = DateTime), @p25='?', @p26='?', @p27='?', @p28='?', @p29='?' (DbType = DateTime)], CommandType='Text', CommandTimeout='30']
INSERT INTO "SessionSummary" ("Id", "CompletedAllSlides", "CreateBy", "CreateDate", "DeleteBy", "DeletedAt", "IsDelete", "LastSlideObjectId", "SessionId", "UnansweredPoints", "UpdateBy", "UpdateDate")
VALUES (@p0, @p1, @p2, @p3, @p4, @p5, @p6, @p7, @p8, @p9, @p10, @p11);
UPDATE "TrainingSession" SET "CompletedAllSlides" = @p12, "CreateBy" = @p13, "CreateDate" = @p14, "DeleteBy" = @p15, "DeletedAt" = @p16, "EndedAt" = @p17, "ExpiresAt" = @p18, "IsDelete" = @p19, "LastSlideObjectId" = @p20, "LessonId" = @p21, "LessonSlug" = @p22, "SchoolName" = @p23, "StartedAt" = @p24, "Status" = @p25, "TeacherName" = @p26, "Token" = @p27, "UpdateBy" = @p28, "UpdateDate" = @p29
WHERE "Id" = @p30;
[2026-08-08 03:21:58.308 INF] [0HNNKNSO8HTMU:0000002E] Microsoft.EntityFrameworkCore.Database.Command: Executed DbCommand (156ms) [Parameters=[@p0='?', @p1='?' (DbType = Boolean), @p2='?', @p3='?' (DbType = DateTime), @p4='?', @p5='?' (DbType = DateTime), @p6='?' (DbType = Boolean), @p7='?', @p8='?', @p9='?' (DbType = Object), @p10='?', @p11='?' (DbType = DateTime), @p30='?', @p12='?' (DbType = Boolean), @p13='?', @p14='?' (DbType = DateTime), @p15='?', @p16='?' (DbType = DateTime), @p17='?' (DbType = DateTime), @p18='?' (DbType = DateTime), @p19='?' (DbType = Boolean), @p20='?', @p21='?', @p22='?', @p23='?', @p24='?' (DbType = DateTime), @p25='?', @p26='?', @p27='?', @p28='?', @p29='?' (DbType = DateTime)], CommandType='Text', CommandTimeout='30']
INSERT INTO "SessionSummary" ("Id", "CompletedAllSlides", "CreateBy", "CreateDate", "DeleteBy", "DeletedAt", "IsDelete", "LastSlideObjectId", "SessionId", "UnansweredPoints", "UpdateBy", "UpdateDate")
VALUES (@p0, @p1, @p2, @p3, @p4, @p5, @p6, @p7, @p8, @p9, @p10, @p11);
UPDATE "TrainingSession" SET "CompletedAllSlides" = @p12, "CreateBy" = @p13, "CreateDate" = @p14, "DeleteBy" = @p15, "DeletedAt" = @p16, "EndedAt" = @p17, "ExpiresAt" = @p18, "IsDelete" = @p19, "LastSlideObjectId" = @p20, "LessonId" = @p21, "LessonSlug" = @p22, "SchoolName" = @p23, "StartedAt" = @p24, "Status" = @p25, "TeacherName" = @p26, "Token" = @p27, "UpdateBy" = @p28, "UpdateDate" = @p29
WHERE "Id" = @p30;
[2026-08-08 03:21:58.308 DBG] [0HNNKNSO8HTMU:0000002E] Microsoft.EntityFrameworkCore.Database.Command: Closing data reader to 'supportroom' on server 'tcp://localhost:5432'.
[2026-08-08 03:21:58.309 DBG] [0HNNKNSO8HTMU:0000002E] Microsoft.EntityFrameworkCore.Database.Command: A data reader for 'supportroom' on server 'tcp://localhost:5432' is being disposed after spending 0ms reading results.
[2026-08-08 03:21:58.310 DBG] [0HNNKNSO8HTMU:0000002E] Microsoft.EntityFrameworkCore.Database.Transaction: Committing transaction.
[2026-08-08 03:21:58.322 DBG] [0HNNKNSO8HTMU:0000002E] Microsoft.EntityFrameworkCore.Database.Transaction: Committed transaction.
[2026-08-08 03:21:58.323 DBG] [0HNNKNSO8HTMU:0000002E] Microsoft.EntityFrameworkCore.Database.Connection: Closing connection to database 'supportroom' on server 'tcp://localhost:5432'.
[2026-08-08 03:21:58.324 DBG] [0HNNKNSO8HTMU:0000002E] Microsoft.EntityFrameworkCore.Database.Connection: Closed connection to database 'supportroom' on server 'tcp://localhost:5432' (0ms).
[2026-08-08 03:21:58.327 DBG] [0HNNKNSO8HTMU:0000002E] Microsoft.EntityFrameworkCore.Database.Transaction: Disposing transaction.
[2026-08-08 03:21:58.336 DBG] [0HNNKNSO8HTMU:0000002E] Microsoft.EntityFrameworkCore.ChangeTracking: An entity of type 'SessionSummary' tracked by 'ApplicationDbContext' changed state from 'Added' to 'Unchanged'. Consider using 'DbContextOptionsBuilder.EnableSensitiveDataLogging' to see key values.
[2026-08-08 03:21:58.336 DBG] [0HNNKNSO8HTMU:0000002E] Microsoft.EntityFrameworkCore.ChangeTracking: An entity of type 'TrainingSession' tracked by 'ApplicationDbContext' changed state from 'Modified' to 'Unchanged'. Consider using 'DbContextOptionsBuilder.EnableSensitiveDataLogging' to see key values.
[2026-08-08 03:21:58.336 DBG] [0HNNKNSO8HTMU:0000002E] Microsoft.EntityFrameworkCore.Update: SaveChanges completed for 'ApplicationDbContext' with 2 entities written to the database.
[2026-08-08 03:21:58.336 INF] [0HNNKNSO8HTMU:0000002E] SupportRoom.Application.Services.ITrainingSessionService: Session ended: session-4daacfd6-9ccf-40d4-a4d0-e9e801732014 completedAllSlides=False
[2026-08-08 03:21:58.337 INF] [0HNNKNSO8HTMU:0000002E] Serilog.AspNetCore.RequestLoggingMiddleware: HTTP PATCH /api/sessions/b61a9e47-2be5-4afc-9323-a82e918a4d80 responded 200 in 357.1433 ms
[2026-08-08 03:21:58.337 DBG] [] Microsoft.EntityFrameworkCore.Infrastructure: 'ApplicationDbContext' disposed.
[2026-08-08 03:21:58.337 DBG] [] Microsoft.EntityFrameworkCore.Database.Connection: Disposing connection to database 'supportroom' on server 'tcp://localhost:5432'.
[2026-08-08 03:21:58.337 DBG] [] Microsoft.EntityFrameworkCore.Database.Connection: Disposed connection to database 'supportroom' on server 'tcp://localhost:5432' (0ms).
[2026-08-08 03:21:59.816 INF] [0HNNKNSO8HTN3:00000001] Serilog.AspNetCore.RequestLoggingMiddleware: HTTP GET /hubs/session responded 101 in 50654.2180 ms
[2026-08-08 03:22:02.052 DBG] [0HNNKNSO8HTMU:0000002F] Microsoft.EntityFrameworkCore.Infrastructure: Entity Framework Core 10.0.10 initialized 'ApplicationDbContext' using provider 'Npgsql.EntityFrameworkCore.PostgreSQL:10.0.3+5e912bf071068a44e5abbdab497b313ba99d3ee1' with options: None
[2026-08-08 03:22:02.052 DBG] [0HNNKNSO8HTMU:0000002F] Microsoft.EntityFrameworkCore.Database.Connection: Creating DbConnection.
[2026-08-08 03:22:02.052 DBG] [0HNNKNSO8HTMU:0000002F] Microsoft.EntityFrameworkCore.Database.Connection: Created DbConnection. (0ms).
[2026-08-08 03:22:02.052 DBG] [0HNNKNSO8HTMU:0000002F] Microsoft.EntityFrameworkCore.Database.Connection: Opening connection to database 'supportroom' on server 'tcp://localhost:5432'.
[2026-08-08 03:22:02.052 DBG] [0HNNKNSO8HTMU:0000002F] Microsoft.EntityFrameworkCore.Database.Connection: Opened connection to database 'supportroom' on server 'tcp://localhost:5432'.
[2026-08-08 03:22:02.052 DBG] [0HNNKNSO8HTMU:0000002F] Microsoft.EntityFrameworkCore.Database.Command: Creating DbCommand for 'ExecuteReader'.
[2026-08-08 03:22:02.053 DBG] [0HNNKNSO8HTMU:0000002F] Microsoft.EntityFrameworkCore.Database.Command: Created DbCommand for 'ExecuteReader' (0ms).
[2026-08-08 03:22:02.053 DBG] [0HNNKNSO8HTMU:0000002F] Microsoft.EntityFrameworkCore.Database.Command: Initialized DbCommand for 'ExecuteReader' (0ms).
[2026-08-08 03:22:02.053 DBG] [0HNNKNSO8HTMU:0000002F] Microsoft.EntityFrameworkCore.Database.Command: Executing DbCommand [Parameters=[], CommandType='Text', CommandTimeout='30']
SELECT t."Id", t."CompletedAllSlides", t."CreateBy", t."CreateDate", t."DeleteBy", t."DeletedAt", t."EndedAt", t."ExpiresAt", t."IsDelete", t."LastSlideObjectId", t."LessonId", t."LessonSlug", t."SchoolName", t."StartedAt", t."Status", t."TeacherName", t."Token", t."UpdateBy", t."UpdateDate"
FROM "TrainingSession" AS t
ORDER BY t."CreateDate" DESC
[2026-08-08 03:22:02.055 INF] [0HNNKNSO8HTMU:0000002F] Microsoft.EntityFrameworkCore.Database.Command: Executed DbCommand (3ms) [Parameters=[], CommandType='Text', CommandTimeout='30']
SELECT t."Id", t."CompletedAllSlides", t."CreateBy", t."CreateDate", t."DeleteBy", t."DeletedAt", t."EndedAt", t."ExpiresAt", t."IsDelete", t."LastSlideObjectId", t."LessonId", t."LessonSlug", t."SchoolName", t."StartedAt", t."Status", t."TeacherName", t."Token", t."UpdateBy", t."UpdateDate"
FROM "TrainingSession" AS t
ORDER BY t."CreateDate" DESC
[2026-08-08 03:22:02.055 DBG] [0HNNKNSO8HTMU:0000002F] Microsoft.EntityFrameworkCore.ChangeTracking: Context 'ApplicationDbContext' started tracking 'TrainingSession' entity. Consider using 'DbContextOptionsBuilder.EnableSensitiveDataLogging' to see key values.
[2026-08-08 03:22:02.055 DBG] [0HNNKNSO8HTMU:0000002F] Microsoft.EntityFrameworkCore.ChangeTracking: Context 'ApplicationDbContext' started tracking 'TrainingSession' entity. Consider using 'DbContextOptionsBuilder.EnableSensitiveDataLogging' to see key values.
[2026-08-08 03:22:02.055 DBG] [0HNNKNSO8HTMU:0000002F] Microsoft.EntityFrameworkCore.ChangeTracking: Context 'ApplicationDbContext' started tracking 'TrainingSession' entity. Consider using 'DbContextOptionsBuilder.EnableSensitiveDataLogging' to see key values.
[2026-08-08 03:22:02.055 DBG] [0HNNKNSO8HTMU:0000002F] Microsoft.EntityFrameworkCore.ChangeTracking: Context 'ApplicationDbContext' started tracking 'TrainingSession' entity. Consider using 'DbContextOptionsBuilder.EnableSensitiveDataLogging' to see key values.
[2026-08-08 03:22:02.055 DBG] [0HNNKNSO8HTMU:0000002F] Microsoft.EntityFrameworkCore.ChangeTracking: Context 'ApplicationDbContext' started tracking 'TrainingSession' entity. Consider using 'DbContextOptionsBuilder.EnableSensitiveDataLogging' to see key values.
[2026-08-08 03:22:02.056 DBG] [0HNNKNSO8HTMU:0000002F] Microsoft.EntityFrameworkCore.Database.Command: Closing data reader to 'supportroom' on server 'tcp://localhost:5432'.
[2026-08-08 03:22:02.056 DBG] [0HNNKNSO8HTMU:0000002F] Microsoft.EntityFrameworkCore.Database.Command: A data reader for 'supportroom' on server 'tcp://localhost:5432' is being disposed after spending 0ms reading results.
[2026-08-08 03:22:02.056 DBG] [0HNNKNSO8HTMU:0000002F] Microsoft.EntityFrameworkCore.Database.Connection: Closing connection to database 'supportroom' on server 'tcp://localhost:5432'.
[2026-08-08 03:22:02.056 DBG] [0HNNKNSO8HTMU:0000002F] Microsoft.EntityFrameworkCore.Database.Connection: Closed connection to database 'supportroom' on server 'tcp://localhost:5432' (0ms).
[2026-08-08 03:22:02.056 INF] [0HNNKNSO8HTMU:0000002F] Serilog.AspNetCore.RequestLoggingMiddleware: HTTP GET /api/sessions responded 200 in 4.9728 ms
[2026-08-08 03:22:02.056 DBG] [] Microsoft.EntityFrameworkCore.Infrastructure: 'ApplicationDbContext' disposed.
[2026-08-08 03:22:02.056 DBG] [] Microsoft.EntityFrameworkCore.Database.Connection: Disposing connection to database 'supportroom' on server 'tcp://localhost:5432'.
[2026-08-08 03:22:02.056 DBG] [] Microsoft.EntityFrameworkCore.Database.Connection: Disposed connection to database 'supportroom' on server 'tcp://localhost:5432' (0ms).
[2026-08-08 03:22:02.057 DBG] [0HNNKNSO8HTMV:00000013] Microsoft.EntityFrameworkCore.Infrastructure: Entity Framework Core 10.0.10 initialized 'ApplicationDbContext' using provider 'Npgsql.EntityFrameworkCore.PostgreSQL:10.0.3+5e912bf071068a44e5abbdab497b313ba99d3ee1' with options: None
[2026-08-08 03:22:02.058 DBG] [0HNNKNSO8HTMV:00000013] Microsoft.EntityFrameworkCore.Database.Connection: Creating DbConnection.
[2026-08-08 03:22:02.058 DBG] [0HNNKNSO8HTMV:00000013] Microsoft.EntityFrameworkCore.Database.Connection: Created DbConnection. (0ms).
[2026-08-08 03:22:02.058 DBG] [0HNNKNSO8HTMV:00000013] Microsoft.EntityFrameworkCore.Database.Connection: Opening connection to database 'supportroom' on server 'tcp://localhost:5432'.
[2026-08-08 03:22:02.058 DBG] [0HNNKNSO8HTMV:00000013] Microsoft.EntityFrameworkCore.Database.Connection: Opened connection to database 'supportroom' on server 'tcp://localhost:5432'.
[2026-08-08 03:22:02.058 DBG] [0HNNKNSO8HTMV:00000013] Microsoft.EntityFrameworkCore.Database.Command: Creating DbCommand for 'ExecuteReader'.
[2026-08-08 03:22:02.058 DBG] [0HNNKNSO8HTMV:00000013] Microsoft.EntityFrameworkCore.Database.Command: Created DbCommand for 'ExecuteReader' (0ms).
[2026-08-08 03:22:02.058 DBG] [0HNNKNSO8HTMV:00000013] Microsoft.EntityFrameworkCore.Database.Command: Initialized DbCommand for 'ExecuteReader' (0ms).
[2026-08-08 03:22:02.058 DBG] [0HNNKNSO8HTMV:00000013] Microsoft.EntityFrameworkCore.Database.Command: Executing DbCommand [Parameters=[], CommandType='Text', CommandTimeout='30']
SELECT t."Id", t."CompletedAllSlides", t."CreateBy", t."CreateDate", t."DeleteBy", t."DeletedAt", t."EndedAt", t."ExpiresAt", t."IsDelete", t."LastSlideObjectId", t."LessonId", t."LessonSlug", t."SchoolName", t."StartedAt", t."Status", t."TeacherName", t."Token", t."UpdateBy", t."UpdateDate"
FROM "TrainingSession" AS t
ORDER BY t."CreateDate" DESC
[2026-08-08 03:22:02.060 INF] [0HNNKNSO8HTMV:00000013] Microsoft.EntityFrameworkCore.Database.Command: Executed DbCommand (2ms) [Parameters=[], CommandType='Text', CommandTimeout='30']
SELECT t."Id", t."CompletedAllSlides", t."CreateBy", t."CreateDate", t."DeleteBy", t."DeletedAt", t."EndedAt", t."ExpiresAt", t."IsDelete", t."LastSlideObjectId", t."LessonId", t."LessonSlug", t."SchoolName", t."StartedAt", t."Status", t."TeacherName", t."Token", t."UpdateBy", t."UpdateDate"
FROM "TrainingSession" AS t
ORDER BY t."CreateDate" DESC
[2026-08-08 03:22:02.060 DBG] [0HNNKNSO8HTMV:00000013] Microsoft.EntityFrameworkCore.ChangeTracking: Context 'ApplicationDbContext' started tracking 'TrainingSession' entity. Consider using 'DbContextOptionsBuilder.EnableSensitiveDataLogging' to see key values.
[2026-08-08 03:22:02.060 DBG] [0HNNKNSO8HTMV:00000013] Microsoft.EntityFrameworkCore.ChangeTracking: Context 'ApplicationDbContext' started tracking 'TrainingSession' entity. Consider using 'DbContextOptionsBuilder.EnableSensitiveDataLogging' to see key values.
[2026-08-08 03:22:02.061 DBG] [0HNNKNSO8HTMV:00000013] Microsoft.EntityFrameworkCore.ChangeTracking: Context 'ApplicationDbContext' started tracking 'TrainingSession' entity. Consider using 'DbContextOptionsBuilder.EnableSensitiveDataLogging' to see key values.
[2026-08-08 03:22:02.061 DBG] [0HNNKNSO8HTMV:00000013] Microsoft.EntityFrameworkCore.ChangeTracking: Context 'ApplicationDbContext' started tracking 'TrainingSession' entity. Consider using 'DbContextOptionsBuilder.EnableSensitiveDataLogging' to see key values.
[2026-08-08 03:22:02.061 DBG] [0HNNKNSO8HTMV:00000013] Microsoft.EntityFrameworkCore.ChangeTracking: Context 'ApplicationDbContext' started tracking 'TrainingSession' entity. Consider using 'DbContextOptionsBuilder.EnableSensitiveDataLogging' to see key values.
[2026-08-08 03:22:02.061 DBG] [0HNNKNSO8HTMV:00000013] Microsoft.EntityFrameworkCore.Database.Command: Closing data reader to 'supportroom' on server 'tcp://localhost:5432'.
[2026-08-08 03:22:02.061 DBG] [0HNNKNSO8HTMV:00000013] Microsoft.EntityFrameworkCore.Database.Command: A data reader for 'supportroom' on server 'tcp://localhost:5432' is being disposed after spending 0ms reading results.
[2026-08-08 03:22:02.061 DBG] [0HNNKNSO8HTMV:00000013] Microsoft.EntityFrameworkCore.Database.Connection: Closing connection to database 'supportroom' on server 'tcp://localhost:5432'.
[2026-08-08 03:22:02.061 DBG] [0HNNKNSO8HTMV:00000013] Microsoft.EntityFrameworkCore.Database.Connection: Closed connection to database 'supportroom' on server 'tcp://localhost:5432' (0ms).
[2026-08-08 03:22:02.061 INF] [0HNNKNSO8HTMV:00000013] Serilog.AspNetCore.RequestLoggingMiddleware: HTTP GET /api/sessions responded 200 in 3.8358 ms
[2026-08-08 03:22:02.061 DBG] [] Microsoft.EntityFrameworkCore.Infrastructure: 'ApplicationDbContext' disposed.
[2026-08-08 03:22:02.061 DBG] [] Microsoft.EntityFrameworkCore.Database.Connection: Disposing connection to database 'supportroom' on server 'tcp://localhost:5432'.
[2026-08-08 03:22:02.061 DBG] [] Microsoft.EntityFrameworkCore.Database.Connection: Disposed connection to database 'supportroom' on server 'tcp://localhost:5432' (0ms).
[2026-08-08 03:22:05.777 ERR] [0HNNKNSO8HTMV:00000014] Serilog.AspNetCore.RequestLoggingMiddleware: HTTP POST /api/admin/reset responded 500 in 8.7054 ms
SupportRoom.Application.Exceptions.HttpStatusCodeException: Reset Demo Data ถูกปิดใช้งาน - ตั้ง ALLOW_DATA_RESET=true เพื่อเปิดใช้ (ใช้เฉพาะฐานข้อมูล Demo เท่านั้น)
   at SupportRoom.Application.Services.AdminService.ResetDemoData() in C:\Jabjai\SB_Ai_Supportroom\src\SupportRoom.Application\Services\IAdminService.cs:line 22
   at SupportRoom.Api.Controllers.AdminController.Reset() in C:\Jabjai\SB_Ai_Supportroom\src\SupportRoom.Api\Controllers\AdminController.cs:line 21
   at lambda_method943(Closure, Object, Object[])
   at Microsoft.AspNetCore.Mvc.Infrastructure.ActionMethodExecutor.SyncActionResultExecutor.Execute(ActionContext actionContext, IActionResultTypeMapper mapper, ObjectMethodExecutor executor, Object controller, Object[] arguments)
   at Microsoft.AspNetCore.Mvc.Infrastructure.ControllerActionInvoker.InvokeActionMethodAsync()
   at Microsoft.AspNetCore.Mvc.Infrastructure.ControllerActionInvoker.InvokeNextActionFilterAsync()
--- End of stack trace from previous location ---
   at Microsoft.AspNetCore.Mvc.Infrastructure.ControllerActionInvoker.Rethrow(ActionExecutedContextSealed context)
   at Microsoft.AspNetCore.Mvc.Infrastructure.ControllerActionInvoker.InvokeInnerFilterAsync()
--- End of stack trace from previous location ---
   at Microsoft.AspNetCore.Mvc.Infrastructure.ResourceInvoker.<InvokeFilterPipelineAsync>g__Awaited|20_0(ResourceInvoker invoker, Task lastTask, State next, Scope scope, Object state, Boolean isCompleted)
   at Microsoft.AspNetCore.Mvc.Infrastructure.ResourceInvoker.<InvokeAsync>g__Awaited|17_0(ResourceInvoker invoker, Task task, IDisposable scope)
   at Microsoft.AspNetCore.Mvc.Infrastructure.ResourceInvoker.<InvokeAsync>g__Awaited|17_0(ResourceInvoker invoker, Task task, IDisposable scope)
   at Microsoft.AspNetCore.Authorization.AuthorizationMiddleware.Invoke(HttpContext context)
   at Serilog.AspNetCore.RequestLoggingMiddleware.Invoke(HttpContext httpContext)
[2026-08-08 03:22:08.210 DBG] [0HNNKNSO8HTMV:00000015] Microsoft.EntityFrameworkCore.Infrastructure: Entity Framework Core 10.0.10 initialized 'ApplicationDbContext' using provider 'Npgsql.EntityFrameworkCore.PostgreSQL:10.0.3+5e912bf071068a44e5abbdab497b313ba99d3ee1' with options: None
[2026-08-08 03:22:08.210 DBG] [0HNNKNSO8HTMV:00000015] Microsoft.EntityFrameworkCore.Database.Connection: Creating DbConnection.
[2026-08-08 03:22:08.210 DBG] [0HNNKNSO8HTMV:00000015] Microsoft.EntityFrameworkCore.Database.Connection: Created DbConnection. (0ms).
[2026-08-08 03:22:08.210 DBG] [0HNNKNSO8HTMV:00000015] Microsoft.EntityFrameworkCore.Database.Connection: Opening connection to database 'supportroom' on server 'tcp://localhost:5432'.
[2026-08-08 03:22:08.210 DBG] [0HNNKNSO8HTMV:00000015] Microsoft.EntityFrameworkCore.Database.Connection: Opened connection to database 'supportroom' on server 'tcp://localhost:5432'.
[2026-08-08 03:22:08.210 DBG] [0HNNKNSO8HTMV:00000015] Microsoft.EntityFrameworkCore.Database.Command: Creating DbCommand for 'ExecuteReader'.
[2026-08-08 03:22:08.210 DBG] [0HNNKNSO8HTMV:00000015] Microsoft.EntityFrameworkCore.Database.Command: Created DbCommand for 'ExecuteReader' (0ms).
[2026-08-08 03:22:08.210 DBG] [0HNNKNSO8HTMV:00000015] Microsoft.EntityFrameworkCore.Database.Command: Initialized DbCommand for 'ExecuteReader' (0ms).
[2026-08-08 03:22:08.210 DBG] [0HNNKNSO8HTMV:00000015] Microsoft.EntityFrameworkCore.Database.Command: Executing DbCommand [Parameters=[], CommandType='Text', CommandTimeout='30']
SELECT l."Id", l."BreathPauseMs", l."CreateBy", l."CreateDate", l."DeleteBy", l."DeletedAt", l."Description", l."FinalQuestionWaitMs", l."IntroWaitMs", l."IsActive", l."IsDelete", l."PresentationId", l."SlidesEmbedUrl", l."SlidesSourceUrl", l."Slug", l."Title", l."UpdateBy", l."UpdateDate", l."SlideConfigs"
FROM "LessonConfig" AS l
[2026-08-08 03:22:08.213 INF] [0HNNKNSO8HTMV:00000015] Microsoft.EntityFrameworkCore.Database.Command: Executed DbCommand (3ms) [Parameters=[], CommandType='Text', CommandTimeout='30']
SELECT l."Id", l."BreathPauseMs", l."CreateBy", l."CreateDate", l."DeleteBy", l."DeletedAt", l."Description", l."FinalQuestionWaitMs", l."IntroWaitMs", l."IsActive", l."IsDelete", l."PresentationId", l."SlidesEmbedUrl", l."SlidesSourceUrl", l."Slug", l."Title", l."UpdateBy", l."UpdateDate", l."SlideConfigs"
FROM "LessonConfig" AS l
[2026-08-08 03:22:08.213 DBG] [0HNNKNSO8HTMV:00000015] Microsoft.EntityFrameworkCore.ChangeTracking: Context 'ApplicationDbContext' started tracking 'LessonConfig' entity. Consider using 'DbContextOptionsBuilder.EnableSensitiveDataLogging' to see key values.
[2026-08-08 03:22:08.213 DBG] [0HNNKNSO8HTMV:00000015] Microsoft.EntityFrameworkCore.ChangeTracking: Context 'ApplicationDbContext' started tracking 'SlideConfig' entity. Consider using 'DbContextOptionsBuilder.EnableSensitiveDataLogging' to see key values.
[2026-08-08 03:22:08.213 DBG] [0HNNKNSO8HTMV:00000015] Microsoft.EntityFrameworkCore.ChangeTracking: Context 'ApplicationDbContext' started tracking 'SlideConfig' entity. Consider using 'DbContextOptionsBuilder.EnableSensitiveDataLogging' to see key values.
[2026-08-08 03:22:08.213 DBG] [0HNNKNSO8HTMV:00000015] Microsoft.EntityFrameworkCore.ChangeTracking: Context 'ApplicationDbContext' started tracking 'SlideConfig' entity. Consider using 'DbContextOptionsBuilder.EnableSensitiveDataLogging' to see key values.
[2026-08-08 03:22:08.213 DBG] [0HNNKNSO8HTMV:00000015] Microsoft.EntityFrameworkCore.ChangeTracking: Context 'ApplicationDbContext' started tracking 'SlideConfig' entity. Consider using 'DbContextOptionsBuilder.EnableSensitiveDataLogging' to see key values.
[2026-08-08 03:22:08.213 DBG] [0HNNKNSO8HTMV:00000015] Microsoft.EntityFrameworkCore.ChangeTracking: Context 'ApplicationDbContext' started tracking 'SlideConfig' entity. Consider using 'DbContextOptionsBuilder.EnableSensitiveDataLogging' to see key values.
[2026-08-08 03:22:08.213 DBG] [0HNNKNSO8HTMV:00000015] Microsoft.EntityFrameworkCore.ChangeTracking: Context 'ApplicationDbContext' started tracking 'SlideConfig' entity. Consider using 'DbContextOptionsBuilder.EnableSensitiveDataLogging' to see key values.
[2026-08-08 03:22:08.213 DBG] [0HNNKNSO8HTMV:00000015] Microsoft.EntityFrameworkCore.Database.Command: Closing data reader to 'supportroom' on server 'tcp://localhost:5432'.
[2026-08-08 03:22:08.213 DBG] [0HNNKNSO8HTMV:00000015] Microsoft.EntityFrameworkCore.Database.Command: A data reader for 'supportroom' on server 'tcp://localhost:5432' is being disposed after spending 0ms reading results.
[2026-08-08 03:22:08.213 DBG] [0HNNKNSO8HTMV:00000015] Microsoft.EntityFrameworkCore.Database.Connection: Closing connection to database 'supportroom' on server 'tcp://localhost:5432'.
[2026-08-08 03:22:08.213 DBG] [0HNNKNSO8HTMV:00000015] Microsoft.EntityFrameworkCore.Database.Connection: Closed connection to database 'supportroom' on server 'tcp://localhost:5432' (0ms).
[2026-08-08 03:22:08.214 INF] [0HNNKNSO8HTMV:00000015] Serilog.AspNetCore.RequestLoggingMiddleware: HTTP GET /api/lessons responded 200 in 4.3626 ms
[2026-08-08 03:22:08.214 DBG] [] Microsoft.EntityFrameworkCore.Infrastructure: 'ApplicationDbContext' disposed.
[2026-08-08 03:22:08.214 DBG] [] Microsoft.EntityFrameworkCore.Database.Connection: Disposing connection to database 'supportroom' on server 'tcp://localhost:5432'.
[2026-08-08 03:22:08.214 DBG] [] Microsoft.EntityFrameworkCore.Database.Connection: Disposed connection to database 'supportroom' on server 'tcp://localhost:5432' (0ms).
[2026-08-08 03:22:08.215 DBG] [0HNNKNSO8HTMU:00000030] Microsoft.EntityFrameworkCore.Infrastructure: Entity Framework Core 10.0.10 initialized 'ApplicationDbContext' using provider 'Npgsql.EntityFrameworkCore.PostgreSQL:10.0.3+5e912bf071068a44e5abbdab497b313ba99d3ee1' with options: None
[2026-08-08 03:22:08.216 DBG] [0HNNKNSO8HTMU:00000030] Microsoft.EntityFrameworkCore.Database.Connection: Creating DbConnection.
[2026-08-08 03:22:08.216 DBG] [0HNNKNSO8HTMU:00000030] Microsoft.EntityFrameworkCore.Database.Connection: Created DbConnection. (0ms).
[2026-08-08 03:22:08.216 DBG] [0HNNKNSO8HTMU:00000030] Microsoft.EntityFrameworkCore.Database.Connection: Opening connection to database 'supportroom' on server 'tcp://localhost:5432'.
[2026-08-08 03:22:08.216 DBG] [0HNNKNSO8HTMU:00000030] Microsoft.EntityFrameworkCore.Database.Connection: Opened connection to database 'supportroom' on server 'tcp://localhost:5432'.
[2026-08-08 03:22:08.216 DBG] [0HNNKNSO8HTMU:00000030] Microsoft.EntityFrameworkCore.Database.Command: Creating DbCommand for 'ExecuteReader'.
[2026-08-08 03:22:08.216 DBG] [0HNNKNSO8HTMU:00000030] Microsoft.EntityFrameworkCore.Database.Command: Created DbCommand for 'ExecuteReader' (0ms).
[2026-08-08 03:22:08.216 DBG] [0HNNKNSO8HTMU:00000030] Microsoft.EntityFrameworkCore.Database.Command: Initialized DbCommand for 'ExecuteReader' (0ms).
[2026-08-08 03:22:08.216 DBG] [0HNNKNSO8HTMU:00000030] Microsoft.EntityFrameworkCore.Database.Command: Executing DbCommand [Parameters=[], CommandType='Text', CommandTimeout='30']
SELECT l."Id", l."BreathPauseMs", l."CreateBy", l."CreateDate", l."DeleteBy", l."DeletedAt", l."Description", l."FinalQuestionWaitMs", l."IntroWaitMs", l."IsActive", l."IsDelete", l."PresentationId", l."SlidesEmbedUrl", l."SlidesSourceUrl", l."Slug", l."Title", l."UpdateBy", l."UpdateDate", l."SlideConfigs"
FROM "LessonConfig" AS l
[2026-08-08 03:22:08.218 INF] [0HNNKNSO8HTMU:00000030] Microsoft.EntityFrameworkCore.Database.Command: Executed DbCommand (2ms) [Parameters=[], CommandType='Text', CommandTimeout='30']
SELECT l."Id", l."BreathPauseMs", l."CreateBy", l."CreateDate", l."DeleteBy", l."DeletedAt", l."Description", l."FinalQuestionWaitMs", l."IntroWaitMs", l."IsActive", l."IsDelete", l."PresentationId", l."SlidesEmbedUrl", l."SlidesSourceUrl", l."Slug", l."Title", l."UpdateBy", l."UpdateDate", l."SlideConfigs"
FROM "LessonConfig" AS l
[2026-08-08 03:22:08.218 DBG] [0HNNKNSO8HTMU:00000030] Microsoft.EntityFrameworkCore.ChangeTracking: Context 'ApplicationDbContext' started tracking 'LessonConfig' entity. Consider using 'DbContextOptionsBuilder.EnableSensitiveDataLogging' to see key values.
[2026-08-08 03:22:08.218 DBG] [0HNNKNSO8HTMU:00000030] Microsoft.EntityFrameworkCore.ChangeTracking: Context 'ApplicationDbContext' started tracking 'SlideConfig' entity. Consider using 'DbContextOptionsBuilder.EnableSensitiveDataLogging' to see key values.
[2026-08-08 03:22:08.218 DBG] [0HNNKNSO8HTMU:00000030] Microsoft.EntityFrameworkCore.ChangeTracking: Context 'ApplicationDbContext' started tracking 'SlideConfig' entity. Consider using 'DbContextOptionsBuilder.EnableSensitiveDataLogging' to see key values.
[2026-08-08 03:22:08.218 DBG] [0HNNKNSO8HTMU:00000030] Microsoft.EntityFrameworkCore.ChangeTracking: Context 'ApplicationDbContext' started tracking 'SlideConfig' entity. Consider using 'DbContextOptionsBuilder.EnableSensitiveDataLogging' to see key values.
[2026-08-08 03:22:08.218 DBG] [0HNNKNSO8HTMU:00000030] Microsoft.EntityFrameworkCore.ChangeTracking: Context 'ApplicationDbContext' started tracking 'SlideConfig' entity. Consider using 'DbContextOptionsBuilder.EnableSensitiveDataLogging' to see key values.
[2026-08-08 03:22:08.218 DBG] [0HNNKNSO8HTMU:00000030] Microsoft.EntityFrameworkCore.ChangeTracking: Context 'ApplicationDbContext' started tracking 'SlideConfig' entity. Consider using 'DbContextOptionsBuilder.EnableSensitiveDataLogging' to see key values.
[2026-08-08 03:22:08.218 DBG] [0HNNKNSO8HTMU:00000030] Microsoft.EntityFrameworkCore.ChangeTracking: Context 'ApplicationDbContext' started tracking 'SlideConfig' entity. Consider using 'DbContextOptionsBuilder.EnableSensitiveDataLogging' to see key values.
[2026-08-08 03:22:08.218 DBG] [0HNNKNSO8HTMU:00000030] Microsoft.EntityFrameworkCore.Database.Command: Closing data reader to 'supportroom' on server 'tcp://localhost:5432'.
[2026-08-08 03:22:08.218 DBG] [0HNNKNSO8HTMU:00000030] Microsoft.EntityFrameworkCore.Database.Command: A data reader for 'supportroom' on server 'tcp://localhost:5432' is being disposed after spending 0ms reading results.
[2026-08-08 03:22:08.218 DBG] [0HNNKNSO8HTMU:00000030] Microsoft.EntityFrameworkCore.Database.Connection: Closing connection to database 'supportroom' on server 'tcp://localhost:5432'.
[2026-08-08 03:22:08.218 DBG] [0HNNKNSO8HTMU:00000030] Microsoft.EntityFrameworkCore.Database.Connection: Closed connection to database 'supportroom' on server 'tcp://localhost:5432' (0ms).
[2026-08-08 03:22:08.218 INF] [0HNNKNSO8HTMU:00000030] Serilog.AspNetCore.RequestLoggingMiddleware: HTTP GET /api/lessons responded 200 in 3.7832 ms
[2026-08-08 03:22:08.219 DBG] [] Microsoft.EntityFrameworkCore.Infrastructure: 'ApplicationDbContext' disposed.
[2026-08-08 03:22:08.219 DBG] [] Microsoft.EntityFrameworkCore.Database.Connection: Disposing connection to database 'supportroom' on server 'tcp://localhost:5432'.
[2026-08-08 03:22:08.219 DBG] [] Microsoft.EntityFrameworkCore.Database.Connection: Disposed connection to database 'supportroom' on server 'tcp://localhost:5432' (0ms).
[2026-08-08 03:22:10.908 DBG] [0HNNKNSO8HTMU:00000031] Microsoft.EntityFrameworkCore.Infrastructure: Entity Framework Core 10.0.10 initialized 'ApplicationDbContext' using provider 'Npgsql.EntityFrameworkCore.PostgreSQL:10.0.3+5e912bf071068a44e5abbdab497b313ba99d3ee1' with options: None
[2026-08-08 03:22:10.908 DBG] [0HNNKNSO8HTMU:00000031] Microsoft.EntityFrameworkCore.Database.Connection: Creating DbConnection.
[2026-08-08 03:22:10.908 DBG] [0HNNKNSO8HTMU:00000031] Microsoft.EntityFrameworkCore.Database.Connection: Created DbConnection. (0ms).
[2026-08-08 03:22:10.908 DBG] [0HNNKNSO8HTMU:00000031] Microsoft.EntityFrameworkCore.Database.Connection: Opening connection to database 'supportroom' on server 'tcp://localhost:5432'.
[2026-08-08 03:22:10.908 DBG] [0HNNKNSO8HTMU:00000031] Microsoft.EntityFrameworkCore.Database.Connection: Opened connection to database 'supportroom' on server 'tcp://localhost:5432'.
[2026-08-08 03:22:10.908 DBG] [0HNNKNSO8HTMU:00000031] Microsoft.EntityFrameworkCore.Database.Command: Creating DbCommand for 'ExecuteReader'.
[2026-08-08 03:22:10.908 DBG] [0HNNKNSO8HTMU:00000031] Microsoft.EntityFrameworkCore.Database.Command: Created DbCommand for 'ExecuteReader' (0ms).
[2026-08-08 03:22:10.909 DBG] [0HNNKNSO8HTMU:00000031] Microsoft.EntityFrameworkCore.Database.Command: Initialized DbCommand for 'ExecuteReader' (0ms).
[2026-08-08 03:22:10.909 DBG] [0HNNKNSO8HTMU:00000031] Microsoft.EntityFrameworkCore.Database.Command: Executing DbCommand [Parameters=[], CommandType='Text', CommandTimeout='30']
SELECT t."Id", t."CompletedAllSlides", t."CreateBy", t."CreateDate", t."DeleteBy", t."DeletedAt", t."EndedAt", t."ExpiresAt", t."IsDelete", t."LastSlideObjectId", t."LessonId", t."LessonSlug", t."SchoolName", t."StartedAt", t."Status", t."TeacherName", t."Token", t."UpdateBy", t."UpdateDate"
FROM "TrainingSession" AS t
ORDER BY t."CreateDate" DESC
[2026-08-08 03:22:10.910 INF] [0HNNKNSO8HTMU:00000031] Microsoft.EntityFrameworkCore.Database.Command: Executed DbCommand (2ms) [Parameters=[], CommandType='Text', CommandTimeout='30']
SELECT t."Id", t."CompletedAllSlides", t."CreateBy", t."CreateDate", t."DeleteBy", t."DeletedAt", t."EndedAt", t."ExpiresAt", t."IsDelete", t."LastSlideObjectId", t."LessonId", t."LessonSlug", t."SchoolName", t."StartedAt", t."Status", t."TeacherName", t."Token", t."UpdateBy", t."UpdateDate"
FROM "TrainingSession" AS t
ORDER BY t."CreateDate" DESC
[2026-08-08 03:22:10.910 DBG] [0HNNKNSO8HTMU:00000031] Microsoft.EntityFrameworkCore.ChangeTracking: Context 'ApplicationDbContext' started tracking 'TrainingSession' entity. Consider using 'DbContextOptionsBuilder.EnableSensitiveDataLogging' to see key values.
[2026-08-08 03:22:10.911 DBG] [0HNNKNSO8HTMU:00000031] Microsoft.EntityFrameworkCore.ChangeTracking: Context 'ApplicationDbContext' started tracking 'TrainingSession' entity. Consider using 'DbContextOptionsBuilder.EnableSensitiveDataLogging' to see key values.
[2026-08-08 03:22:10.911 DBG] [0HNNKNSO8HTMU:00000031] Microsoft.EntityFrameworkCore.ChangeTracking: Context 'ApplicationDbContext' started tracking 'TrainingSession' entity. Consider using 'DbContextOptionsBuilder.EnableSensitiveDataLogging' to see key values.
[2026-08-08 03:22:10.911 DBG] [0HNNKNSO8HTMU:00000031] Microsoft.EntityFrameworkCore.ChangeTracking: Context 'ApplicationDbContext' started tracking 'TrainingSession' entity. Consider using 'DbContextOptionsBuilder.EnableSensitiveDataLogging' to see key values.
[2026-08-08 03:22:10.911 DBG] [0HNNKNSO8HTMU:00000031] Microsoft.EntityFrameworkCore.ChangeTracking: Context 'ApplicationDbContext' started tracking 'TrainingSession' entity. Consider using 'DbContextOptionsBuilder.EnableSensitiveDataLogging' to see key values.
[2026-08-08 03:22:10.911 DBG] [0HNNKNSO8HTMU:00000031] Microsoft.EntityFrameworkCore.Database.Command: Closing data reader to 'supportroom' on server 'tcp://localhost:5432'.
[2026-08-08 03:22:10.911 DBG] [0HNNKNSO8HTMU:00000031] Microsoft.EntityFrameworkCore.Database.Command: A data reader for 'supportroom' on server 'tcp://localhost:5432' is being disposed after spending 0ms reading results.
[2026-08-08 03:22:10.911 DBG] [0HNNKNSO8HTMU:00000031] Microsoft.EntityFrameworkCore.Database.Connection: Closing connection to database 'supportroom' on server 'tcp://localhost:5432'.
[2026-08-08 03:22:10.911 DBG] [0HNNKNSO8HTMU:00000031] Microsoft.EntityFrameworkCore.Database.Connection: Closed connection to database 'supportroom' on server 'tcp://localhost:5432' (0ms).
[2026-08-08 03:22:10.911 INF] [0HNNKNSO8HTMU:00000031] Serilog.AspNetCore.RequestLoggingMiddleware: HTTP GET /api/sessions responded 200 in 3.6077 ms
[2026-08-08 03:22:10.911 DBG] [] Microsoft.EntityFrameworkCore.Infrastructure: 'ApplicationDbContext' disposed.
[2026-08-08 03:22:10.911 DBG] [] Microsoft.EntityFrameworkCore.Database.Connection: Disposing connection to database 'supportroom' on server 'tcp://localhost:5432'.
[2026-08-08 03:22:10.911 DBG] [] Microsoft.EntityFrameworkCore.Database.Connection: Disposed connection to database 'supportroom' on server 'tcp://localhost:5432' (0ms).
[2026-08-08 03:22:10.913 DBG] [0HNNKNSO8HTMV:00000016] Microsoft.EntityFrameworkCore.Infrastructure: Entity Framework Core 10.0.10 initialized 'ApplicationDbContext' using provider 'Npgsql.EntityFrameworkCore.PostgreSQL:10.0.3+5e912bf071068a44e5abbdab497b313ba99d3ee1' with options: None
[2026-08-08 03:22:10.913 DBG] [0HNNKNSO8HTMV:00000016] Microsoft.EntityFrameworkCore.Database.Connection: Creating DbConnection.
[2026-08-08 03:22:10.914 DBG] [0HNNKNSO8HTMV:00000016] Microsoft.EntityFrameworkCore.Database.Connection: Created DbConnection. (0ms).
[2026-08-08 03:22:10.914 DBG] [0HNNKNSO8HTMV:00000016] Microsoft.EntityFrameworkCore.Database.Connection: Opening connection to database 'supportroom' on server 'tcp://localhost:5432'.
[2026-08-08 03:22:10.914 DBG] [0HNNKNSO8HTMV:00000016] Microsoft.EntityFrameworkCore.Database.Connection: Opened connection to database 'supportroom' on server 'tcp://localhost:5432'.
[2026-08-08 03:22:10.914 DBG] [0HNNKNSO8HTMV:00000016] Microsoft.EntityFrameworkCore.Database.Command: Creating DbCommand for 'ExecuteReader'.
[2026-08-08 03:22:10.914 DBG] [0HNNKNSO8HTMV:00000016] Microsoft.EntityFrameworkCore.Database.Command: Created DbCommand for 'ExecuteReader' (0ms).
[2026-08-08 03:22:10.914 DBG] [0HNNKNSO8HTMV:00000016] Microsoft.EntityFrameworkCore.Database.Command: Initialized DbCommand for 'ExecuteReader' (0ms).
[2026-08-08 03:22:10.914 DBG] [0HNNKNSO8HTMV:00000016] Microsoft.EntityFrameworkCore.Database.Command: Executing DbCommand [Parameters=[], CommandType='Text', CommandTimeout='30']
SELECT t."Id", t."CompletedAllSlides", t."CreateBy", t."CreateDate", t."DeleteBy", t."DeletedAt", t."EndedAt", t."ExpiresAt", t."IsDelete", t."LastSlideObjectId", t."LessonId", t."LessonSlug", t."SchoolName", t."StartedAt", t."Status", t."TeacherName", t."Token", t."UpdateBy", t."UpdateDate"
FROM "TrainingSession" AS t
ORDER BY t."CreateDate" DESC
[2026-08-08 03:22:10.916 INF] [0HNNKNSO8HTMV:00000016] Microsoft.EntityFrameworkCore.Database.Command: Executed DbCommand (2ms) [Parameters=[], CommandType='Text', CommandTimeout='30']
SELECT t."Id", t."CompletedAllSlides", t."CreateBy", t."CreateDate", t."DeleteBy", t."DeletedAt", t."EndedAt", t."ExpiresAt", t."IsDelete", t."LastSlideObjectId", t."LessonId", t."LessonSlug", t."SchoolName", t."StartedAt", t."Status", t."TeacherName", t."Token", t."UpdateBy", t."UpdateDate"
FROM "TrainingSession" AS t
ORDER BY t."CreateDate" DESC
[2026-08-08 03:22:10.916 DBG] [0HNNKNSO8HTMV:00000016] Microsoft.EntityFrameworkCore.ChangeTracking: Context 'ApplicationDbContext' started tracking 'TrainingSession' entity. Consider using 'DbContextOptionsBuilder.EnableSensitiveDataLogging' to see key values.
[2026-08-08 03:22:10.916 DBG] [0HNNKNSO8HTMV:00000016] Microsoft.EntityFrameworkCore.ChangeTracking: Context 'ApplicationDbContext' started tracking 'TrainingSession' entity. Consider using 'DbContextOptionsBuilder.EnableSensitiveDataLogging' to see key values.
[2026-08-08 03:22:10.916 DBG] [0HNNKNSO8HTMV:00000016] Microsoft.EntityFrameworkCore.ChangeTracking: Context 'ApplicationDbContext' started tracking 'TrainingSession' entity. Consider using 'DbContextOptionsBuilder.EnableSensitiveDataLogging' to see key values.
[2026-08-08 03:22:10.916 DBG] [0HNNKNSO8HTMV:00000016] Microsoft.EntityFrameworkCore.ChangeTracking: Context 'ApplicationDbContext' started tracking 'TrainingSession' entity. Consider using 'DbContextOptionsBuilder.EnableSensitiveDataLogging' to see key values.
[2026-08-08 03:22:10.917 DBG] [0HNNKNSO8HTMV:00000016] Microsoft.EntityFrameworkCore.ChangeTracking: Context 'ApplicationDbContext' started tracking 'TrainingSession' entity. Consider using 'DbContextOptionsBuilder.EnableSensitiveDataLogging' to see key values.
[2026-08-08 03:22:10.917 DBG] [0HNNKNSO8HTMV:00000016] Microsoft.EntityFrameworkCore.Database.Command: Closing data reader to 'supportroom' on server 'tcp://localhost:5432'.
[2026-08-08 03:22:10.917 DBG] [0HNNKNSO8HTMV:00000016] Microsoft.EntityFrameworkCore.Database.Command: A data reader for 'supportroom' on server 'tcp://localhost:5432' is being disposed after spending 0ms reading results.
[2026-08-08 03:22:10.917 DBG] [0HNNKNSO8HTMV:00000016] Microsoft.EntityFrameworkCore.Database.Connection: Closing connection to database 'supportroom' on server 'tcp://localhost:5432'.
[2026-08-08 03:22:10.917 DBG] [0HNNKNSO8HTMV:00000016] Microsoft.EntityFrameworkCore.Database.Connection: Closed connection to database 'supportroom' on server 'tcp://localhost:5432' (0ms).
[2026-08-08 03:22:10.917 INF] [0HNNKNSO8HTMV:00000016] Serilog.AspNetCore.RequestLoggingMiddleware: HTTP GET /api/sessions responded 200 in 4.3815 ms
[2026-08-08 03:22:10.917 DBG] [] Microsoft.EntityFrameworkCore.Infrastructure: 'ApplicationDbContext' disposed.
[2026-08-08 03:22:10.917 DBG] [] Microsoft.EntityFrameworkCore.Database.Connection: Disposing connection to database 'supportroom' on server 'tcp://localhost:5432'.
[2026-08-08 03:22:10.917 DBG] [] Microsoft.EntityFrameworkCore.Database.Connection: Disposed connection to database 'supportroom' on server 'tcp://localhost:5432' (0ms).
[2026-08-08 03:22:11.917 DBG] [0HNNKNSO8HTMV:00000017] Microsoft.EntityFrameworkCore.Infrastructure: Entity Framework Core 10.0.10 initialized 'ApplicationDbContext' using provider 'Npgsql.EntityFrameworkCore.PostgreSQL:10.0.3+5e912bf071068a44e5abbdab497b313ba99d3ee1' with options: None
[2026-08-08 03:22:11.917 DBG] [0HNNKNSO8HTMV:00000017] Microsoft.EntityFrameworkCore.Database.Connection: Creating DbConnection.
[2026-08-08 03:22:11.917 DBG] [0HNNKNSO8HTMV:00000017] Microsoft.EntityFrameworkCore.Database.Connection: Created DbConnection. (0ms).
[2026-08-08 03:22:11.917 DBG] [0HNNKNSO8HTMV:00000017] Microsoft.EntityFrameworkCore.Database.Connection: Opening connection to database 'supportroom' on server 'tcp://localhost:5432'.
[2026-08-08 03:22:11.917 DBG] [0HNNKNSO8HTMV:00000017] Microsoft.EntityFrameworkCore.Database.Connection: Opened connection to database 'supportroom' on server 'tcp://localhost:5432'.
[2026-08-08 03:22:11.918 DBG] [0HNNKNSO8HTMV:00000017] Microsoft.EntityFrameworkCore.Database.Command: Creating DbCommand for 'ExecuteReader'.
[2026-08-08 03:22:11.918 DBG] [0HNNKNSO8HTMV:00000017] Microsoft.EntityFrameworkCore.Database.Command: Created DbCommand for 'ExecuteReader' (0ms).
[2026-08-08 03:22:11.918 DBG] [0HNNKNSO8HTMV:00000017] Microsoft.EntityFrameworkCore.Database.Command: Initialized DbCommand for 'ExecuteReader' (0ms).
[2026-08-08 03:22:11.918 DBG] [0HNNKNSO8HTMV:00000017] Microsoft.EntityFrameworkCore.Database.Command: Executing DbCommand [Parameters=[], CommandType='Text', CommandTimeout='30']
SELECT d."Id", d."ContentType", d."CreateBy", d."CreateDate", d."DeleteBy", d."DeletedAt", d."FileName", d."IndexedChunkCount", d."IndexingStatus", d."IsDelete", d."LessonId", d."ObsBucket", d."ObsKey", d."SizeBytes", d."UpdateBy", d."UpdateDate"
FROM "DocumentResource" AS d
WHERE d."LessonId" IS NULL
ORDER BY d."CreateDate" DESC
[2026-08-08 03:22:11.920 INF] [0HNNKNSO8HTMV:00000017] Microsoft.EntityFrameworkCore.Database.Command: Executed DbCommand (2ms) [Parameters=[], CommandType='Text', CommandTimeout='30']
SELECT d."Id", d."ContentType", d."CreateBy", d."CreateDate", d."DeleteBy", d."DeletedAt", d."FileName", d."IndexedChunkCount", d."IndexingStatus", d."IsDelete", d."LessonId", d."ObsBucket", d."ObsKey", d."SizeBytes", d."UpdateBy", d."UpdateDate"
FROM "DocumentResource" AS d
WHERE d."LessonId" IS NULL
ORDER BY d."CreateDate" DESC
[2026-08-08 03:22:11.920 DBG] [0HNNKNSO8HTMV:00000017] Microsoft.EntityFrameworkCore.ChangeTracking: Context 'ApplicationDbContext' started tracking 'DocumentResource' entity. Consider using 'DbContextOptionsBuilder.EnableSensitiveDataLogging' to see key values.
[2026-08-08 03:22:11.920 DBG] [0HNNKNSO8HTMV:00000017] Microsoft.EntityFrameworkCore.ChangeTracking: Context 'ApplicationDbContext' started tracking 'DocumentResource' entity. Consider using 'DbContextOptionsBuilder.EnableSensitiveDataLogging' to see key values.
[2026-08-08 03:22:11.920 DBG] [0HNNKNSO8HTMV:00000017] Microsoft.EntityFrameworkCore.ChangeTracking: Context 'ApplicationDbContext' started tracking 'DocumentResource' entity. Consider using 'DbContextOptionsBuilder.EnableSensitiveDataLogging' to see key values.
[2026-08-08 03:22:11.920 DBG] [0HNNKNSO8HTMV:00000017] Microsoft.EntityFrameworkCore.ChangeTracking: Context 'ApplicationDbContext' started tracking 'DocumentResource' entity. Consider using 'DbContextOptionsBuilder.EnableSensitiveDataLogging' to see key values.
[2026-08-08 03:22:11.920 DBG] [0HNNKNSO8HTMV:00000017] Microsoft.EntityFrameworkCore.ChangeTracking: Context 'ApplicationDbContext' started tracking 'DocumentResource' entity. Consider using 'DbContextOptionsBuilder.EnableSensitiveDataLogging' to see key values.
[2026-08-08 03:22:11.920 DBG] [0HNNKNSO8HTMV:00000017] Microsoft.EntityFrameworkCore.ChangeTracking: Context 'ApplicationDbContext' started tracking 'DocumentResource' entity. Consider using 'DbContextOptionsBuilder.EnableSensitiveDataLogging' to see key values.
[2026-08-08 03:22:11.920 DBG] [0HNNKNSO8HTMV:00000017] Microsoft.EntityFrameworkCore.ChangeTracking: Context 'ApplicationDbContext' started tracking 'DocumentResource' entity. Consider using 'DbContextOptionsBuilder.EnableSensitiveDataLogging' to see key values.
[2026-08-08 03:22:11.920 DBG] [0HNNKNSO8HTMV:00000017] Microsoft.EntityFrameworkCore.ChangeTracking: Context 'ApplicationDbContext' started tracking 'DocumentResource' entity. Consider using 'DbContextOptionsBuilder.EnableSensitiveDataLogging' to see key values.
[2026-08-08 03:22:11.920 DBG] [0HNNKNSO8HTMV:00000017] Microsoft.EntityFrameworkCore.Database.Command: Closing data reader to 'supportroom' on server 'tcp://localhost:5432'.
[2026-08-08 03:22:11.920 DBG] [0HNNKNSO8HTMV:00000017] Microsoft.EntityFrameworkCore.Database.Command: A data reader for 'supportroom' on server 'tcp://localhost:5432' is being disposed after spending 0ms reading results.
[2026-08-08 03:22:11.920 DBG] [0HNNKNSO8HTMV:00000017] Microsoft.EntityFrameworkCore.Database.Connection: Closing connection to database 'supportroom' on server 'tcp://localhost:5432'.
[2026-08-08 03:22:11.921 DBG] [0HNNKNSO8HTMV:00000017] Microsoft.EntityFrameworkCore.Database.Connection: Closed connection to database 'supportroom' on server 'tcp://localhost:5432' (0ms).
[2026-08-08 03:22:11.921 INF] [0HNNKNSO8HTMV:00000017] Serilog.AspNetCore.RequestLoggingMiddleware: HTTP GET /api/documents responded 200 in 4.2921 ms
[2026-08-08 03:22:11.921 DBG] [] Microsoft.EntityFrameworkCore.Infrastructure: 'ApplicationDbContext' disposed.
[2026-08-08 03:22:11.921 DBG] [] Microsoft.EntityFrameworkCore.Database.Connection: Disposing connection to database 'supportroom' on server 'tcp://localhost:5432'.
[2026-08-08 03:22:11.921 DBG] [] Microsoft.EntityFrameworkCore.Database.Connection: Disposed connection to database 'supportroom' on server 'tcp://localhost:5432' (0ms).
[2026-08-08 03:22:11.922 DBG] [0HNNKNSO8HTMU:00000032] Microsoft.EntityFrameworkCore.Infrastructure: Entity Framework Core 10.0.10 initialized 'ApplicationDbContext' using provider 'Npgsql.EntityFrameworkCore.PostgreSQL:10.0.3+5e912bf071068a44e5abbdab497b313ba99d3ee1' with options: None
[2026-08-08 03:22:11.922 DBG] [0HNNKNSO8HTMU:00000032] Microsoft.EntityFrameworkCore.Database.Connection: Creating DbConnection.
[2026-08-08 03:22:11.923 DBG] [0HNNKNSO8HTMU:00000032] Microsoft.EntityFrameworkCore.Database.Connection: Created DbConnection. (0ms).
[2026-08-08 03:22:11.923 DBG] [0HNNKNSO8HTMU:00000032] Microsoft.EntityFrameworkCore.Database.Connection: Opening connection to database 'supportroom' on server 'tcp://localhost:5432'.
[2026-08-08 03:22:11.923 DBG] [0HNNKNSO8HTMU:00000032] Microsoft.EntityFrameworkCore.Database.Connection: Opened connection to database 'supportroom' on server 'tcp://localhost:5432'.
[2026-08-08 03:22:11.923 DBG] [0HNNKNSO8HTMU:00000032] Microsoft.EntityFrameworkCore.Database.Command: Creating DbCommand for 'ExecuteReader'.
[2026-08-08 03:22:11.923 DBG] [0HNNKNSO8HTMU:00000032] Microsoft.EntityFrameworkCore.Database.Command: Created DbCommand for 'ExecuteReader' (0ms).
[2026-08-08 03:22:11.923 DBG] [0HNNKNSO8HTMU:00000032] Microsoft.EntityFrameworkCore.Database.Command: Initialized DbCommand for 'ExecuteReader' (0ms).
[2026-08-08 03:22:11.923 DBG] [0HNNKNSO8HTMU:00000032] Microsoft.EntityFrameworkCore.Database.Command: Executing DbCommand [Parameters=[], CommandType='Text', CommandTimeout='30']
SELECT d."Id", d."ContentType", d."CreateBy", d."CreateDate", d."DeleteBy", d."DeletedAt", d."FileName", d."IndexedChunkCount", d."IndexingStatus", d."IsDelete", d."LessonId", d."ObsBucket", d."ObsKey", d."SizeBytes", d."UpdateBy", d."UpdateDate"
FROM "DocumentResource" AS d
WHERE d."LessonId" IS NULL
ORDER BY d."CreateDate" DESC
[2026-08-08 03:22:11.925 INF] [0HNNKNSO8HTMU:00000032] Microsoft.EntityFrameworkCore.Database.Command: Executed DbCommand (2ms) [Parameters=[], CommandType='Text', CommandTimeout='30']
SELECT d."Id", d."ContentType", d."CreateBy", d."CreateDate", d."DeleteBy", d."DeletedAt", d."FileName", d."IndexedChunkCount", d."IndexingStatus", d."IsDelete", d."LessonId", d."ObsBucket", d."ObsKey", d."SizeBytes", d."UpdateBy", d."UpdateDate"
FROM "DocumentResource" AS d
WHERE d."LessonId" IS NULL
ORDER BY d."CreateDate" DESC
[2026-08-08 03:22:11.925 DBG] [0HNNKNSO8HTMU:00000032] Microsoft.EntityFrameworkCore.ChangeTracking: Context 'ApplicationDbContext' started tracking 'DocumentResource' entity. Consider using 'DbContextOptionsBuilder.EnableSensitiveDataLogging' to see key values.
[2026-08-08 03:22:11.925 DBG] [0HNNKNSO8HTMU:00000032] Microsoft.EntityFrameworkCore.ChangeTracking: Context 'ApplicationDbContext' started tracking 'DocumentResource' entity. Consider using 'DbContextOptionsBuilder.EnableSensitiveDataLogging' to see key values.
[2026-08-08 03:22:11.925 DBG] [0HNNKNSO8HTMU:00000032] Microsoft.EntityFrameworkCore.ChangeTracking: Context 'ApplicationDbContext' started tracking 'DocumentResource' entity. Consider using 'DbContextOptionsBuilder.EnableSensitiveDataLogging' to see key values.
[2026-08-08 03:22:11.925 DBG] [0HNNKNSO8HTMU:00000032] Microsoft.EntityFrameworkCore.ChangeTracking: Context 'ApplicationDbContext' started tracking 'DocumentResource' entity. Consider using 'DbContextOptionsBuilder.EnableSensitiveDataLogging' to see key values.
[2026-08-08 03:22:11.925 DBG] [0HNNKNSO8HTMU:00000032] Microsoft.EntityFrameworkCore.ChangeTracking: Context 'ApplicationDbContext' started tracking 'DocumentResource' entity. Consider using 'DbContextOptionsBuilder.EnableSensitiveDataLogging' to see key values.
[2026-08-08 03:22:11.925 DBG] [0HNNKNSO8HTMU:00000032] Microsoft.EntityFrameworkCore.ChangeTracking: Context 'ApplicationDbContext' started tracking 'DocumentResource' entity. Consider using 'DbContextOptionsBuilder.EnableSensitiveDataLogging' to see key values.
[2026-08-08 03:22:11.925 DBG] [0HNNKNSO8HTMU:00000032] Microsoft.EntityFrameworkCore.ChangeTracking: Context 'ApplicationDbContext' started tracking 'DocumentResource' entity. Consider using 'DbContextOptionsBuilder.EnableSensitiveDataLogging' to see key values.
[2026-08-08 03:22:11.925 DBG] [0HNNKNSO8HTMU:00000032] Microsoft.EntityFrameworkCore.ChangeTracking: Context 'ApplicationDbContext' started tracking 'DocumentResource' entity. Consider using 'DbContextOptionsBuilder.EnableSensitiveDataLogging' to see key values.
[2026-08-08 03:22:11.925 DBG] [0HNNKNSO8HTMU:00000032] Microsoft.EntityFrameworkCore.Database.Command: Closing data reader to 'supportroom' on server 'tcp://localhost:5432'.
[2026-08-08 03:22:11.926 DBG] [0HNNKNSO8HTMU:00000032] Microsoft.EntityFrameworkCore.Database.Command: A data reader for 'supportroom' on server 'tcp://localhost:5432' is being disposed after spending 0ms reading results.
[2026-08-08 03:22:11.926 DBG] [0HNNKNSO8HTMU:00000032] Microsoft.EntityFrameworkCore.Database.Connection: Closing connection to database 'supportroom' on server 'tcp://localhost:5432'.
[2026-08-08 03:22:11.926 DBG] [0HNNKNSO8HTMU:00000032] Microsoft.EntityFrameworkCore.Database.Connection: Closed connection to database 'supportroom' on server 'tcp://localhost:5432' (0ms).
[2026-08-08 03:22:11.926 INF] [0HNNKNSO8HTMU:00000032] Serilog.AspNetCore.RequestLoggingMiddleware: HTTP GET /api/documents responded 200 in 4.2155 ms
[2026-08-08 03:22:11.926 DBG] [] Microsoft.EntityFrameworkCore.Infrastructure: 'ApplicationDbContext' disposed.
[2026-08-08 03:22:11.926 DBG] [] Microsoft.EntityFrameworkCore.Database.Connection: Disposing connection to database 'supportroom' on server 'tcp://localhost:5432'.
[2026-08-08 03:22:11.926 DBG] [] Microsoft.EntityFrameworkCore.Database.Connection: Disposed connection to database 'supportroom' on server 'tcp://localhost:5432' (0ms).
[2026-08-08 03:23:27.426 INF] [0HNNKNSO8HTN4:00000001] Serilog.AspNetCore.RequestLoggingMiddleware: HTTP GET /api/health responded 200 in 0.5932 ms
